[2026-07-06 12:17:43] local.ERROR: SQLSTATE[HY000] [1049] Unknown database 'ecommerce' (Connection: mysql, SQL: select table_name as `name`, (data_length + index_length) as `size`, table_comment as `comment`, engine as `engine`, table_collation as `collation` from information_schema.tables where table_schema = 'ecommerce' and table_type in ('BASE TABLE', 'SYSTEM VERSIONED') order by table_name) {"exception":"[object] (Illuminate\\Database\\QueryException(code: 1049): SQLSTATE[HY000] [1049] Unknown database 'ecommerce' (Connection: mysql, SQL: select table_name as `name`, (data_length + index_length) as `size`, table_comment as `comment`, engine as `engine`, table_collation as `collation` from information_schema.tables where table_schema = 'ecommerce' and table_type in ('BASE TABLE', 'SYSTEM VERSIONED') order by table_name) at C:/Users/admin/Desktop/flutter/ecommerce_java/lib/ecommerce-project/vendor/laravel/framework/src/Illuminate/Database/Connection.php:829)
[stacktrace]
#0 C:/Users/admin/Desktop/flutter/ecommerce_java/lib/ecommerce-project/vendor/laravel/framework/src/Illuminate/Database/Connection.php(783): Illuminate/Database/Connection->runQueryCallback('select table_na...', Array, Object(Closure))
#1 C:/Users/admin/Desktop/flutter/ecommerce_java/lib/ecommerce-project/vendor/laravel/framework/src/Illuminate/Database/Connection.php(414): Illuminate/Database/Connection->run('select table_na...', Array, Object(Closure))
#2 C:/Users/admin/Desktop/flutter/ecommerce_java/lib/ecommerce-project/vendor/laravel/framework/src/Illuminate/Database/Connection.php(401): Illuminate/Database/Connection->select('select table_na...', Array, false)
#3 C:/Users/admin/Desktop/flutter/ecommerce_java/lib/ecommerce-project/vendor/laravel/framework/src/Illuminate/Database/Schema/MySqlBuilder.php(41): Illuminate/Database/Connection->selectFromWriteConnection('select table_na...')
#4 C:/Users/admin/Desktop/flutter/ecommerce_java/lib/ecommerce-project/vendor/laravel/framework/src/Illuminate/Database/Schema/Builder.php(165): Illuminate/Database/Schema/MySqlBuilder->getTables(false)
#5 C:/Users/admin/Desktop/flutter/ecommerce_java/lib/ecommerce-project/vendor/laravel/framework/src/Illuminate/Database/Migrations/DatabaseMigrationRepository.php(184): Illuminate/Database/Schema/Builder->hasTable('migrations')
#6 C:/Users/admin/Desktop/flutter/ecommerce_java/lib/ecommerce-project/vendor/laravel/framework/src/Illuminate/Database/Migrations/Migrator.php(727): Illuminate/Database/Migrations/DatabaseMigrationRepository->repositoryExists()
#7 C:/Users/admin/Desktop/flutter/ecommerce_java/lib/ecommerce-project/vendor/laravel/framework/src/Illuminate/Database/Console/Migrations/MigrateCommand.php(140): Illuminate/Database/Migrations/Migrator->repositoryExists()
#8 C:/Users/admin/Desktop/flutter/ecommerce_java/lib/ecommerce-project/vendor/laravel/framework/src/Illuminate/Support/helpers.php(261): Illuminate/Database/Console/Migrations/MigrateCommand->Illuminate/Database/Console/Migrations/{closure}(1)
#9 C:/Users/admin/Desktop/flutter/ecommerce_java/lib/ecommerce-project/vendor/laravel/framework/src/Illuminate/Database/Console/Migrations/MigrateCommand.php(140): retry(1, Object(Closure), 0, Object(Closure))
#10 C:/Users/admin/Desktop/flutter/ecommerce_java/lib/ecommerce-project/vendor/laravel/framework/src/Illuminate/Database/Console/Migrations/MigrateCommand.php(116): Illuminate/Database/Console/Migrations/MigrateCommand->repositoryExists()
#11 C:/Users/admin/Desktop/flutter/ecommerce_java/lib/ecommerce-project/vendor/laravel/framework/src/Illuminate/Database/Console/Migrations/MigrateCommand.php(84): Illuminate/Database/Console/Migrations/MigrateCommand->prepareDatabase()
#12 C:/Users/admin/Desktop/flutter/ecommerce_java/lib/ecommerce-project/vendor/laravel/framework/src/Illuminate/Database/Migrations/Migrator.php(641): Illuminate/Database/Console/Migrations/MigrateCommand->Illuminate/Database/Console/Migrations/{closure}()
#13 C:/Users/admin/Desktop/flutter/ecommerce_java/lib/ecommerce-project/vendor/laravel/framework/src/Illuminate/Database/Console/Migrations/MigrateCommand.php(83): Illuminate/Database/Migrations/Migrator->usingConnection(NULL, Object(Closure))
#14 C:/Users/admin/Desktop/flutter/ecommerce_java/lib/ecommerce-project/vendor/laravel/framework/src/Illuminate/Container/BoundMethod.php(36): Illuminate/Database/Console/Migrations/MigrateCommand->handle()
#15 C:/Users/admin/Desktop/flutter/ecommerce_java/lib/ecommerce-project/vendor/laravel/framework/src/Illuminate/Container/Util.php(41): Illuminate/Container/BoundMethod::Illuminate/Container/{closure}()
#16 C:/Users/admin/Desktop/flutter/ecommerce_java/lib/ecommerce-project/vendor/laravel/framework/src/Illuminate/Container/BoundMethod.php(93): Illuminate/Container/Util::unwrapIfClosure(Object(Closure))
#17 C:/Users/admin/Desktop/flutter/ecommerce_java/lib/ecommerce-project/vendor/laravel/framework/src/Illuminate/Container/BoundMethod.php(35): Illuminate/Container/BoundMethod::callBoundMethod(Object(Illuminate/Foundation/Application), Array, Object(Closure))
#18 C:/Users/admin/Desktop/flutter/ecommerce_java/lib/ecommerce-project/vendor/laravel/framework/src/Illuminate/Container/Container.php(662): Illuminate/Container/BoundMethod::call(Object(Illuminate/Foundation/Application), Array, Array, NULL)
#19 C:/Users/admin/Desktop/flutter/ecommerce_java/lib/ecommerce-project/vendor/laravel/framework/src/Illuminate/Console/Command.php(211): Illuminate/Container/Container->call(Array)
#20 C:/Users/admin/Desktop/flutter/ecommerce_java/lib/ecommerce-project/vendor/symfony/console/Command/Command.php(326): Illuminate/Console/Command->execute(Object(Symfony/Component/Console/Input/ArgvInput), Object(Illuminate/Console/OutputStyle))
#21 C:/Users/admin/Desktop/flutter/ecommerce_java/lib/ecommerce-project/vendor/laravel/framework/src/Illuminate/Console/Command.php(180): Symfony/Component/Console/Command/Command->run(Object(Symfony/Component/Console/Input/ArgvInput), Object(Illuminate/Console/OutputStyle))
#22 C:/Users/admin/Desktop/flutter/ecommerce_java/lib/ecommerce-project/vendor/symfony/console/Application.php(1121): Illuminate/Console/Command->run(Object(Symfony/Component/Console/Input/ArgvInput), Object(Symfony/Component/Console/Output/ConsoleOutput))
#23 C:/Users/admin/Desktop/flutter/ecommerce_java/lib/ecommerce-project/vendor/symfony/console/Application.php(324): Symfony/Component/Console/Application->doRunCommand(Object(Illuminate/Database/Console/Migrations/MigrateCommand), Object(Symfony/Component/Console/Input/ArgvInput), Object(Symfony/Component/Console/Output/ConsoleOutput))
#24 C:/Users/admin/Desktop/flutter/ecommerce_java/lib/ecommerce-project/vendor/symfony/console/Application.php(175): Symfony/Component/Console/Application->doRun(Object(Symfony/Component/Console/Input/ArgvInput), Object(Symfony/Component/Console/Output/ConsoleOutput))
#25 C:/Users/admin/Desktop/flutter/ecommerce_java/lib/ecommerce-project/vendor/laravel/framework/src/Illuminate/Foundation/Console/Kernel.php(201): Symfony/Component/Console/Application->run(Object(Symfony/Component/Console/Input/ArgvInput), Object(Symfony/Component/Console/Output/ConsoleOutput))
#26 C:/Users/admin/Desktop/flutter/ecommerce_java/lib/ecommerce-project/artisan(35): Illuminate/Foundation/Console/Kernel->handle(Object(Symfony/Component/Console/Input/ArgvInput), Object(Symfony/Component/Console/Output/ConsoleOutput))
#27 {main}

[previous exception] [object] (PDOException(code: 1049): SQLSTATE[HY000] [1049] Unknown database 'ecommerce' at C:/Users/admin/Desktop/flutter/ecommerce_java/lib/ecommerce-project/vendor/laravel/framework/src/Illuminate/Database/Connectors/Connector.php:65)
[stacktrace]
#0 C:/Users/admin/Desktop/flutter/ecommerce_java/lib/ecommerce-project/vendor/laravel/framework/src/Illuminate/Database/Connectors/Connector.php(65): PDO->__construct('mysql:host=127....', 'root', Object(SensitiveParameterValue), Array)
#1 C:/Users/admin/Desktop/flutter/ecommerce_java/lib/ecommerce-project/vendor/laravel/framework/src/Illuminate/Database/Connectors/Connector.php(44): Illuminate/Database/Connectors/Connector->createPdoConnection('mysql:host=127....', 'root', 'admin@sql122', Array)
#2 C:/Users/admin/Desktop/flutter/ecommerce_java/lib/ecommerce-project/vendor/laravel/framework/src/Illuminate/Database/Connectors/MySqlConnector.php(24): Illuminate/Database/Connectors/Connector->createConnection('mysql:host=127....', Array, Array)
#3 C:/Users/admin/Desktop/flutter/ecommerce_java/lib/ecommerce-project/vendor/laravel/framework/src/Illuminate/Database/Connectors/ConnectionFactory.php(184): Illuminate/Database/Connectors/MySqlConnector->connect(Array)
#4 [internal function]: Illuminate/Database/Connectors/ConnectionFactory->Illuminate/Database/Connectors/{closure}()
#5 C:/Users/admin/Desktop/flutter/ecommerce_java/lib/ecommerce-project/vendor/laravel/framework/src/Illuminate/Database/Connection.php(1339): call_user_func(Object(Closure))
#6 C:/Users/admin/Desktop/flutter/ecommerce_java/lib/ecommerce-project/vendor/laravel/framework/src/Illuminate/Database/Connection.php(528): Illuminate/Database/Connection->getPdo()
#7 C:/Users/admin/Desktop/flutter/ecommerce_java/lib/ecommerce-project/vendor/laravel/framework/src/Illuminate/Database/Connection.php(423): Illuminate/Database/Connection->getPdoForSelect(false)
#8 C:/Users/admin/Desktop/flutter/ecommerce_java/lib/ecommerce-project/vendor/laravel/framework/src/Illuminate/Database/Connection.php(816): Illuminate/Database/Connection->Illuminate/Database/{closure}('select table_na...', Array)
#9 C:/Users/admin/Desktop/flutter/ecommerce_java/lib/ecommerce-project/vendor/laravel/framework/src/Illuminate/Database/Connection.php(783): Illuminate/Database/Connection->runQueryCallback('select table_na...', Array, Object(Closure))
#10 C:/Users/admin/Desktop/flutter/ecommerce_java/lib/ecommerce-project/vendor/laravel/framework/src/Illuminate/Database/Connection.php(414): Illuminate/Database/Connection->run('select table_na...', Array, Object(Closure))
#11 C:/Users/admin/Desktop/flutter/ecommerce_java/lib/ecommerce-project/vendor/laravel/framework/src/Illuminate/Database/Connection.php(401): Illuminate/Database/Connection->select('select table_na...', Array, false)
#12 C:/Users/admin/Desktop/flutter/ecommerce_java/lib/ecommerce-project/vendor/laravel/framework/src/Illuminate/Database/Schema/MySqlBuilder.php(41): Illuminate/Database/Connection->selectFromWriteConnection('select table_na...')
#13 C:/Users/admin/Desktop/flutter/ecommerce_java/lib/ecommerce-project/vendor/laravel/framework/src/Illuminate/Database/Schema/Builder.php(165): Illuminate/Database/Schema/MySqlBuilder->getTables(false)
#14 C:/Users/admin/Desktop/flutter/ecommerce_java/lib/ecommerce-project/vendor/laravel/framework/src/Illuminate/Database/Migrations/DatabaseMigrationRepository.php(184): Illuminate/Database/Schema/Builder->hasTable('migrations')
#15 C:/Users/admin/Desktop/flutter/ecommerce_java/lib/ecommerce-project/vendor/laravel/framework/src/Illuminate/Database/Migrations/Migrator.php(727): Illuminate/Database/Migrations/DatabaseMigrationRepository->repositoryExists()
#16 C:/Users/admin/Desktop/flutter/ecommerce_java/lib/ecommerce-project/vendor/laravel/framework/src/Illuminate/Database/Console/Migrations/MigrateCommand.php(140): Illuminate/Database/Migrations/Migrator->repositoryExists()
#17 C:/Users/admin/Desktop/flutter/ecommerce_java/lib/ecommerce-project/vendor/laravel/framework/src/Illuminate/Support/helpers.php(261): Illuminate/Database/Console/Migrations/MigrateCommand->Illuminate/Database/Console/Migrations/{closure}(1)
#18 C:/Users/admin/Desktop/flutter/ecommerce_java/lib/ecommerce-project/vendor/laravel/framework/src/Illuminate/Database/Console/Migrations/MigrateCommand.php(140): retry(1, Object(Closure), 0, Object(Closure))
#19 C:/Users/admin/Desktop/flutter/ecommerce_java/lib/ecommerce-project/vendor/laravel/framework/src/Illuminate/Database/Console/Migrations/MigrateCommand.php(116): Illuminate/Database/Console/Migrations/MigrateCommand->repositoryExists()
#20 C:/Users/admin/Desktop/flutter/ecommerce_java/lib/ecommerce-project/vendor/laravel/framework/src/Illuminate/Database/Console/Migrations/MigrateCommand.php(84): Illuminate/Database/Console/Migrations/MigrateCommand->prepareDatabase()
#21 C:/Users/admin/Desktop/flutter/ecommerce_java/lib/ecommerce-project/vendor/laravel/framework/src/Illuminate/Database/Migrations/Migrator.php(641): Illuminate/Database/Console/Migrations/MigrateCommand->Illuminate/Database/Console/Migrations/{closure}()
#22 C:/Users/admin/Desktop/flutter/ecommerce_java/lib/ecommerce-project/vendor/laravel/framework/src/Illuminate/Database/Console/Migrations/MigrateCommand.php(83): Illuminate/Database/Migrations/Migrator->usingConnection(NULL, Object(Closure))
#23 C:/Users/admin/Desktop/flutter/ecommerce_java/lib/ecommerce-project/vendor/laravel/framework/src/Illuminate/Container/BoundMethod.php(36): Illuminate/Database/Console/Migrations/MigrateCommand->handle()
#24 C:/Users/admin/Desktop/flutter/ecommerce_java/lib/ecommerce-project/vendor/laravel/framework/src/Illuminate/Container/Util.php(41): Illuminate/Container/BoundMethod::Illuminate/Container/{closure}()
#25 C:/Users/admin/Desktop/flutter/ecommerce_java/lib/ecommerce-project/vendor/laravel/framework/src/Illuminate/Container/BoundMethod.php(93): Illuminate/Container/Util::unwrapIfClosure(Object(Closure))
#26 C:/Users/admin/Desktop/flutter/ecommerce_java/lib/ecommerce-project/vendor/laravel/framework/src/Illuminate/Container/BoundMethod.php(35): Illuminate/Container/BoundMethod::callBoundMethod(Object(Illuminate/Foundation/Application), Array, Object(Closure))
#27 C:/Users/admin/Desktop/flutter/ecommerce_java/lib/ecommerce-project/vendor/laravel/framework/src/Illuminate/Container/Container.php(662): Illuminate/Container/BoundMethod::call(Object(Illuminate/Foundation/Application), Array, Array, NULL)
#28 C:/Users/admin/Desktop/flutter/ecommerce_java/lib/ecommerce-project/vendor/laravel/framework/src/Illuminate/Console/Command.php(211): Illuminate/Container/Container->call(Array)
#29 C:/Users/admin/Desktop/flutter/ecommerce_java/lib/ecommerce-project/vendor/symfony/console/Command/Command.php(326): Illuminate/Console/Command->execute(Object(Symfony/Component/Console/Input/ArgvInput), Object(Illuminate/Console/OutputStyle))
#30 C:/Users/admin/Desktop/flutter/ecommerce_java/lib/ecommerce-project/vendor/laravel/framework/src/Illuminate/Console/Command.php(180): Symfony/Component/Console/Command/Command->run(Object(Symfony/Component/Console/Input/ArgvInput), Object(Illuminate/Console/OutputStyle))
#31 C:/Users/admin/Desktop/flutter/ecommerce_java/lib/ecommerce-project/vendor/symfony/console/Application.php(1121): Illuminate/Console/Command->run(Object(Symfony/Component/Console/Input/ArgvInput), Object(Symfony/Component/Console/Output/ConsoleOutput))
#32 C:/Users/admin/Desktop/flutter/ecommerce_java/lib/ecommerce-project/vendor/symfony/console/Application.php(324): Symfony/Component/Console/Application->doRunCommand(Object(Illuminate/Database/Console/Migrations/MigrateCommand), Object(Symfony/Component/Console/Input/ArgvInput), Object(Symfony/Component/Console/Output/ConsoleOutput))
#33 C:/Users/admin/Desktop/flutter/ecommerce_java/lib/ecommerce-project/vendor/symfony/console/Application.php(175): Symfony/Component/Console/Application->doRun(Object(Symfony/Component/Console/Input/ArgvInput), Object(Symfony/Component/Console/Output/ConsoleOutput))
#34 C:/Users/admin/Desktop/flutter/ecommerce_java/lib/ecommerce-project/vendor/laravel/framework/src/Illuminate/Foundation/Console/Kernel.php(201): Symfony/Component/Console/Application->run(Object(Symfony/Component/Console/Input/ArgvInput), Object(Symfony/Component/Console/Output/ConsoleOutput))
#35 C:/Users/admin/Desktop/flutter/ecommerce_java/lib/ecommerce-project/artisan(35): Illuminate/Foundation/Console/Kernel->handle(Object(Symfony/Component/Console/Input/ArgvInput), Object(Symfony/Component/Console/Output/ConsoleOutput))
#36 {main}
"} 
[2026-07-06 12:32:11] local.ERROR: There are no commands defined in the "install" namespace. {"exception":"[object] (Symfony\\Component\\Console\\Exception\\NamespaceNotFoundException(code: 0): There are no commands defined in the \"install\" namespace. at C:/Users/admin/Desktop/flutter/ecommerce_java/lib/ecommerce-project/vendor/symfony/console/Application.php:678)
[stacktrace]
#0 C:/Users/admin/Desktop/flutter/ecommerce_java/lib/ecommerce-project/vendor/symfony/console/Application.php(729): Symfony/Component/Console/Application->findNamespace('install')
#1 C:/Users/admin/Desktop/flutter/ecommerce_java/lib/ecommerce-project/vendor/symfony/console/Application.php(266): Symfony/Component/Console/Application->find('install:api')
#2 C:/Users/admin/Desktop/flutter/ecommerce_java/lib/ecommerce-project/vendor/symfony/console/Application.php(175): Symfony/Component/Console/Application->doRun(Object(Symfony/Component/Console/Input/ArgvInput), Object(Symfony/Component/Console/Output/ConsoleOutput))
#3 C:/Users/admin/Desktop/flutter/ecommerce_java/lib/ecommerce-project/vendor/laravel/framework/src/Illuminate/Foundation/Console/Kernel.php(201): Symfony/Component/Console/Application->run(Object(Symfony/Component/Console/Input/ArgvInput), Object(Symfony/Component/Console/Output/ConsoleOutput))
#4 C:/Users/admin/Desktop/flutter/ecommerce_java/lib/ecommerce-project/artisan(35): Illuminate/Foundation/Console/Kernel->handle(Object(Symfony/Component/Console/Input/ArgvInput), Object(Symfony/Component/Console/Output/ConsoleOutput))
#5 {main}
"} 
[2026-07-06 15:21:05] local.ERROR: Class "Database\Seeders\DB" not found {"exception":"[object] (Error(code: 0): Class \"Database\\Seeders\\DB\" not found at C:/Users/admin/Desktop/flutter/ecommerce_java/lib/ecommerce-project/database/seeders/CategorySeeder.php:29)
[stacktrace]
#0 C:/Users/admin/Desktop/flutter/ecommerce_java/lib/ecommerce-project/vendor/laravel/framework/src/Illuminate/Container/BoundMethod.php(36): Database/Seeders/CategorySeeder->run()
#1 C:/Users/admin/Desktop/flutter/ecommerce_java/lib/ecommerce-project/vendor/laravel/framework/src/Illuminate/Container/Util.php(41): Illuminate/Container/BoundMethod::Illuminate/Container/{closure}()
#2 C:/Users/admin/Desktop/flutter/ecommerce_java/lib/ecommerce-project/vendor/laravel/framework/src/Illuminate/Container/BoundMethod.php(93): Illuminate/Container/Util::unwrapIfClosure(Object(Closure))
#3 C:/Users/admin/Desktop/flutter/ecommerce_java/lib/ecommerce-project/vendor/laravel/framework/src/Illuminate/Container/BoundMethod.php(35): Illuminate/Container/BoundMethod::callBoundMethod(Object(Illuminate/Foundation/Application), Array, Object(Closure))
#4 C:/Users/admin/Desktop/flutter/ecommerce_java/lib/ecommerce-project/vendor/laravel/framework/src/Illuminate/Container/Container.php(662): Illuminate/Container/BoundMethod::call(Object(Illuminate/Foundation/Application), Array, Array, NULL)
#5 C:/Users/admin/Desktop/flutter/ecommerce_java/lib/ecommerce-project/vendor/laravel/framework/src/Illuminate/Database/Seeder.php(184): Illuminate/Container/Container->call(Array, Array)
#6 C:/Users/admin/Desktop/flutter/ecommerce_java/lib/ecommerce-project/vendor/laravel/framework/src/Illuminate/Database/Seeder.php(193): Illuminate/Database/Seeder->Illuminate/Database/{closure}()
#7 C:/Users/admin/Desktop/flutter/ecommerce_java/lib/ecommerce-project/vendor/laravel/framework/src/Illuminate/Database/Console/Seeds/SeedCommand.php(70): Illuminate/Database/Seeder->__invoke()
#8 C:/Users/admin/Desktop/flutter/ecommerce_java/lib/ecommerce-project/vendor/laravel/framework/src/Illuminate/Database/Eloquent/Concerns/GuardsAttributes.php(155): Illuminate/Database/Console/Seeds/SeedCommand->Illuminate/Database/Console/Seeds/{closure}()
#9 C:/Users/admin/Desktop/flutter/ecommerce_java/lib/ecommerce-project/vendor/laravel/framework/src/Illuminate/Database/Console/Seeds/SeedCommand.php(69): Illuminate/Database/Eloquent/Model::unguarded(Object(Closure))
#10 C:/Users/admin/Desktop/flutter/ecommerce_java/lib/ecommerce-project/vendor/laravel/framework/src/Illuminate/Container/BoundMethod.php(36): Illuminate/Database/Console/Seeds/SeedCommand->handle()
#11 C:/Users/admin/Desktop/flutter/ecommerce_java/lib/ecommerce-project/vendor/laravel/framework/src/Illuminate/Container/Util.php(41): Illuminate/Container/BoundMethod::Illuminate/Container/{closure}()
#12 C:/Users/admin/Desktop/flutter/ecommerce_java/lib/ecommerce-project/vendor/laravel/framework/src/Illuminate/Container/BoundMethod.php(93): Illuminate/Container/Util::unwrapIfClosure(Object(Closure))
#13 C:/Users/admin/Desktop/flutter/ecommerce_java/lib/ecommerce-project/vendor/laravel/framework/src/Illuminate/Container/BoundMethod.php(35): Illuminate/Container/BoundMethod::callBoundMethod(Object(Illuminate/Foundation/Application), Array, Object(Closure))
#14 C:/Users/admin/Desktop/flutter/ecommerce_java/lib/ecommerce-project/vendor/laravel/framework/src/Illuminate/Container/Container.php(662): Illuminate/Container/BoundMethod::call(Object(Illuminate/Foundation/Application), Array, Array, NULL)
#15 C:/Users/admin/Desktop/flutter/ecommerce_java/lib/ecommerce-project/vendor/laravel/framework/src/Illuminate/Console/Command.php(211): Illuminate/Container/Container->call(Array)
#16 C:/Users/admin/Desktop/flutter/ecommerce_java/lib/ecommerce-project/vendor/symfony/console/Command/Command.php(326): Illuminate/Console/Command->execute(Object(Symfony/Component/Console/Input/ArgvInput), Object(Illuminate/Console/OutputStyle))
#17 C:/Users/admin/Desktop/flutter/ecommerce_java/lib/ecommerce-project/vendor/laravel/framework/src/Illuminate/Console/Command.php(180): Symfony/Component/Console/Command/Command->run(Object(Symfony/Component/Console/Input/ArgvInput), Object(Illuminate/Console/OutputStyle))
#18 C:/Users/admin/Desktop/flutter/ecommerce_java/lib/ecommerce-project/vendor/symfony/console/Application.php(1121): Illuminate/Console/Command->run(Object(Symfony/Component/Console/Input/ArgvInput), Object(Symfony/Component/Console/Output/ConsoleOutput))
#19 C:/Users/admin/Desktop/flutter/ecommerce_java/lib/ecommerce-project/vendor/symfony/console/Application.php(324): Symfony/Component/Console/Application->doRunCommand(Object(Illuminate/Database/Console/Seeds/SeedCommand), Object(Symfony/Component/Console/Input/ArgvInput), Object(Symfony/Component/Console/Output/ConsoleOutput))
#20 C:/Users/admin/Desktop/flutter/ecommerce_java/lib/ecommerce-project/vendor/symfony/console/Application.php(175): Symfony/Component/Console/Application->doRun(Object(Symfony/Component/Console/Input/ArgvInput), Object(Symfony/Component/Console/Output/ConsoleOutput))
#21 C:/Users/admin/Desktop/flutter/ecommerce_java/lib/ecommerce-project/vendor/laravel/framework/src/Illuminate/Foundation/Console/Kernel.php(201): Symfony/Component/Console/Application->run(Object(Symfony/Component/Console/Input/ArgvInput), Object(Symfony/Component/Console/Output/ConsoleOutput))
#22 C:/Users/admin/Desktop/flutter/ecommerce_java/lib/ecommerce-project/artisan(35): Illuminate/Foundation/Console/Kernel->handle(Object(Symfony/Component/Console/Input/ArgvInput), Object(Symfony/Component/Console/Output/ConsoleOutput))
#23 {main}
"} 
[2026-07-06 16:00:46] local.ERROR: Undefined variable $categories {"exception":"[object] (ErrorException(code: 0): Undefined variable $categories at C:/Users/admin/Desktop/flutter/ecommerce_java/lib/ecommerce-project/app/Http/Controllers/Api/ProductController.php:22)
[stacktrace]
#0 C:/Users/admin/Desktop/flutter/ecommerce_java/lib/ecommerce-project/vendor/laravel/framework/src/Illuminate/Foundation/Bootstrap/HandleExceptions.php(255): Illuminate/Foundation/Bootstrap/HandleExceptions->handleError(2, 'Undefined varia...', 'C://Users//admin//...', 22)
#1 C:/Users/admin/Desktop/flutter/ecommerce_java/lib/ecommerce-project/app/Http/Controllers/Api/ProductController.php(22): Illuminate/Foundation/Bootstrap/HandleExceptions->Illuminate/Foundation/Bootstrap/{closure}(2, 'Undefined varia...', 'C://Users//admin//...', 22)
#2 C:/Users/admin/Desktop/flutter/ecommerce_java/lib/ecommerce-project/vendor/laravel/framework/src/Illuminate/Routing/Controller.php(54): App/Http/Controllers/Api/ProductController->index()
#3 C:/Users/admin/Desktop/flutter/ecommerce_java/lib/ecommerce-project/vendor/laravel/framework/src/Illuminate/Routing/ControllerDispatcher.php(43): Illuminate/Routing/Controller->callAction('index', Array)
#4 C:/Users/admin/Desktop/flutter/ecommerce_java/lib/ecommerce-project/vendor/laravel/framework/src/Illuminate/Routing/Route.php(259): Illuminate/Routing/ControllerDispatcher->dispatch(Object(Illuminate/Routing/Route), Object(App/Http/Controllers/Api/ProductController), 'index')
#5 C:/Users/admin/Desktop/flutter/ecommerce_java/lib/ecommerce-project/vendor/laravel/framework/src/Illuminate/Routing/Route.php(205): Illuminate/Routing/Route->runController()
#6 C:/Users/admin/Desktop/flutter/ecommerce_java/lib/ecommerce-project/vendor/laravel/framework/src/Illuminate/Routing/Router.php(806): Illuminate/Routing/Route->run()
#7 C:/Users/admin/Desktop/flutter/ecommerce_java/lib/ecommerce-project/vendor/laravel/framework/src/Illuminate/Pipeline/Pipeline.php(144): Illuminate/Routing/Router->Illuminate/Routing/{closure}(Object(Illuminate/Http/Request))
#8 C:/Users/admin/Desktop/flutter/ecommerce_java/lib/ecommerce-project/vendor/laravel/framework/src/Illuminate/Routing/Middleware/SubstituteBindings.php(50): Illuminate/Pipeline/Pipeline->Illuminate/Pipeline/{closure}(Object(Illuminate/Http/Request))
#9 C:/Users/admin/Desktop/flutter/ecommerce_java/lib/ecommerce-project/vendor/laravel/framework/src/Illuminate/Pipeline/Pipeline.php(183): Illuminate/Routing/Middleware/SubstituteBindings->handle(Object(Illuminate/Http/Request), Object(Closure))
#10 C:/Users/admin/Desktop/flutter/ecommerce_java/lib/ecommerce-project/vendor/laravel/framework/src/Illuminate/Routing/Middleware/ThrottleRequests.php(159): Illuminate/Pipeline/Pipeline->Illuminate/Pipeline/{closure}(Object(Illuminate/Http/Request))
#11 C:/Users/admin/Desktop/flutter/ecommerce_java/lib/ecommerce-project/vendor/laravel/framework/src/Illuminate/Routing/Middleware/ThrottleRequests.php(125): Illuminate/Routing/Middleware/ThrottleRequests->handleRequest(Object(Illuminate/Http/Request), Object(Closure), Array)
#12 C:/Users/admin/Desktop/flutter/ecommerce_java/lib/ecommerce-project/vendor/laravel/framework/src/Illuminate/Routing/Middleware/ThrottleRequests.php(87): Illuminate/Routing/Middleware/ThrottleRequests->handleRequestUsingNamedLimiter(Object(Illuminate/Http/Request), Object(Closure), 'api', Object(Closure))
#13 C:/Users/admin/Desktop/flutter/ecommerce_java/lib/ecommerce-project/vendor/laravel/framework/src/Illuminate/Pipeline/Pipeline.php(183): Illuminate/Routing/Middleware/ThrottleRequests->handle(Object(Illuminate/Http/Request), Object(Closure), 'api')
#14 C:/Users/admin/Desktop/flutter/ecommerce_java/lib/ecommerce-project/vendor/laravel/framework/src/Illuminate/Pipeline/Pipeline.php(119): Illuminate/Pipeline/Pipeline->Illuminate/Pipeline/{closure}(Object(Illuminate/Http/Request))
#15 C:/Users/admin/Desktop/flutter/ecommerce_java/lib/ecommerce-project/vendor/laravel/framework/src/Illuminate/Routing/Router.php(805): Illuminate/Pipeline/Pipeline->then(Object(Closure))
#16 C:/Users/admin/Desktop/flutter/ecommerce_java/lib/ecommerce-project/vendor/laravel/framework/src/Illuminate/Routing/Router.php(784): Illuminate/Routing/Router->runRouteWithinStack(Object(Illuminate/Routing/Route), Object(Illuminate/Http/Request))
#17 C:/Users/admin/Desktop/flutter/ecommerce_java/lib/ecommerce-project/vendor/laravel/framework/src/Illuminate/Routing/Router.php(748): Illuminate/Routing/Router->runRoute(Object(Illuminate/Http/Request), Object(Illuminate/Routing/Route))
#18 C:/Users/admin/Desktop/flutter/ecommerce_java/lib/ecommerce-project/vendor/laravel/framework/src/Illuminate/Routing/Router.php(737): Illuminate/Routing/Router->dispatchToRoute(Object(Illuminate/Http/Request))
#19 C:/Users/admin/Desktop/flutter/ecommerce_java/lib/ecommerce-project/vendor/laravel/framework/src/Illuminate/Foundation/Http/Kernel.php(200): Illuminate/Routing/Router->dispatch(Object(Illuminate/Http/Request))
#20 C:/Users/admin/Desktop/flutter/ecommerce_java/lib/ecommerce-project/vendor/laravel/framework/src/Illuminate/Pipeline/Pipeline.php(144): Illuminate/Foundation/Http/Kernel->Illuminate/Foundation/Http/{closure}(Object(Illuminate/Http/Request))
#21 C:/Users/admin/Desktop/flutter/ecommerce_java/lib/ecommerce-project/vendor/laravel/framework/src/Illuminate/Foundation/Http/Middleware/TransformsRequest.php(21): Illuminate/Pipeline/Pipeline->Illuminate/Pipeline/{closure}(Object(Illuminate/Http/Request))
#22 C:/Users/admin/Desktop/flutter/ecommerce_java/lib/ecommerce-project/vendor/laravel/framework/src/Illuminate/Foundation/Http/Middleware/ConvertEmptyStringsToNull.php(31): Illuminate/Foundation/Http/Middleware/TransformsRequest->handle(Object(Illuminate/Http/Request), Object(Closure))
#23 C:/Users/admin/Desktop/flutter/ecommerce_java/lib/ecommerce-project/vendor/laravel/framework/src/Illuminate/Pipeline/Pipeline.php(183): Illuminate/Foundation/Http/Middleware/ConvertEmptyStringsToNull->handle(Object(Illuminate/Http/Request), Object(Closure))
#24 C:/Users/admin/Desktop/flutter/ecommerce_java/lib/ecommerce-project/vendor/laravel/framework/src/Illuminate/Foundation/Http/Middleware/TransformsRequest.php(21): Illuminate/Pipeline/Pipeline->Illuminate/Pipeline/{closure}(Object(Illuminate/Http/Request))
#25 C:/Users/admin/Desktop/flutter/ecommerce_java/lib/ecommerce-project/vendor/laravel/framework/src/Illuminate/Foundation/Http/Middleware/TrimStrings.php(40): Illuminate/Foundation/Http/Middleware/TransformsRequest->handle(Object(Illuminate/Http/Request), Object(Closure))
#26 C:/Users/admin/Desktop/flutter/ecommerce_java/lib/ecommerce-project/vendor/laravel/framework/src/Illuminate/Pipeline/Pipeline.php(183): Illuminate/Foundation/Http/Middleware/TrimStrings->handle(Object(Illuminate/Http/Request), Object(Closure))
#27 C:/Users/admin/Desktop/flutter/ecommerce_java/lib/ecommerce-project/vendor/laravel/framework/src/Illuminate/Foundation/Http/Middleware/ValidatePostSize.php(27): Illuminate/Pipeline/Pipeline->Illuminate/Pipeline/{closure}(Object(Illuminate/Http/Request))
#28 C:/Users/admin/Desktop/flutter/ecommerce_java/lib/ecommerce-project/vendor/laravel/framework/src/Illuminate/Pipeline/Pipeline.php(183): Illuminate/Foundation/Http/Middleware/ValidatePostSize->handle(Object(Illuminate/Http/Request), Object(Closure))
#29 C:/Users/admin/Desktop/flutter/ecommerce_java/lib/ecommerce-project/vendor/laravel/framework/src/Illuminate/Foundation/Http/Middleware/PreventRequestsDuringMaintenance.php(99): Illuminate/Pipeline/Pipeline->Illuminate/Pipeline/{closure}(Object(Illuminate/Http/Request))
#30 C:/Users/admin/Desktop/flutter/ecommerce_java/lib/ecommerce-project/vendor/laravel/framework/src/Illuminate/Pipeline/Pipeline.php(183): Illuminate/Foundation/Http/Middleware/PreventRequestsDuringMaintenance->handle(Object(Illuminate/Http/Request), Object(Closure))
#31 C:/Users/admin/Desktop/flutter/ecommerce_java/lib/ecommerce-project/vendor/laravel/framework/src/Illuminate/Http/Middleware/HandleCors.php(62): Illuminate/Pipeline/Pipeline->Illuminate/Pipeline/{closure}(Object(Illuminate/Http/Request))
#32 C:/Users/admin/Desktop/flutter/ecommerce_java/lib/ecommerce-project/vendor/laravel/framework/src/Illuminate/Pipeline/Pipeline.php(183): Illuminate/Http/Middleware/HandleCors->handle(Object(Illuminate/Http/Request), Object(Closure))
#33 C:/Users/admin/Desktop/flutter/ecommerce_java/lib/ecommerce-project/vendor/laravel/framework/src/Illuminate/Http/Middleware/TrustProxies.php(39): Illuminate/Pipeline/Pipeline->Illuminate/Pipeline/{closure}(Object(Illuminate/Http/Request))
#34 C:/Users/admin/Desktop/flutter/ecommerce_java/lib/ecommerce-project/vendor/laravel/framework/src/Illuminate/Pipeline/Pipeline.php(183): Illuminate/Http/Middleware/TrustProxies->handle(Object(Illuminate/Http/Request), Object(Closure))
#35 C:/Users/admin/Desktop/flutter/ecommerce_java/lib/ecommerce-project/vendor/laravel/framework/src/Illuminate/Pipeline/Pipeline.php(119): Illuminate/Pipeline/Pipeline->Illuminate/Pipeline/{closure}(Object(Illuminate/Http/Request))
#36 C:/Users/admin/Desktop/flutter/ecommerce_java/lib/ecommerce-project/vendor/laravel/framework/src/Illuminate/Foundation/Http/Kernel.php(175): Illuminate/Pipeline/Pipeline->then(Object(Closure))
#37 C:/Users/admin/Desktop/flutter/ecommerce_java/lib/ecommerce-project/vendor/laravel/framework/src/Illuminate/Foundation/Http/Kernel.php(144): Illuminate/Foundation/Http/Kernel->sendRequestThroughRouter(Object(Illuminate/Http/Request))
#38 C:/Users/admin/Desktop/flutter/ecommerce_java/lib/ecommerce-project/public/index.php(51): Illuminate/Foundation/Http/Kernel->handle(Object(Illuminate/Http/Request))
#39 C:/Users/admin/Desktop/flutter/ecommerce_java/lib/ecommerce-project/vendor/laravel/framework/src/Illuminate/Foundation/resources/server.php(16): require_once('C://Users//admin//...')
#40 {main}
"} 
[2026-07-06 16:01:26] local.ERROR: Undefined variable $categories {"exception":"[object] (ErrorException(code: 0): Undefined variable $categories at C:/Users/admin/Desktop/flutter/ecommerce_java/lib/ecommerce-project/app/Http/Controllers/Api/ProductController.php:22)
[stacktrace]
#0 C:/Users/admin/Desktop/flutter/ecommerce_java/lib/ecommerce-project/vendor/laravel/framework/src/Illuminate/Foundation/Bootstrap/HandleExceptions.php(255): Illuminate/Foundation/Bootstrap/HandleExceptions->handleError(2, 'Undefined varia...', 'C://Users//admin//...', 22)
#1 C:/Users/admin/Desktop/flutter/ecommerce_java/lib/ecommerce-project/app/Http/Controllers/Api/ProductController.php(22): Illuminate/Foundation/Bootstrap/HandleExceptions->Illuminate/Foundation/Bootstrap/{closure}(2, 'Undefined varia...', 'C://Users//admin//...', 22)
#2 C:/Users/admin/Desktop/flutter/ecommerce_java/lib/ecommerce-project/vendor/laravel/framework/src/Illuminate/Routing/Controller.php(54): App/Http/Controllers/Api/ProductController->index()
#3 C:/Users/admin/Desktop/flutter/ecommerce_java/lib/ecommerce-project/vendor/laravel/framework/src/Illuminate/Routing/ControllerDispatcher.php(43): Illuminate/Routing/Controller->callAction('index', Array)
#4 C:/Users/admin/Desktop/flutter/ecommerce_java/lib/ecommerce-project/vendor/laravel/framework/src/Illuminate/Routing/Route.php(259): Illuminate/Routing/ControllerDispatcher->dispatch(Object(Illuminate/Routing/Route), Object(App/Http/Controllers/Api/ProductController), 'index')
#5 C:/Users/admin/Desktop/flutter/ecommerce_java/lib/ecommerce-project/vendor/laravel/framework/src/Illuminate/Routing/Route.php(205): Illuminate/Routing/Route->runController()
#6 C:/Users/admin/Desktop/flutter/ecommerce_java/lib/ecommerce-project/vendor/laravel/framework/src/Illuminate/Routing/Router.php(806): Illuminate/Routing/Route->run()
#7 C:/Users/admin/Desktop/flutter/ecommerce_java/lib/ecommerce-project/vendor/laravel/framework/src/Illuminate/Pipeline/Pipeline.php(144): Illuminate/Routing/Router->Illuminate/Routing/{closure}(Object(Illuminate/Http/Request))
#8 C:/Users/admin/Desktop/flutter/ecommerce_java/lib/ecommerce-project/vendor/laravel/framework/src/Illuminate/Routing/Middleware/SubstituteBindings.php(50): Illuminate/Pipeline/Pipeline->Illuminate/Pipeline/{closure}(Object(Illuminate/Http/Request))
#9 C:/Users/admin/Desktop/flutter/ecommerce_java/lib/ecommerce-project/vendor/laravel/framework/src/Illuminate/Pipeline/Pipeline.php(183): Illuminate/Routing/Middleware/SubstituteBindings->handle(Object(Illuminate/Http/Request), Object(Closure))
#10 C:/Users/admin/Desktop/flutter/ecommerce_java/lib/ecommerce-project/vendor/laravel/framework/src/Illuminate/Routing/Middleware/ThrottleRequests.php(159): Illuminate/Pipeline/Pipeline->Illuminate/Pipeline/{closure}(Object(Illuminate/Http/Request))
#11 C:/Users/admin/Desktop/flutter/ecommerce_java/lib/ecommerce-project/vendor/laravel/framework/src/Illuminate/Routing/Middleware/ThrottleRequests.php(125): Illuminate/Routing/Middleware/ThrottleRequests->handleRequest(Object(Illuminate/Http/Request), Object(Closure), Array)
#12 C:/Users/admin/Desktop/flutter/ecommerce_java/lib/ecommerce-project/vendor/laravel/framework/src/Illuminate/Routing/Middleware/ThrottleRequests.php(87): Illuminate/Routing/Middleware/ThrottleRequests->handleRequestUsingNamedLimiter(Object(Illuminate/Http/Request), Object(Closure), 'api', Object(Closure))
#13 C:/Users/admin/Desktop/flutter/ecommerce_java/lib/ecommerce-project/vendor/laravel/framework/src/Illuminate/Pipeline/Pipeline.php(183): Illuminate/Routing/Middleware/ThrottleRequests->handle(Object(Illuminate/Http/Request), Object(Closure), 'api')
#14 C:/Users/admin/Desktop/flutter/ecommerce_java/lib/ecommerce-project/vendor/laravel/framework/src/Illuminate/Pipeline/Pipeline.php(119): Illuminate/Pipeline/Pipeline->Illuminate/Pipeline/{closure}(Object(Illuminate/Http/Request))
#15 C:/Users/admin/Desktop/flutter/ecommerce_java/lib/ecommerce-project/vendor/laravel/framework/src/Illuminate/Routing/Router.php(805): Illuminate/Pipeline/Pipeline->then(Object(Closure))
#16 C:/Users/admin/Desktop/flutter/ecommerce_java/lib/ecommerce-project/vendor/laravel/framework/src/Illuminate/Routing/Router.php(784): Illuminate/Routing/Router->runRouteWithinStack(Object(Illuminate/Routing/Route), Object(Illuminate/Http/Request))
#17 C:/Users/admin/Desktop/flutter/ecommerce_java/lib/ecommerce-project/vendor/laravel/framework/src/Illuminate/Routing/Router.php(748): Illuminate/Routing/Router->runRoute(Object(Illuminate/Http/Request), Object(Illuminate/Routing/Route))
#18 C:/Users/admin/Desktop/flutter/ecommerce_java/lib/ecommerce-project/vendor/laravel/framework/src/Illuminate/Routing/Router.php(737): Illuminate/Routing/Router->dispatchToRoute(Object(Illuminate/Http/Request))
#19 C:/Users/admin/Desktop/flutter/ecommerce_java/lib/ecommerce-project/vendor/laravel/framework/src/Illuminate/Foundation/Http/Kernel.php(200): Illuminate/Routing/Router->dispatch(Object(Illuminate/Http/Request))
#20 C:/Users/admin/Desktop/flutter/ecommerce_java/lib/ecommerce-project/vendor/laravel/framework/src/Illuminate/Pipeline/Pipeline.php(144): Illuminate/Foundation/Http/Kernel->Illuminate/Foundation/Http/{closure}(Object(Illuminate/Http/Request))
#21 C:/Users/admin/Desktop/flutter/ecommerce_java/lib/ecommerce-project/vendor/laravel/framework/src/Illuminate/Foundation/Http/Middleware/TransformsRequest.php(21): Illuminate/Pipeline/Pipeline->Illuminate/Pipeline/{closure}(Object(Illuminate/Http/Request))
#22 C:/Users/admin/Desktop/flutter/ecommerce_java/lib/ecommerce-project/vendor/laravel/framework/src/Illuminate/Foundation/Http/Middleware/ConvertEmptyStringsToNull.php(31): Illuminate/Foundation/Http/Middleware/TransformsRequest->handle(Object(Illuminate/Http/Request), Object(Closure))
#23 C:/Users/admin/Desktop/flutter/ecommerce_java/lib/ecommerce-project/vendor/laravel/framework/src/Illuminate/Pipeline/Pipeline.php(183): Illuminate/Foundation/Http/Middleware/ConvertEmptyStringsToNull->handle(Object(Illuminate/Http/Request), Object(Closure))
#24 C:/Users/admin/Desktop/flutter/ecommerce_java/lib/ecommerce-project/vendor/laravel/framework/src/Illuminate/Foundation/Http/Middleware/TransformsRequest.php(21): Illuminate/Pipeline/Pipeline->Illuminate/Pipeline/{closure}(Object(Illuminate/Http/Request))
#25 C:/Users/admin/Desktop/flutter/ecommerce_java/lib/ecommerce-project/vendor/laravel/framework/src/Illuminate/Foundation/Http/Middleware/TrimStrings.php(40): Illuminate/Foundation/Http/Middleware/TransformsRequest->handle(Object(Illuminate/Http/Request), Object(Closure))
#26 C:/Users/admin/Desktop/flutter/ecommerce_java/lib/ecommerce-project/vendor/laravel/framework/src/Illuminate/Pipeline/Pipeline.php(183): Illuminate/Foundation/Http/Middleware/TrimStrings->handle(Object(Illuminate/Http/Request), Object(Closure))
#27 C:/Users/admin/Desktop/flutter/ecommerce_java/lib/ecommerce-project/vendor/laravel/framework/src/Illuminate/Foundation/Http/Middleware/ValidatePostSize.php(27): Illuminate/Pipeline/Pipeline->Illuminate/Pipeline/{closure}(Object(Illuminate/Http/Request))
#28 C:/Users/admin/Desktop/flutter/ecommerce_java/lib/ecommerce-project/vendor/laravel/framework/src/Illuminate/Pipeline/Pipeline.php(183): Illuminate/Foundation/Http/Middleware/ValidatePostSize->handle(Object(Illuminate/Http/Request), Object(Closure))
#29 C:/Users/admin/Desktop/flutter/ecommerce_java/lib/ecommerce-project/vendor/laravel/framework/src/Illuminate/Foundation/Http/Middleware/PreventRequestsDuringMaintenance.php(99): Illuminate/Pipeline/Pipeline->Illuminate/Pipeline/{closure}(Object(Illuminate/Http/Request))
#30 C:/Users/admin/Desktop/flutter/ecommerce_java/lib/ecommerce-project/vendor/laravel/framework/src/Illuminate/Pipeline/Pipeline.php(183): Illuminate/Foundation/Http/Middleware/PreventRequestsDuringMaintenance->handle(Object(Illuminate/Http/Request), Object(Closure))
#31 C:/Users/admin/Desktop/flutter/ecommerce_java/lib/ecommerce-project/vendor/laravel/framework/src/Illuminate/Http/Middleware/HandleCors.php(62): Illuminate/Pipeline/Pipeline->Illuminate/Pipeline/{closure}(Object(Illuminate/Http/Request))
#32 C:/Users/admin/Desktop/flutter/ecommerce_java/lib/ecommerce-project/vendor/laravel/framework/src/Illuminate/Pipeline/Pipeline.php(183): Illuminate/Http/Middleware/HandleCors->handle(Object(Illuminate/Http/Request), Object(Closure))
#33 C:/Users/admin/Desktop/flutter/ecommerce_java/lib/ecommerce-project/vendor/laravel/framework/src/Illuminate/Http/Middleware/TrustProxies.php(39): Illuminate/Pipeline/Pipeline->Illuminate/Pipeline/{closure}(Object(Illuminate/Http/Request))
#34 C:/Users/admin/Desktop/flutter/ecommerce_java/lib/ecommerce-project/vendor/laravel/framework/src/Illuminate/Pipeline/Pipeline.php(183): Illuminate/Http/Middleware/TrustProxies->handle(Object(Illuminate/Http/Request), Object(Closure))
#35 C:/Users/admin/Desktop/flutter/ecommerce_java/lib/ecommerce-project/vendor/laravel/framework/src/Illuminate/Pipeline/Pipeline.php(119): Illuminate/Pipeline/Pipeline->Illuminate/Pipeline/{closure}(Object(Illuminate/Http/Request))
#36 C:/Users/admin/Desktop/flutter/ecommerce_java/lib/ecommerce-project/vendor/laravel/framework/src/Illuminate/Foundation/Http/Kernel.php(175): Illuminate/Pipeline/Pipeline->then(Object(Closure))
#37 C:/Users/admin/Desktop/flutter/ecommerce_java/lib/ecommerce-project/vendor/laravel/framework/src/Illuminate/Foundation/Http/Kernel.php(144): Illuminate/Foundation/Http/Kernel->sendRequestThroughRouter(Object(Illuminate/Http/Request))
#38 C:/Users/admin/Desktop/flutter/ecommerce_java/lib/ecommerce-project/public/index.php(51): Illuminate/Foundation/Http/Kernel->handle(Object(Illuminate/Http/Request))
#39 C:/Users/admin/Desktop/flutter/ecommerce_java/lib/ecommerce-project/vendor/laravel/framework/src/Illuminate/Foundation/resources/server.php(16): require_once('C://Users//admin//...')
#40 {main}
"} 
[2026-07-06 16:05:20] local.ERROR: Class "Database\Seeders\Product" not found {"exception":"[object] (Error(code: 0): Class \"Database\\Seeders\\Product\" not found at C:/Users/admin/Desktop/flutter/ecommerce_java/lib/ecommerce-project/database/seeders/ProductSeeder.php:15)
[stacktrace]
#0 C:/Users/admin/Desktop/flutter/ecommerce_java/lib/ecommerce-project/vendor/laravel/framework/src/Illuminate/Container/BoundMethod.php(36): Database/Seeders/ProductSeeder->run()
#1 C:/Users/admin/Desktop/flutter/ecommerce_java/lib/ecommerce-project/vendor/laravel/framework/src/Illuminate/Container/Util.php(41): Illuminate/Container/BoundMethod::Illuminate/Container/{closure}()
#2 C:/Users/admin/Desktop/flutter/ecommerce_java/lib/ecommerce-project/vendor/laravel/framework/src/Illuminate/Container/BoundMethod.php(93): Illuminate/Container/Util::unwrapIfClosure(Object(Closure))
#3 C:/Users/admin/Desktop/flutter/ecommerce_java/lib/ecommerce-project/vendor/laravel/framework/src/Illuminate/Container/BoundMethod.php(35): Illuminate/Container/BoundMethod::callBoundMethod(Object(Illuminate/Foundation/Application), Array, Object(Closure))
#4 C:/Users/admin/Desktop/flutter/ecommerce_java/lib/ecommerce-project/vendor/laravel/framework/src/Illuminate/Container/Container.php(662): Illuminate/Container/BoundMethod::call(Object(Illuminate/Foundation/Application), Array, Array, NULL)
#5 C:/Users/admin/Desktop/flutter/ecommerce_java/lib/ecommerce-project/vendor/laravel/framework/src/Illuminate/Database/Seeder.php(184): Illuminate/Container/Container->call(Array, Array)
#6 C:/Users/admin/Desktop/flutter/ecommerce_java/lib/ecommerce-project/vendor/laravel/framework/src/Illuminate/Database/Seeder.php(193): Illuminate/Database/Seeder->Illuminate/Database/{closure}()
#7 C:/Users/admin/Desktop/flutter/ecommerce_java/lib/ecommerce-project/vendor/laravel/framework/src/Illuminate/Database/Console/Seeds/SeedCommand.php(70): Illuminate/Database/Seeder->__invoke()
#8 C:/Users/admin/Desktop/flutter/ecommerce_java/lib/ecommerce-project/vendor/laravel/framework/src/Illuminate/Database/Eloquent/Concerns/GuardsAttributes.php(155): Illuminate/Database/Console/Seeds/SeedCommand->Illuminate/Database/Console/Seeds/{closure}()
#9 C:/Users/admin/Desktop/flutter/ecommerce_java/lib/ecommerce-project/vendor/laravel/framework/src/Illuminate/Database/Console/Seeds/SeedCommand.php(69): Illuminate/Database/Eloquent/Model::unguarded(Object(Closure))
#10 C:/Users/admin/Desktop/flutter/ecommerce_java/lib/ecommerce-project/vendor/laravel/framework/src/Illuminate/Container/BoundMethod.php(36): Illuminate/Database/Console/Seeds/SeedCommand->handle()
#11 C:/Users/admin/Desktop/flutter/ecommerce_java/lib/ecommerce-project/vendor/laravel/framework/src/Illuminate/Container/Util.php(41): Illuminate/Container/BoundMethod::Illuminate/Container/{closure}()
#12 C:/Users/admin/Desktop/flutter/ecommerce_java/lib/ecommerce-project/vendor/laravel/framework/src/Illuminate/Container/BoundMethod.php(93): Illuminate/Container/Util::unwrapIfClosure(Object(Closure))
#13 C:/Users/admin/Desktop/flutter/ecommerce_java/lib/ecommerce-project/vendor/laravel/framework/src/Illuminate/Container/BoundMethod.php(35): Illuminate/Container/BoundMethod::callBoundMethod(Object(Illuminate/Foundation/Application), Array, Object(Closure))
#14 C:/Users/admin/Desktop/flutter/ecommerce_java/lib/ecommerce-project/vendor/laravel/framework/src/Illuminate/Container/Container.php(662): Illuminate/Container/BoundMethod::call(Object(Illuminate/Foundation/Application), Array, Array, NULL)
#15 C:/Users/admin/Desktop/flutter/ecommerce_java/lib/ecommerce-project/vendor/laravel/framework/src/Illuminate/Console/Command.php(211): Illuminate/Container/Container->call(Array)
#16 C:/Users/admin/Desktop/flutter/ecommerce_java/lib/ecommerce-project/vendor/symfony/console/Command/Command.php(326): Illuminate/Console/Command->execute(Object(Symfony/Component/Console/Input/ArgvInput), Object(Illuminate/Console/OutputStyle))
#17 C:/Users/admin/Desktop/flutter/ecommerce_java/lib/ecommerce-project/vendor/laravel/framework/src/Illuminate/Console/Command.php(180): Symfony/Component/Console/Command/Command->run(Object(Symfony/Component/Console/Input/ArgvInput), Object(Illuminate/Console/OutputStyle))
#18 C:/Users/admin/Desktop/flutter/ecommerce_java/lib/ecommerce-project/vendor/symfony/console/Application.php(1121): Illuminate/Console/Command->run(Object(Symfony/Component/Console/Input/ArgvInput), Object(Symfony/Component/Console/Output/ConsoleOutput))
#19 C:/Users/admin/Desktop/flutter/ecommerce_java/lib/ecommerce-project/vendor/symfony/console/Application.php(324): Symfony/Component/Console/Application->doRunCommand(Object(Illuminate/Database/Console/Seeds/SeedCommand), Object(Symfony/Component/Console/Input/ArgvInput), Object(Symfony/Component/Console/Output/ConsoleOutput))
#20 C:/Users/admin/Desktop/flutter/ecommerce_java/lib/ecommerce-project/vendor/symfony/console/Application.php(175): Symfony/Component/Console/Application->doRun(Object(Symfony/Component/Console/Input/ArgvInput), Object(Symfony/Component/Console/Output/ConsoleOutput))
#21 C:/Users/admin/Desktop/flutter/ecommerce_java/lib/ecommerce-project/vendor/laravel/framework/src/Illuminate/Foundation/Console/Kernel.php(201): Symfony/Component/Console/Application->run(Object(Symfony/Component/Console/Input/ArgvInput), Object(Symfony/Component/Console/Output/ConsoleOutput))
#22 C:/Users/admin/Desktop/flutter/ecommerce_java/lib/ecommerce-project/artisan(35): Illuminate/Foundation/Console/Kernel->handle(Object(Symfony/Component/Console/Input/ArgvInput), Object(Symfony/Component/Console/Output/ConsoleOutput))
#23 {main}
"} 
[2026-07-06 16:05:25] local.ERROR: Target class [Database\Seeders\ProductsSeeder] does not exist. {"exception":"[object] (Illuminate\\Contracts\\Container\\BindingResolutionException(code: 0): Target class [Database\\Seeders\\ProductsSeeder] does not exist. at C:/Users/admin/Desktop/flutter/ecommerce_java/lib/ecommerce-project/vendor/laravel/framework/src/Illuminate/Container/Container.php:914)
[stacktrace]
#0 C:/Users/admin/Desktop/flutter/ecommerce_java/lib/ecommerce-project/vendor/laravel/framework/src/Illuminate/Container/Container.php(795): Illuminate/Container/Container->build('Database//Seeder...')
#1 C:/Users/admin/Desktop/flutter/ecommerce_java/lib/ecommerce-project/vendor/laravel/framework/src/Illuminate/Foundation/Application.php(986): Illuminate/Container/Container->resolve('Database//Seeder...', Array, true)
#2 C:/Users/admin/Desktop/flutter/ecommerce_java/lib/ecommerce-project/vendor/laravel/framework/src/Illuminate/Container/Container.php(731): Illuminate/Foundation/Application->resolve('Database//Seeder...', Array)
#3 C:/Users/admin/Desktop/flutter/ecommerce_java/lib/ecommerce-project/vendor/laravel/framework/src/Illuminate/Foundation/Application.php(971): Illuminate/Container/Container->make('Database//Seeder...', Array)
#4 C:/Users/admin/Desktop/flutter/ecommerce_java/lib/ecommerce-project/vendor/laravel/framework/src/Illuminate/Database/Console/Seeds/SeedCommand.php(98): Illuminate/Foundation/Application->make('Database//Seeder...')
#5 C:/Users/admin/Desktop/flutter/ecommerce_java/lib/ecommerce-project/vendor/laravel/framework/src/Illuminate/Database/Console/Seeds/SeedCommand.php(70): Illuminate/Database/Console/Seeds/SeedCommand->getSeeder()
#6 C:/Users/admin/Desktop/flutter/ecommerce_java/lib/ecommerce-project/vendor/laravel/framework/src/Illuminate/Database/Eloquent/Concerns/GuardsAttributes.php(155): Illuminate/Database/Console/Seeds/SeedCommand->Illuminate/Database/Console/Seeds/{closure}()
#7 C:/Users/admin/Desktop/flutter/ecommerce_java/lib/ecommerce-project/vendor/laravel/framework/src/Illuminate/Database/Console/Seeds/SeedCommand.php(69): Illuminate/Database/Eloquent/Model::unguarded(Object(Closure))
#8 C:/Users/admin/Desktop/flutter/ecommerce_java/lib/ecommerce-project/vendor/laravel/framework/src/Illuminate/Container/BoundMethod.php(36): Illuminate/Database/Console/Seeds/SeedCommand->handle()
#9 C:/Users/admin/Desktop/flutter/ecommerce_java/lib/ecommerce-project/vendor/laravel/framework/src/Illuminate/Container/Util.php(41): Illuminate/Container/BoundMethod::Illuminate/Container/{closure}()
#10 C:/Users/admin/Desktop/flutter/ecommerce_java/lib/ecommerce-project/vendor/laravel/framework/src/Illuminate/Container/BoundMethod.php(93): Illuminate/Container/Util::unwrapIfClosure(Object(Closure))
#11 C:/Users/admin/Desktop/flutter/ecommerce_java/lib/ecommerce-project/vendor/laravel/framework/src/Illuminate/Container/BoundMethod.php(35): Illuminate/Container/BoundMethod::callBoundMethod(Object(Illuminate/Foundation/Application), Array, Object(Closure))
#12 C:/Users/admin/Desktop/flutter/ecommerce_java/lib/ecommerce-project/vendor/laravel/framework/src/Illuminate/Container/Container.php(662): Illuminate/Container/BoundMethod::call(Object(Illuminate/Foundation/Application), Array, Array, NULL)
#13 C:/Users/admin/Desktop/flutter/ecommerce_java/lib/ecommerce-project/vendor/laravel/framework/src/Illuminate/Console/Command.php(211): Illuminate/Container/Container->call(Array)
#14 C:/Users/admin/Desktop/flutter/ecommerce_java/lib/ecommerce-project/vendor/symfony/console/Command/Command.php(326): Illuminate/Console/Command->execute(Object(Symfony/Component/Console/Input/ArgvInput), Object(Illuminate/Console/OutputStyle))
#15 C:/Users/admin/Desktop/flutter/ecommerce_java/lib/ecommerce-project/vendor/laravel/framework/src/Illuminate/Console/Command.php(180): Symfony/Component/Console/Command/Command->run(Object(Symfony/Component/Console/Input/ArgvInput), Object(Illuminate/Console/OutputStyle))
#16 C:/Users/admin/Desktop/flutter/ecommerce_java/lib/ecommerce-project/vendor/symfony/console/Application.php(1121): Illuminate/Console/Command->run(Object(Symfony/Component/Console/Input/ArgvInput), Object(Symfony/Component/Console/Output/ConsoleOutput))
#17 C:/Users/admin/Desktop/flutter/ecommerce_java/lib/ecommerce-project/vendor/symfony/console/Application.php(324): Symfony/Component/Console/Application->doRunCommand(Object(Illuminate/Database/Console/Seeds/SeedCommand), Object(Symfony/Component/Console/Input/ArgvInput), Object(Symfony/Component/Console/Output/ConsoleOutput))
#18 C:/Users/admin/Desktop/flutter/ecommerce_java/lib/ecommerce-project/vendor/symfony/console/Application.php(175): Symfony/Component/Console/Application->doRun(Object(Symfony/Component/Console/Input/ArgvInput), Object(Symfony/Component/Console/Output/ConsoleOutput))
#19 C:/Users/admin/Desktop/flutter/ecommerce_java/lib/ecommerce-project/vendor/laravel/framework/src/Illuminate/Foundation/Console/Kernel.php(201): Symfony/Component/Console/Application->run(Object(Symfony/Component/Console/Input/ArgvInput), Object(Symfony/Component/Console/Output/ConsoleOutput))
#20 C:/Users/admin/Desktop/flutter/ecommerce_java/lib/ecommerce-project/artisan(35): Illuminate/Foundation/Console/Kernel->handle(Object(Symfony/Component/Console/Input/ArgvInput), Object(Symfony/Component/Console/Output/ConsoleOutput))
#21 {main}

[previous exception] [object] (ReflectionException(code: -1): Class \"Database\\Seeders\\ProductsSeeder\" does not exist at C:/Users/admin/Desktop/flutter/ecommerce_java/lib/ecommerce-project/vendor/laravel/framework/src/Illuminate/Container/Container.php:912)
[stacktrace]
#0 C:/Users/admin/Desktop/flutter/ecommerce_java/lib/ecommerce-project/vendor/laravel/framework/src/Illuminate/Container/Container.php(912): ReflectionClass->__construct('Database//Seeder...')
#1 C:/Users/admin/Desktop/flutter/ecommerce_java/lib/ecommerce-project/vendor/laravel/framework/src/Illuminate/Container/Container.php(795): Illuminate/Container/Container->build('Database//Seeder...')
#2 C:/Users/admin/Desktop/flutter/ecommerce_java/lib/ecommerce-project/vendor/laravel/framework/src/Illuminate/Foundation/Application.php(986): Illuminate/Container/Container->resolve('Database//Seeder...', Array, true)
#3 C:/Users/admin/Desktop/flutter/ecommerce_java/lib/ecommerce-project/vendor/laravel/framework/src/Illuminate/Container/Container.php(731): Illuminate/Foundation/Application->resolve('Database//Seeder...', Array)
#4 C:/Users/admin/Desktop/flutter/ecommerce_java/lib/ecommerce-project/vendor/laravel/framework/src/Illuminate/Foundation/Application.php(971): Illuminate/Container/Container->make('Database//Seeder...', Array)
#5 C:/Users/admin/Desktop/flutter/ecommerce_java/lib/ecommerce-project/vendor/laravel/framework/src/Illuminate/Database/Console/Seeds/SeedCommand.php(98): Illuminate/Foundation/Application->make('Database//Seeder...')
#6 C:/Users/admin/Desktop/flutter/ecommerce_java/lib/ecommerce-project/vendor/laravel/framework/src/Illuminate/Database/Console/Seeds/SeedCommand.php(70): Illuminate/Database/Console/Seeds/SeedCommand->getSeeder()
#7 C:/Users/admin/Desktop/flutter/ecommerce_java/lib/ecommerce-project/vendor/laravel/framework/src/Illuminate/Database/Eloquent/Concerns/GuardsAttributes.php(155): Illuminate/Database/Console/Seeds/SeedCommand->Illuminate/Database/Console/Seeds/{closure}()
#8 C:/Users/admin/Desktop/flutter/ecommerce_java/lib/ecommerce-project/vendor/laravel/framework/src/Illuminate/Database/Console/Seeds/SeedCommand.php(69): Illuminate/Database/Eloquent/Model::unguarded(Object(Closure))
#9 C:/Users/admin/Desktop/flutter/ecommerce_java/lib/ecommerce-project/vendor/laravel/framework/src/Illuminate/Container/BoundMethod.php(36): Illuminate/Database/Console/Seeds/SeedCommand->handle()
#10 C:/Users/admin/Desktop/flutter/ecommerce_java/lib/ecommerce-project/vendor/laravel/framework/src/Illuminate/Container/Util.php(41): Illuminate/Container/BoundMethod::Illuminate/Container/{closure}()
#11 C:/Users/admin/Desktop/flutter/ecommerce_java/lib/ecommerce-project/vendor/laravel/framework/src/Illuminate/Container/BoundMethod.php(93): Illuminate/Container/Util::unwrapIfClosure(Object(Closure))
#12 C:/Users/admin/Desktop/flutter/ecommerce_java/lib/ecommerce-project/vendor/laravel/framework/src/Illuminate/Container/BoundMethod.php(35): Illuminate/Container/BoundMethod::callBoundMethod(Object(Illuminate/Foundation/Application), Array, Object(Closure))
#13 C:/Users/admin/Desktop/flutter/ecommerce_java/lib/ecommerce-project/vendor/laravel/framework/src/Illuminate/Container/Container.php(662): Illuminate/Container/BoundMethod::call(Object(Illuminate/Foundation/Application), Array, Array, NULL)
#14 C:/Users/admin/Desktop/flutter/ecommerce_java/lib/ecommerce-project/vendor/laravel/framework/src/Illuminate/Console/Command.php(211): Illuminate/Container/Container->call(Array)
#15 C:/Users/admin/Desktop/flutter/ecommerce_java/lib/ecommerce-project/vendor/symfony/console/Command/Command.php(326): Illuminate/Console/Command->execute(Object(Symfony/Component/Console/Input/ArgvInput), Object(Illuminate/Console/OutputStyle))
#16 C:/Users/admin/Desktop/flutter/ecommerce_java/lib/ecommerce-project/vendor/laravel/framework/src/Illuminate/Console/Command.php(180): Symfony/Component/Console/Command/Command->run(Object(Symfony/Component/Console/Input/ArgvInput), Object(Illuminate/Console/OutputStyle))
#17 C:/Users/admin/Desktop/flutter/ecommerce_java/lib/ecommerce-project/vendor/symfony/console/Application.php(1121): Illuminate/Console/Command->run(Object(Symfony/Component/Console/Input/ArgvInput), Object(Symfony/Component/Console/Output/ConsoleOutput))
#18 C:/Users/admin/Desktop/flutter/ecommerce_java/lib/ecommerce-project/vendor/symfony/console/Application.php(324): Symfony/Component/Console/Application->doRunCommand(Object(Illuminate/Database/Console/Seeds/SeedCommand), Object(Symfony/Component/Console/Input/ArgvInput), Object(Symfony/Component/Console/Output/ConsoleOutput))
#19 C:/Users/admin/Desktop/flutter/ecommerce_java/lib/ecommerce-project/vendor/symfony/console/Application.php(175): Symfony/Component/Console/Application->doRun(Object(Symfony/Component/Console/Input/ArgvInput), Object(Symfony/Component/Console/Output/ConsoleOutput))
#20 C:/Users/admin/Desktop/flutter/ecommerce_java/lib/ecommerce-project/vendor/laravel/framework/src/Illuminate/Foundation/Console/Kernel.php(201): Symfony/Component/Console/Application->run(Object(Symfony/Component/Console/Input/ArgvInput), Object(Symfony/Component/Console/Output/ConsoleOutput))
#21 C:/Users/admin/Desktop/flutter/ecommerce_java/lib/ecommerce-project/artisan(35): Illuminate/Foundation/Console/Kernel->handle(Object(Symfony/Component/Console/Input/ArgvInput), Object(Symfony/Component/Console/Output/ConsoleOutput))
#22 {main}
"} 
[2026-07-06 16:10:19] local.ERROR: syntax error, unexpected token "," {"exception":"[object] (ParseError(code: 0): syntax error, unexpected token \",\" at C:/Users/admin/Desktop/flutter/ecommerce_java/lib/ecommerce-project/database/seeders/DatabaseSeeder.php:15)
[stacktrace]
#0 C:/Users/admin/Desktop/flutter/ecommerce_java/lib/ecommerce-project/vendor/composer/ClassLoader.php(427): Composer/Autoload/{closure}('C://Users//admin//...')
#1 [internal function]: Composer/Autoload/ClassLoader->loadClass('Database//Seeder...')
#2 C:/Users/admin/Desktop/flutter/ecommerce_java/lib/ecommerce-project/vendor/laravel/framework/src/Illuminate/Database/Console/Seeds/SeedCommand.php(94): class_exists('Database//Seeder...')
#3 C:/Users/admin/Desktop/flutter/ecommerce_java/lib/ecommerce-project/vendor/laravel/framework/src/Illuminate/Database/Console/Seeds/SeedCommand.php(70): Illuminate/Database/Console/Seeds/SeedCommand->getSeeder()
#4 C:/Users/admin/Desktop/flutter/ecommerce_java/lib/ecommerce-project/vendor/laravel/framework/src/Illuminate/Database/Eloquent/Concerns/GuardsAttributes.php(155): Illuminate/Database/Console/Seeds/SeedCommand->Illuminate/Database/Console/Seeds/{closure}()
#5 C:/Users/admin/Desktop/flutter/ecommerce_java/lib/ecommerce-project/vendor/laravel/framework/src/Illuminate/Database/Console/Seeds/SeedCommand.php(69): Illuminate/Database/Eloquent/Model::unguarded(Object(Closure))
#6 C:/Users/admin/Desktop/flutter/ecommerce_java/lib/ecommerce-project/vendor/laravel/framework/src/Illuminate/Container/BoundMethod.php(36): Illuminate/Database/Console/Seeds/SeedCommand->handle()
#7 C:/Users/admin/Desktop/flutter/ecommerce_java/lib/ecommerce-project/vendor/laravel/framework/src/Illuminate/Container/Util.php(41): Illuminate/Container/BoundMethod::Illuminate/Container/{closure}()
#8 C:/Users/admin/Desktop/flutter/ecommerce_java/lib/ecommerce-project/vendor/laravel/framework/src/Illuminate/Container/BoundMethod.php(93): Illuminate/Container/Util::unwrapIfClosure(Object(Closure))
#9 C:/Users/admin/Desktop/flutter/ecommerce_java/lib/ecommerce-project/vendor/laravel/framework/src/Illuminate/Container/BoundMethod.php(35): Illuminate/Container/BoundMethod::callBoundMethod(Object(Illuminate/Foundation/Application), Array, Object(Closure))
#10 C:/Users/admin/Desktop/flutter/ecommerce_java/lib/ecommerce-project/vendor/laravel/framework/src/Illuminate/Container/Container.php(662): Illuminate/Container/BoundMethod::call(Object(Illuminate/Foundation/Application), Array, Array, NULL)
#11 C:/Users/admin/Desktop/flutter/ecommerce_java/lib/ecommerce-project/vendor/laravel/framework/src/Illuminate/Console/Command.php(211): Illuminate/Container/Container->call(Array)
#12 C:/Users/admin/Desktop/flutter/ecommerce_java/lib/ecommerce-project/vendor/symfony/console/Command/Command.php(326): Illuminate/Console/Command->execute(Object(Symfony/Component/Console/Input/ArgvInput), Object(Illuminate/Console/OutputStyle))
#13 C:/Users/admin/Desktop/flutter/ecommerce_java/lib/ecommerce-project/vendor/laravel/framework/src/Illuminate/Console/Command.php(180): Symfony/Component/Console/Command/Command->run(Object(Symfony/Component/Console/Input/ArgvInput), Object(Illuminate/Console/OutputStyle))
#14 C:/Users/admin/Desktop/flutter/ecommerce_java/lib/ecommerce-project/vendor/symfony/console/Application.php(1121): Illuminate/Console/Command->run(Object(Symfony/Component/Console/Input/ArgvInput), Object(Symfony/Component/Console/Output/ConsoleOutput))
#15 C:/Users/admin/Desktop/flutter/ecommerce_java/lib/ecommerce-project/vendor/symfony/console/Application.php(324): Symfony/Component/Console/Application->doRunCommand(Object(Illuminate/Database/Console/Seeds/SeedCommand), Object(Symfony/Component/Console/Input/ArgvInput), Object(Symfony/Component/Console/Output/ConsoleOutput))
#16 C:/Users/admin/Desktop/flutter/ecommerce_java/lib/ecommerce-project/vendor/symfony/console/Application.php(175): Symfony/Component/Console/Application->doRun(Object(Symfony/Component/Console/Input/ArgvInput), Object(Symfony/Component/Console/Output/ConsoleOutput))
#17 C:/Users/admin/Desktop/flutter/ecommerce_java/lib/ecommerce-project/vendor/laravel/framework/src/Illuminate/Foundation/Console/Kernel.php(201): Symfony/Component/Console/Application->run(Object(Symfony/Component/Console/Input/ArgvInput), Object(Symfony/Component/Console/Output/ConsoleOutput))
#18 C:/Users/admin/Desktop/flutter/ecommerce_java/lib/ecommerce-project/artisan(35): Illuminate/Foundation/Console/Kernel->handle(Object(Symfony/Component/Console/Input/ArgvInput), Object(Symfony/Component/Console/Output/ConsoleOutput))
#19 {main}
"} 
[2026-07-06 16:11:04] local.ERROR: syntax error, unexpected token "," {"exception":"[object] (ParseError(code: 0): syntax error, unexpected token \",\" at C:/Users/admin/Desktop/flutter/ecommerce_java/lib/ecommerce-project/database/seeders/DatabaseSeeder.php:15)
[stacktrace]
#0 C:/Users/admin/Desktop/flutter/ecommerce_java/lib/ecommerce-project/vendor/composer/ClassLoader.php(427): Composer/Autoload/{closure}('C://Users//admin//...')
#1 [internal function]: Composer/Autoload/ClassLoader->loadClass('Database//Seeder...')
#2 C:/Users/admin/Desktop/flutter/ecommerce_java/lib/ecommerce-project/vendor/laravel/framework/src/Illuminate/Database/Console/Seeds/SeedCommand.php(94): class_exists('Database//Seeder...')
#3 C:/Users/admin/Desktop/flutter/ecommerce_java/lib/ecommerce-project/vendor/laravel/framework/src/Illuminate/Database/Console/Seeds/SeedCommand.php(70): Illuminate/Database/Console/Seeds/SeedCommand->getSeeder()
#4 C:/Users/admin/Desktop/flutter/ecommerce_java/lib/ecommerce-project/vendor/laravel/framework/src/Illuminate/Database/Eloquent/Concerns/GuardsAttributes.php(155): Illuminate/Database/Console/Seeds/SeedCommand->Illuminate/Database/Console/Seeds/{closure}()
#5 C:/Users/admin/Desktop/flutter/ecommerce_java/lib/ecommerce-project/vendor/laravel/framework/src/Illuminate/Database/Console/Seeds/SeedCommand.php(69): Illuminate/Database/Eloquent/Model::unguarded(Object(Closure))
#6 C:/Users/admin/Desktop/flutter/ecommerce_java/lib/ecommerce-project/vendor/laravel/framework/src/Illuminate/Container/BoundMethod.php(36): Illuminate/Database/Console/Seeds/SeedCommand->handle()
#7 C:/Users/admin/Desktop/flutter/ecommerce_java/lib/ecommerce-project/vendor/laravel/framework/src/Illuminate/Container/Util.php(41): Illuminate/Container/BoundMethod::Illuminate/Container/{closure}()
#8 C:/Users/admin/Desktop/flutter/ecommerce_java/lib/ecommerce-project/vendor/laravel/framework/src/Illuminate/Container/BoundMethod.php(93): Illuminate/Container/Util::unwrapIfClosure(Object(Closure))
#9 C:/Users/admin/Desktop/flutter/ecommerce_java/lib/ecommerce-project/vendor/laravel/framework/src/Illuminate/Container/BoundMethod.php(35): Illuminate/Container/BoundMethod::callBoundMethod(Object(Illuminate/Foundation/Application), Array, Object(Closure))
#10 C:/Users/admin/Desktop/flutter/ecommerce_java/lib/ecommerce-project/vendor/laravel/framework/src/Illuminate/Container/Container.php(662): Illuminate/Container/BoundMethod::call(Object(Illuminate/Foundation/Application), Array, Array, NULL)
#11 C:/Users/admin/Desktop/flutter/ecommerce_java/lib/ecommerce-project/vendor/laravel/framework/src/Illuminate/Console/Command.php(211): Illuminate/Container/Container->call(Array)
#12 C:/Users/admin/Desktop/flutter/ecommerce_java/lib/ecommerce-project/vendor/symfony/console/Command/Command.php(326): Illuminate/Console/Command->execute(Object(Symfony/Component/Console/Input/ArgvInput), Object(Illuminate/Console/OutputStyle))
#13 C:/Users/admin/Desktop/flutter/ecommerce_java/lib/ecommerce-project/vendor/laravel/framework/src/Illuminate/Console/Command.php(180): Symfony/Component/Console/Command/Command->run(Object(Symfony/Component/Console/Input/ArgvInput), Object(Illuminate/Console/OutputStyle))
#14 C:/Users/admin/Desktop/flutter/ecommerce_java/lib/ecommerce-project/vendor/symfony/console/Application.php(1121): Illuminate/Console/Command->run(Object(Symfony/Component/Console/Input/ArgvInput), Object(Symfony/Component/Console/Output/ConsoleOutput))
#15 C:/Users/admin/Desktop/flutter/ecommerce_java/lib/ecommerce-project/vendor/symfony/console/Application.php(324): Symfony/Component/Console/Application->doRunCommand(Object(Illuminate/Database/Console/Seeds/SeedCommand), Object(Symfony/Component/Console/Input/ArgvInput), Object(Symfony/Component/Console/Output/ConsoleOutput))
#16 C:/Users/admin/Desktop/flutter/ecommerce_java/lib/ecommerce-project/vendor/symfony/console/Application.php(175): Symfony/Component/Console/Application->doRun(Object(Symfony/Component/Console/Input/ArgvInput), Object(Symfony/Component/Console/Output/ConsoleOutput))
#17 C:/Users/admin/Desktop/flutter/ecommerce_java/lib/ecommerce-project/vendor/laravel/framework/src/Illuminate/Foundation/Console/Kernel.php(201): Symfony/Component/Console/Application->run(Object(Symfony/Component/Console/Input/ArgvInput), Object(Symfony/Component/Console/Output/ConsoleOutput))
#18 C:/Users/admin/Desktop/flutter/ecommerce_java/lib/ecommerce-project/artisan(35): Illuminate/Foundation/Console/Kernel->handle(Object(Symfony/Component/Console/Input/ArgvInput), Object(Symfony/Component/Console/Output/ConsoleOutput))
#19 {main}
"} 
[2026-07-06 16:11:42] local.ERROR: Target class [App\Models\ProductSeeder] does not exist. {"exception":"[object] (Illuminate\\Contracts\\Container\\BindingResolutionException(code: 0): Target class [App\\Models\\ProductSeeder] does not exist. at C:/Users/admin/Desktop/flutter/ecommerce_java/lib/ecommerce-project/vendor/laravel/framework/src/Illuminate/Container/Container.php:914)
[stacktrace]
#0 C:/Users/admin/Desktop/flutter/ecommerce_java/lib/ecommerce-project/vendor/laravel/framework/src/Illuminate/Container/Container.php(795): Illuminate/Container/Container->build('App//Models//Prod...')
#1 C:/Users/admin/Desktop/flutter/ecommerce_java/lib/ecommerce-project/vendor/laravel/framework/src/Illuminate/Foundation/Application.php(986): Illuminate/Container/Container->resolve('App//Models//Prod...', Array, true)
#2 C:/Users/admin/Desktop/flutter/ecommerce_java/lib/ecommerce-project/vendor/laravel/framework/src/Illuminate/Container/Container.php(731): Illuminate/Foundation/Application->resolve('App//Models//Prod...', Array)
#3 C:/Users/admin/Desktop/flutter/ecommerce_java/lib/ecommerce-project/vendor/laravel/framework/src/Illuminate/Foundation/Application.php(971): Illuminate/Container/Container->make('App//Models//Prod...', Array)
#4 C:/Users/admin/Desktop/flutter/ecommerce_java/lib/ecommerce-project/vendor/laravel/framework/src/Illuminate/Database/Seeder.php(129): Illuminate/Foundation/Application->make('App//Models//Prod...')
#5 C:/Users/admin/Desktop/flutter/ecommerce_java/lib/ecommerce-project/vendor/laravel/framework/src/Illuminate/Database/Seeder.php(48): Illuminate/Database/Seeder->resolve('App//Models//Prod...')
#6 C:/Users/admin/Desktop/flutter/ecommerce_java/lib/ecommerce-project/database/seeders/DatabaseSeeder.php(15): Illuminate/Database/Seeder->call('App//Models//Prod...')
#7 C:/Users/admin/Desktop/flutter/ecommerce_java/lib/ecommerce-project/vendor/laravel/framework/src/Illuminate/Container/BoundMethod.php(36): Database/Seeders/DatabaseSeeder->run()
#8 C:/Users/admin/Desktop/flutter/ecommerce_java/lib/ecommerce-project/vendor/laravel/framework/src/Illuminate/Container/Util.php(41): Illuminate/Container/BoundMethod::Illuminate/Container/{closure}()
#9 C:/Users/admin/Desktop/flutter/ecommerce_java/lib/ecommerce-project/vendor/laravel/framework/src/Illuminate/Container/BoundMethod.php(93): Illuminate/Container/Util::unwrapIfClosure(Object(Closure))
#10 C:/Users/admin/Desktop/flutter/ecommerce_java/lib/ecommerce-project/vendor/laravel/framework/src/Illuminate/Container/BoundMethod.php(35): Illuminate/Container/BoundMethod::callBoundMethod(Object(Illuminate/Foundation/Application), Array, Object(Closure))
#11 C:/Users/admin/Desktop/flutter/ecommerce_java/lib/ecommerce-project/vendor/laravel/framework/src/Illuminate/Container/Container.php(662): Illuminate/Container/BoundMethod::call(Object(Illuminate/Foundation/Application), Array, Array, NULL)
#12 C:/Users/admin/Desktop/flutter/ecommerce_java/lib/ecommerce-project/vendor/laravel/framework/src/Illuminate/Database/Seeder.php(184): Illuminate/Container/Container->call(Array, Array)
#13 C:/Users/admin/Desktop/flutter/ecommerce_java/lib/ecommerce-project/vendor/laravel/framework/src/Illuminate/Database/Seeder.php(193): Illuminate/Database/Seeder->Illuminate/Database/{closure}()
#14 C:/Users/admin/Desktop/flutter/ecommerce_java/lib/ecommerce-project/vendor/laravel/framework/src/Illuminate/Database/Console/Seeds/SeedCommand.php(70): Illuminate/Database/Seeder->__invoke()
#15 C:/Users/admin/Desktop/flutter/ecommerce_java/lib/ecommerce-project/vendor/laravel/framework/src/Illuminate/Database/Eloquent/Concerns/GuardsAttributes.php(155): Illuminate/Database/Console/Seeds/SeedCommand->Illuminate/Database/Console/Seeds/{closure}()
#16 C:/Users/admin/Desktop/flutter/ecommerce_java/lib/ecommerce-project/vendor/laravel/framework/src/Illuminate/Database/Console/Seeds/SeedCommand.php(69): Illuminate/Database/Eloquent/Model::unguarded(Object(Closure))
#17 C:/Users/admin/Desktop/flutter/ecommerce_java/lib/ecommerce-project/vendor/laravel/framework/src/Illuminate/Container/BoundMethod.php(36): Illuminate/Database/Console/Seeds/SeedCommand->handle()
#18 C:/Users/admin/Desktop/flutter/ecommerce_java/lib/ecommerce-project/vendor/laravel/framework/src/Illuminate/Container/Util.php(41): Illuminate/Container/BoundMethod::Illuminate/Container/{closure}()
#19 C:/Users/admin/Desktop/flutter/ecommerce_java/lib/ecommerce-project/vendor/laravel/framework/src/Illuminate/Container/BoundMethod.php(93): Illuminate/Container/Util::unwrapIfClosure(Object(Closure))
#20 C:/Users/admin/Desktop/flutter/ecommerce_java/lib/ecommerce-project/vendor/laravel/framework/src/Illuminate/Container/BoundMethod.php(35): Illuminate/Container/BoundMethod::callBoundMethod(Object(Illuminate/Foundation/Application), Array, Object(Closure))
#21 C:/Users/admin/Desktop/flutter/ecommerce_java/lib/ecommerce-project/vendor/laravel/framework/src/Illuminate/Container/Container.php(662): Illuminate/Container/BoundMethod::call(Object(Illuminate/Foundation/Application), Array, Array, NULL)
#22 C:/Users/admin/Desktop/flutter/ecommerce_java/lib/ecommerce-project/vendor/laravel/framework/src/Illuminate/Console/Command.php(211): Illuminate/Container/Container->call(Array)
#23 C:/Users/admin/Desktop/flutter/ecommerce_java/lib/ecommerce-project/vendor/symfony/console/Command/Command.php(326): Illuminate/Console/Command->execute(Object(Symfony/Component/Console/Input/ArgvInput), Object(Illuminate/Console/OutputStyle))
#24 C:/Users/admin/Desktop/flutter/ecommerce_java/lib/ecommerce-project/vendor/laravel/framework/src/Illuminate/Console/Command.php(180): Symfony/Component/Console/Command/Command->run(Object(Symfony/Component/Console/Input/ArgvInput), Object(Illuminate/Console/OutputStyle))
#25 C:/Users/admin/Desktop/flutter/ecommerce_java/lib/ecommerce-project/vendor/symfony/console/Application.php(1121): Illuminate/Console/Command->run(Object(Symfony/Component/Console/Input/ArgvInput), Object(Symfony/Component/Console/Output/ConsoleOutput))
#26 C:/Users/admin/Desktop/flutter/ecommerce_java/lib/ecommerce-project/vendor/symfony/console/Application.php(324): Symfony/Component/Console/Application->doRunCommand(Object(Illuminate/Database/Console/Seeds/SeedCommand), Object(Symfony/Component/Console/Input/ArgvInput), Object(Symfony/Component/Console/Output/ConsoleOutput))
#27 C:/Users/admin/Desktop/flutter/ecommerce_java/lib/ecommerce-project/vendor/symfony/console/Application.php(175): Symfony/Component/Console/Application->doRun(Object(Symfony/Component/Console/Input/ArgvInput), Object(Symfony/Component/Console/Output/ConsoleOutput))
#28 C:/Users/admin/Desktop/flutter/ecommerce_java/lib/ecommerce-project/vendor/laravel/framework/src/Illuminate/Foundation/Console/Kernel.php(201): Symfony/Component/Console/Application->run(Object(Symfony/Component/Console/Input/ArgvInput), Object(Symfony/Component/Console/Output/ConsoleOutput))
#29 C:/Users/admin/Desktop/flutter/ecommerce_java/lib/ecommerce-project/artisan(35): Illuminate/Foundation/Console/Kernel->handle(Object(Symfony/Component/Console/Input/ArgvInput), Object(Symfony/Component/Console/Output/ConsoleOutput))
#30 {main}

[previous exception] [object] (ReflectionException(code: -1): Class \"App\\Models\\ProductSeeder\" does not exist at C:/Users/admin/Desktop/flutter/ecommerce_java/lib/ecommerce-project/vendor/laravel/framework/src/Illuminate/Container/Container.php:912)
[stacktrace]
#0 C:/Users/admin/Desktop/flutter/ecommerce_java/lib/ecommerce-project/vendor/laravel/framework/src/Illuminate/Container/Container.php(912): ReflectionClass->__construct('App//Models//Prod...')
#1 C:/Users/admin/Desktop/flutter/ecommerce_java/lib/ecommerce-project/vendor/laravel/framework/src/Illuminate/Container/Container.php(795): Illuminate/Container/Container->build('App//Models//Prod...')
#2 C:/Users/admin/Desktop/flutter/ecommerce_java/lib/ecommerce-project/vendor/laravel/framework/src/Illuminate/Foundation/Application.php(986): Illuminate/Container/Container->resolve('App//Models//Prod...', Array, true)
#3 C:/Users/admin/Desktop/flutter/ecommerce_java/lib/ecommerce-project/vendor/laravel/framework/src/Illuminate/Container/Container.php(731): Illuminate/Foundation/Application->resolve('App//Models//Prod...', Array)
#4 C:/Users/admin/Desktop/flutter/ecommerce_java/lib/ecommerce-project/vendor/laravel/framework/src/Illuminate/Foundation/Application.php(971): Illuminate/Container/Container->make('App//Models//Prod...', Array)
#5 C:/Users/admin/Desktop/flutter/ecommerce_java/lib/ecommerce-project/vendor/laravel/framework/src/Illuminate/Database/Seeder.php(129): Illuminate/Foundation/Application->make('App//Models//Prod...')
#6 C:/Users/admin/Desktop/flutter/ecommerce_java/lib/ecommerce-project/vendor/laravel/framework/src/Illuminate/Database/Seeder.php(48): Illuminate/Database/Seeder->resolve('App//Models//Prod...')
#7 C:/Users/admin/Desktop/flutter/ecommerce_java/lib/ecommerce-project/database/seeders/DatabaseSeeder.php(15): Illuminate/Database/Seeder->call('App//Models//Prod...')
#8 C:/Users/admin/Desktop/flutter/ecommerce_java/lib/ecommerce-project/vendor/laravel/framework/src/Illuminate/Container/BoundMethod.php(36): Database/Seeders/DatabaseSeeder->run()
#9 C:/Users/admin/Desktop/flutter/ecommerce_java/lib/ecommerce-project/vendor/laravel/framework/src/Illuminate/Container/Util.php(41): Illuminate/Container/BoundMethod::Illuminate/Container/{closure}()
#10 C:/Users/admin/Desktop/flutter/ecommerce_java/lib/ecommerce-project/vendor/laravel/framework/src/Illuminate/Container/BoundMethod.php(93): Illuminate/Container/Util::unwrapIfClosure(Object(Closure))
#11 C:/Users/admin/Desktop/flutter/ecommerce_java/lib/ecommerce-project/vendor/laravel/framework/src/Illuminate/Container/BoundMethod.php(35): Illuminate/Container/BoundMethod::callBoundMethod(Object(Illuminate/Foundation/Application), Array, Object(Closure))
#12 C:/Users/admin/Desktop/flutter/ecommerce_java/lib/ecommerce-project/vendor/laravel/framework/src/Illuminate/Container/Container.php(662): Illuminate/Container/BoundMethod::call(Object(Illuminate/Foundation/Application), Array, Array, NULL)
#13 C:/Users/admin/Desktop/flutter/ecommerce_java/lib/ecommerce-project/vendor/laravel/framework/src/Illuminate/Database/Seeder.php(184): Illuminate/Container/Container->call(Array, Array)
#14 C:/Users/admin/Desktop/flutter/ecommerce_java/lib/ecommerce-project/vendor/laravel/framework/src/Illuminate/Database/Seeder.php(193): Illuminate/Database/Seeder->Illuminate/Database/{closure}()
#15 C:/Users/admin/Desktop/flutter/ecommerce_java/lib/ecommerce-project/vendor/laravel/framework/src/Illuminate/Database/Console/Seeds/SeedCommand.php(70): Illuminate/Database/Seeder->__invoke()
#16 C:/Users/admin/Desktop/flutter/ecommerce_java/lib/ecommerce-project/vendor/laravel/framework/src/Illuminate/Database/Eloquent/Concerns/GuardsAttributes.php(155): Illuminate/Database/Console/Seeds/SeedCommand->Illuminate/Database/Console/Seeds/{closure}()
#17 C:/Users/admin/Desktop/flutter/ecommerce_java/lib/ecommerce-project/vendor/laravel/framework/src/Illuminate/Database/Console/Seeds/SeedCommand.php(69): Illuminate/Database/Eloquent/Model::unguarded(Object(Closure))
#18 C:/Users/admin/Desktop/flutter/ecommerce_java/lib/ecommerce-project/vendor/laravel/framework/src/Illuminate/Container/BoundMethod.php(36): Illuminate/Database/Console/Seeds/SeedCommand->handle()
#19 C:/Users/admin/Desktop/flutter/ecommerce_java/lib/ecommerce-project/vendor/laravel/framework/src/Illuminate/Container/Util.php(41): Illuminate/Container/BoundMethod::Illuminate/Container/{closure}()
#20 C:/Users/admin/Desktop/flutter/ecommerce_java/lib/ecommerce-project/vendor/laravel/framework/src/Illuminate/Container/BoundMethod.php(93): Illuminate/Container/Util::unwrapIfClosure(Object(Closure))
#21 C:/Users/admin/Desktop/flutter/ecommerce_java/lib/ecommerce-project/vendor/laravel/framework/src/Illuminate/Container/BoundMethod.php(35): Illuminate/Container/BoundMethod::callBoundMethod(Object(Illuminate/Foundation/Application), Array, Object(Closure))
#22 C:/Users/admin/Desktop/flutter/ecommerce_java/lib/ecommerce-project/vendor/laravel/framework/src/Illuminate/Container/Container.php(662): Illuminate/Container/BoundMethod::call(Object(Illuminate/Foundation/Application), Array, Array, NULL)
#23 C:/Users/admin/Desktop/flutter/ecommerce_java/lib/ecommerce-project/vendor/laravel/framework/src/Illuminate/Console/Command.php(211): Illuminate/Container/Container->call(Array)
#24 C:/Users/admin/Desktop/flutter/ecommerce_java/lib/ecommerce-project/vendor/symfony/console/Command/Command.php(326): Illuminate/Console/Command->execute(Object(Symfony/Component/Console/Input/ArgvInput), Object(Illuminate/Console/OutputStyle))
#25 C:/Users/admin/Desktop/flutter/ecommerce_java/lib/ecommerce-project/vendor/laravel/framework/src/Illuminate/Console/Command.php(180): Symfony/Component/Console/Command/Command->run(Object(Symfony/Component/Console/Input/ArgvInput), Object(Illuminate/Console/OutputStyle))
#26 C:/Users/admin/Desktop/flutter/ecommerce_java/lib/ecommerce-project/vendor/symfony/console/Application.php(1121): Illuminate/Console/Command->run(Object(Symfony/Component/Console/Input/ArgvInput), Object(Symfony/Component/Console/Output/ConsoleOutput))
#27 C:/Users/admin/Desktop/flutter/ecommerce_java/lib/ecommerce-project/vendor/symfony/console/Application.php(324): Symfony/Component/Console/Application->doRunCommand(Object(Illuminate/Database/Console/Seeds/SeedCommand), Object(Symfony/Component/Console/Input/ArgvInput), Object(Symfony/Component/Console/Output/ConsoleOutput))
#28 C:/Users/admin/Desktop/flutter/ecommerce_java/lib/ecommerce-project/vendor/symfony/console/Application.php(175): Symfony/Component/Console/Application->doRun(Object(Symfony/Component/Console/Input/ArgvInput), Object(Symfony/Component/Console/Output/ConsoleOutput))
#29 C:/Users/admin/Desktop/flutter/ecommerce_java/lib/ecommerce-project/vendor/laravel/framework/src/Illuminate/Foundation/Console/Kernel.php(201): Symfony/Component/Console/Application->run(Object(Symfony/Component/Console/Input/ArgvInput), Object(Symfony/Component/Console/Output/ConsoleOutput))
#30 C:/Users/admin/Desktop/flutter/ecommerce_java/lib/ecommerce-project/artisan(35): Illuminate/Foundation/Console/Kernel->handle(Object(Symfony/Component/Console/Input/ArgvInput), Object(Symfony/Component/Console/Output/ConsoleOutput))
#31 {main}
"} 
[2026-07-06 16:12:44] local.ERROR: Class "Database\Seeders\Product" not found {"exception":"[object] (Error(code: 0): Class \"Database\\Seeders\\Product\" not found at C:/Users/admin/Desktop/flutter/ecommerce_java/lib/ecommerce-project/database/seeders/ProductSeeder.php:15)
[stacktrace]
#0 C:/Users/admin/Desktop/flutter/ecommerce_java/lib/ecommerce-project/vendor/laravel/framework/src/Illuminate/Container/BoundMethod.php(36): Database/Seeders/ProductSeeder->run()
#1 C:/Users/admin/Desktop/flutter/ecommerce_java/lib/ecommerce-project/vendor/laravel/framework/src/Illuminate/Container/Util.php(41): Illuminate/Container/BoundMethod::Illuminate/Container/{closure}()
#2 C:/Users/admin/Desktop/flutter/ecommerce_java/lib/ecommerce-project/vendor/laravel/framework/src/Illuminate/Container/BoundMethod.php(93): Illuminate/Container/Util::unwrapIfClosure(Object(Closure))
#3 C:/Users/admin/Desktop/flutter/ecommerce_java/lib/ecommerce-project/vendor/laravel/framework/src/Illuminate/Container/BoundMethod.php(35): Illuminate/Container/BoundMethod::callBoundMethod(Object(Illuminate/Foundation/Application), Array, Object(Closure))
#4 C:/Users/admin/Desktop/flutter/ecommerce_java/lib/ecommerce-project/vendor/laravel/framework/src/Illuminate/Container/Container.php(662): Illuminate/Container/BoundMethod::call(Object(Illuminate/Foundation/Application), Array, Array, NULL)
#5 C:/Users/admin/Desktop/flutter/ecommerce_java/lib/ecommerce-project/vendor/laravel/framework/src/Illuminate/Database/Seeder.php(184): Illuminate/Container/Container->call(Array, Array)
#6 C:/Users/admin/Desktop/flutter/ecommerce_java/lib/ecommerce-project/vendor/laravel/framework/src/Illuminate/Database/Seeder.php(193): Illuminate/Database/Seeder->Illuminate/Database/{closure}()
#7 C:/Users/admin/Desktop/flutter/ecommerce_java/lib/ecommerce-project/vendor/laravel/framework/src/Illuminate/Database/Seeder.php(61): Illuminate/Database/Seeder->__invoke(Array)
#8 C:/Users/admin/Desktop/flutter/ecommerce_java/lib/ecommerce-project/database/seeders/DatabaseSeeder.php(15): Illuminate/Database/Seeder->call('Database//Seeder...')
#9 C:/Users/admin/Desktop/flutter/ecommerce_java/lib/ecommerce-project/vendor/laravel/framework/src/Illuminate/Container/BoundMethod.php(36): Database/Seeders/DatabaseSeeder->run()
#10 C:/Users/admin/Desktop/flutter/ecommerce_java/lib/ecommerce-project/vendor/laravel/framework/src/Illuminate/Container/Util.php(41): Illuminate/Container/BoundMethod::Illuminate/Container/{closure}()
#11 C:/Users/admin/Desktop/flutter/ecommerce_java/lib/ecommerce-project/vendor/laravel/framework/src/Illuminate/Container/BoundMethod.php(93): Illuminate/Container/Util::unwrapIfClosure(Object(Closure))
#12 C:/Users/admin/Desktop/flutter/ecommerce_java/lib/ecommerce-project/vendor/laravel/framework/src/Illuminate/Container/BoundMethod.php(35): Illuminate/Container/BoundMethod::callBoundMethod(Object(Illuminate/Foundation/Application), Array, Object(Closure))
#13 C:/Users/admin/Desktop/flutter/ecommerce_java/lib/ecommerce-project/vendor/laravel/framework/src/Illuminate/Container/Container.php(662): Illuminate/Container/BoundMethod::call(Object(Illuminate/Foundation/Application), Array, Array, NULL)
#14 C:/Users/admin/Desktop/flutter/ecommerce_java/lib/ecommerce-project/vendor/laravel/framework/src/Illuminate/Database/Seeder.php(184): Illuminate/Container/Container->call(Array, Array)
#15 C:/Users/admin/Desktop/flutter/ecommerce_java/lib/ecommerce-project/vendor/laravel/framework/src/Illuminate/Database/Seeder.php(193): Illuminate/Database/Seeder->Illuminate/Database/{closure}()
#16 C:/Users/admin/Desktop/flutter/ecommerce_java/lib/ecommerce-project/vendor/laravel/framework/src/Illuminate/Database/Console/Seeds/SeedCommand.php(70): Illuminate/Database/Seeder->__invoke()
#17 C:/Users/admin/Desktop/flutter/ecommerce_java/lib/ecommerce-project/vendor/laravel/framework/src/Illuminate/Database/Eloquent/Concerns/GuardsAttributes.php(155): Illuminate/Database/Console/Seeds/SeedCommand->Illuminate/Database/Console/Seeds/{closure}()
#18 C:/Users/admin/Desktop/flutter/ecommerce_java/lib/ecommerce-project/vendor/laravel/framework/src/Illuminate/Database/Console/Seeds/SeedCommand.php(69): Illuminate/Database/Eloquent/Model::unguarded(Object(Closure))
#19 C:/Users/admin/Desktop/flutter/ecommerce_java/lib/ecommerce-project/vendor/laravel/framework/src/Illuminate/Container/BoundMethod.php(36): Illuminate/Database/Console/Seeds/SeedCommand->handle()
#20 C:/Users/admin/Desktop/flutter/ecommerce_java/lib/ecommerce-project/vendor/laravel/framework/src/Illuminate/Container/Util.php(41): Illuminate/Container/BoundMethod::Illuminate/Container/{closure}()
#21 C:/Users/admin/Desktop/flutter/ecommerce_java/lib/ecommerce-project/vendor/laravel/framework/src/Illuminate/Container/BoundMethod.php(93): Illuminate/Container/Util::unwrapIfClosure(Object(Closure))
#22 C:/Users/admin/Desktop/flutter/ecommerce_java/lib/ecommerce-project/vendor/laravel/framework/src/Illuminate/Container/BoundMethod.php(35): Illuminate/Container/BoundMethod::callBoundMethod(Object(Illuminate/Foundation/Application), Array, Object(Closure))
#23 C:/Users/admin/Desktop/flutter/ecommerce_java/lib/ecommerce-project/vendor/laravel/framework/src/Illuminate/Container/Container.php(662): Illuminate/Container/BoundMethod::call(Object(Illuminate/Foundation/Application), Array, Array, NULL)
#24 C:/Users/admin/Desktop/flutter/ecommerce_java/lib/ecommerce-project/vendor/laravel/framework/src/Illuminate/Console/Command.php(211): Illuminate/Container/Container->call(Array)
#25 C:/Users/admin/Desktop/flutter/ecommerce_java/lib/ecommerce-project/vendor/symfony/console/Command/Command.php(326): Illuminate/Console/Command->execute(Object(Symfony/Component/Console/Input/ArgvInput), Object(Illuminate/Console/OutputStyle))
#26 C:/Users/admin/Desktop/flutter/ecommerce_java/lib/ecommerce-project/vendor/laravel/framework/src/Illuminate/Console/Command.php(180): Symfony/Component/Console/Command/Command->run(Object(Symfony/Component/Console/Input/ArgvInput), Object(Illuminate/Console/OutputStyle))
#27 C:/Users/admin/Desktop/flutter/ecommerce_java/lib/ecommerce-project/vendor/symfony/console/Application.php(1121): Illuminate/Console/Command->run(Object(Symfony/Component/Console/Input/ArgvInput), Object(Symfony/Component/Console/Output/ConsoleOutput))
#28 C:/Users/admin/Desktop/flutter/ecommerce_java/lib/ecommerce-project/vendor/symfony/console/Application.php(324): Symfony/Component/Console/Application->doRunCommand(Object(Illuminate/Database/Console/Seeds/SeedCommand), Object(Symfony/Component/Console/Input/ArgvInput), Object(Symfony/Component/Console/Output/ConsoleOutput))
#29 C:/Users/admin/Desktop/flutter/ecommerce_java/lib/ecommerce-project/vendor/symfony/console/Application.php(175): Symfony/Component/Console/Application->doRun(Object(Symfony/Component/Console/Input/ArgvInput), Object(Symfony/Component/Console/Output/ConsoleOutput))
#30 C:/Users/admin/Desktop/flutter/ecommerce_java/lib/ecommerce-project/vendor/laravel/framework/src/Illuminate/Foundation/Console/Kernel.php(201): Symfony/Component/Console/Application->run(Object(Symfony/Component/Console/Input/ArgvInput), Object(Symfony/Component/Console/Output/ConsoleOutput))
#31 C:/Users/admin/Desktop/flutter/ecommerce_java/lib/ecommerce-project/artisan(35): Illuminate/Foundation/Console/Kernel->handle(Object(Symfony/Component/Console/Input/ArgvInput), Object(Symfony/Component/Console/Output/ConsoleOutput))
#32 {main}
"} 
[2026-07-06 16:13:12] local.ERROR: Class "Database\Seeders\Product" not found {"exception":"[object] (Error(code: 0): Class \"Database\\Seeders\\Product\" not found at C:/Users/admin/Desktop/flutter/ecommerce_java/lib/ecommerce-project/database/seeders/ProductSeeder.php:15)
[stacktrace]
#0 C:/Users/admin/Desktop/flutter/ecommerce_java/lib/ecommerce-project/vendor/laravel/framework/src/Illuminate/Container/BoundMethod.php(36): Database/Seeders/ProductSeeder->run()
#1 C:/Users/admin/Desktop/flutter/ecommerce_java/lib/ecommerce-project/vendor/laravel/framework/src/Illuminate/Container/Util.php(41): Illuminate/Container/BoundMethod::Illuminate/Container/{closure}()
#2 C:/Users/admin/Desktop/flutter/ecommerce_java/lib/ecommerce-project/vendor/laravel/framework/src/Illuminate/Container/BoundMethod.php(93): Illuminate/Container/Util::unwrapIfClosure(Object(Closure))
#3 C:/Users/admin/Desktop/flutter/ecommerce_java/lib/ecommerce-project/vendor/laravel/framework/src/Illuminate/Container/BoundMethod.php(35): Illuminate/Container/BoundMethod::callBoundMethod(Object(Illuminate/Foundation/Application), Array, Object(Closure))
#4 C:/Users/admin/Desktop/flutter/ecommerce_java/lib/ecommerce-project/vendor/laravel/framework/src/Illuminate/Container/Container.php(662): Illuminate/Container/BoundMethod::call(Object(Illuminate/Foundation/Application), Array, Array, NULL)
#5 C:/Users/admin/Desktop/flutter/ecommerce_java/lib/ecommerce-project/vendor/laravel/framework/src/Illuminate/Database/Seeder.php(184): Illuminate/Container/Container->call(Array, Array)
#6 C:/Users/admin/Desktop/flutter/ecommerce_java/lib/ecommerce-project/vendor/laravel/framework/src/Illuminate/Database/Seeder.php(193): Illuminate/Database/Seeder->Illuminate/Database/{closure}()
#7 C:/Users/admin/Desktop/flutter/ecommerce_java/lib/ecommerce-project/vendor/laravel/framework/src/Illuminate/Database/Seeder.php(61): Illuminate/Database/Seeder->__invoke(Array)
#8 C:/Users/admin/Desktop/flutter/ecommerce_java/lib/ecommerce-project/database/seeders/DatabaseSeeder.php(15): Illuminate/Database/Seeder->call('Database//Seeder...')
#9 C:/Users/admin/Desktop/flutter/ecommerce_java/lib/ecommerce-project/vendor/laravel/framework/src/Illuminate/Container/BoundMethod.php(36): Database/Seeders/DatabaseSeeder->run()
#10 C:/Users/admin/Desktop/flutter/ecommerce_java/lib/ecommerce-project/vendor/laravel/framework/src/Illuminate/Container/Util.php(41): Illuminate/Container/BoundMethod::Illuminate/Container/{closure}()
#11 C:/Users/admin/Desktop/flutter/ecommerce_java/lib/ecommerce-project/vendor/laravel/framework/src/Illuminate/Container/BoundMethod.php(93): Illuminate/Container/Util::unwrapIfClosure(Object(Closure))
#12 C:/Users/admin/Desktop/flutter/ecommerce_java/lib/ecommerce-project/vendor/laravel/framework/src/Illuminate/Container/BoundMethod.php(35): Illuminate/Container/BoundMethod::callBoundMethod(Object(Illuminate/Foundation/Application), Array, Object(Closure))
#13 C:/Users/admin/Desktop/flutter/ecommerce_java/lib/ecommerce-project/vendor/laravel/framework/src/Illuminate/Container/Container.php(662): Illuminate/Container/BoundMethod::call(Object(Illuminate/Foundation/Application), Array, Array, NULL)
#14 C:/Users/admin/Desktop/flutter/ecommerce_java/lib/ecommerce-project/vendor/laravel/framework/src/Illuminate/Database/Seeder.php(184): Illuminate/Container/Container->call(Array, Array)
#15 C:/Users/admin/Desktop/flutter/ecommerce_java/lib/ecommerce-project/vendor/laravel/framework/src/Illuminate/Database/Seeder.php(193): Illuminate/Database/Seeder->Illuminate/Database/{closure}()
#16 C:/Users/admin/Desktop/flutter/ecommerce_java/lib/ecommerce-project/vendor/laravel/framework/src/Illuminate/Database/Console/Seeds/SeedCommand.php(70): Illuminate/Database/Seeder->__invoke()
#17 C:/Users/admin/Desktop/flutter/ecommerce_java/lib/ecommerce-project/vendor/laravel/framework/src/Illuminate/Database/Eloquent/Concerns/GuardsAttributes.php(155): Illuminate/Database/Console/Seeds/SeedCommand->Illuminate/Database/Console/Seeds/{closure}()
#18 C:/Users/admin/Desktop/flutter/ecommerce_java/lib/ecommerce-project/vendor/laravel/framework/src/Illuminate/Database/Console/Seeds/SeedCommand.php(69): Illuminate/Database/Eloquent/Model::unguarded(Object(Closure))
#19 C:/Users/admin/Desktop/flutter/ecommerce_java/lib/ecommerce-project/vendor/laravel/framework/src/Illuminate/Container/BoundMethod.php(36): Illuminate/Database/Console/Seeds/SeedCommand->handle()
#20 C:/Users/admin/Desktop/flutter/ecommerce_java/lib/ecommerce-project/vendor/laravel/framework/src/Illuminate/Container/Util.php(41): Illuminate/Container/BoundMethod::Illuminate/Container/{closure}()
#21 C:/Users/admin/Desktop/flutter/ecommerce_java/lib/ecommerce-project/vendor/laravel/framework/src/Illuminate/Container/BoundMethod.php(93): Illuminate/Container/Util::unwrapIfClosure(Object(Closure))
#22 C:/Users/admin/Desktop/flutter/ecommerce_java/lib/ecommerce-project/vendor/laravel/framework/src/Illuminate/Container/BoundMethod.php(35): Illuminate/Container/BoundMethod::callBoundMethod(Object(Illuminate/Foundation/Application), Array, Object(Closure))
#23 C:/Users/admin/Desktop/flutter/ecommerce_java/lib/ecommerce-project/vendor/laravel/framework/src/Illuminate/Container/Container.php(662): Illuminate/Container/BoundMethod::call(Object(Illuminate/Foundation/Application), Array, Array, NULL)
#24 C:/Users/admin/Desktop/flutter/ecommerce_java/lib/ecommerce-project/vendor/laravel/framework/src/Illuminate/Console/Command.php(211): Illuminate/Container/Container->call(Array)
#25 C:/Users/admin/Desktop/flutter/ecommerce_java/lib/ecommerce-project/vendor/symfony/console/Command/Command.php(326): Illuminate/Console/Command->execute(Object(Symfony/Component/Console/Input/ArgvInput), Object(Illuminate/Console/OutputStyle))
#26 C:/Users/admin/Desktop/flutter/ecommerce_java/lib/ecommerce-project/vendor/laravel/framework/src/Illuminate/Console/Command.php(180): Symfony/Component/Console/Command/Command->run(Object(Symfony/Component/Console/Input/ArgvInput), Object(Illuminate/Console/OutputStyle))
#27 C:/Users/admin/Desktop/flutter/ecommerce_java/lib/ecommerce-project/vendor/symfony/console/Application.php(1121): Illuminate/Console/Command->run(Object(Symfony/Component/Console/Input/ArgvInput), Object(Symfony/Component/Console/Output/ConsoleOutput))
#28 C:/Users/admin/Desktop/flutter/ecommerce_java/lib/ecommerce-project/vendor/symfony/console/Application.php(324): Symfony/Component/Console/Application->doRunCommand(Object(Illuminate/Database/Console/Seeds/SeedCommand), Object(Symfony/Component/Console/Input/ArgvInput), Object(Symfony/Component/Console/Output/ConsoleOutput))
#29 C:/Users/admin/Desktop/flutter/ecommerce_java/lib/ecommerce-project/vendor/symfony/console/Application.php(175): Symfony/Component/Console/Application->doRun(Object(Symfony/Component/Console/Input/ArgvInput), Object(Symfony/Component/Console/Output/ConsoleOutput))
#30 C:/Users/admin/Desktop/flutter/ecommerce_java/lib/ecommerce-project/vendor/laravel/framework/src/Illuminate/Foundation/Console/Kernel.php(201): Symfony/Component/Console/Application->run(Object(Symfony/Component/Console/Input/ArgvInput), Object(Symfony/Component/Console/Output/ConsoleOutput))
#31 C:/Users/admin/Desktop/flutter/ecommerce_java/lib/ecommerce-project/artisan(35): Illuminate/Foundation/Console/Kernel->handle(Object(Symfony/Component/Console/Input/ArgvInput), Object(Symfony/Component/Console/Output/ConsoleOutput))
#32 {main}
"} 
[2026-07-06 16:13:45] local.ERROR: Class "Database\Factories\Category" not found {"exception":"[object] (Error(code: 0): Class \"Database\\Factories\\Category\" not found at C:/Users/admin/Desktop/flutter/ecommerce_java/lib/ecommerce-project/database/factories/ProductFactory.php:20)
[stacktrace]
#0 C:/Users/admin/Desktop/flutter/ecommerce_java/lib/ecommerce-project/vendor/laravel/framework/src/Illuminate/Database/Eloquent/Factories/Factory.php(454): Database/Factories/ProductFactory->definition()
#1 C:/Users/admin/Desktop/flutter/ecommerce_java/lib/ecommerce-project/vendor/laravel/framework/src/Illuminate/Database/Eloquent/Factories/Factory.php(433): Illuminate/Database/Eloquent/Factories/Factory->getRawAttributes(NULL)
#2 C:/Users/admin/Desktop/flutter/ecommerce_java/lib/ecommerce-project/vendor/laravel/framework/src/Illuminate/Database/Eloquent/Factories/Factory.php(417): Illuminate/Database/Eloquent/Factories/Factory->getExpandedAttributes(NULL)
#3 C:/Users/admin/Desktop/flutter/ecommerce_java/lib/ecommerce-project/vendor/laravel/framework/src/Illuminate/Database/Eloquent/Concerns/GuardsAttributes.php(149): Illuminate/Database/Eloquent/Factories/Factory->Illuminate/Database/Eloquent/Factories/{closure}()
#4 C:/Users/admin/Desktop/flutter/ecommerce_java/lib/ecommerce-project/vendor/laravel/framework/src/Illuminate/Database/Eloquent/Factories/Factory.php(416): Illuminate/Database/Eloquent/Model::unguarded(Object(Closure))
#5 C:/Users/admin/Desktop/flutter/ecommerce_java/lib/ecommerce-project/vendor/laravel/framework/src/Illuminate/Database/Eloquent/Factories/Factory.php(400): Illuminate/Database/Eloquent/Factories/Factory->makeInstance(NULL)
#6 [internal function]: Illuminate/Database/Eloquent/Factories/Factory->Illuminate/Database/Eloquent/Factories/{closure}(1)
#7 C:/Users/admin/Desktop/flutter/ecommerce_java/lib/ecommerce-project/vendor/laravel/framework/src/Illuminate/Database/Eloquent/Factories/Factory.php(399): array_map(Object(Closure), Array)
#8 C:/Users/admin/Desktop/flutter/ecommerce_java/lib/ecommerce-project/vendor/laravel/framework/src/Illuminate/Database/Eloquent/Factories/Factory.php(284): Illuminate/Database/Eloquent/Factories/Factory->make(Array, NULL)
#9 C:/Users/admin/Desktop/flutter/ecommerce_java/lib/ecommerce-project/database/seeders/ProductSeeder.php(15): Illuminate/Database/Eloquent/Factories/Factory->create()
#10 C:/Users/admin/Desktop/flutter/ecommerce_java/lib/ecommerce-project/vendor/laravel/framework/src/Illuminate/Container/BoundMethod.php(36): Database/Seeders/ProductSeeder->run()
#11 C:/Users/admin/Desktop/flutter/ecommerce_java/lib/ecommerce-project/vendor/laravel/framework/src/Illuminate/Container/Util.php(41): Illuminate/Container/BoundMethod::Illuminate/Container/{closure}()
#12 C:/Users/admin/Desktop/flutter/ecommerce_java/lib/ecommerce-project/vendor/laravel/framework/src/Illuminate/Container/BoundMethod.php(93): Illuminate/Container/Util::unwrapIfClosure(Object(Closure))
#13 C:/Users/admin/Desktop/flutter/ecommerce_java/lib/ecommerce-project/vendor/laravel/framework/src/Illuminate/Container/BoundMethod.php(35): Illuminate/Container/BoundMethod::callBoundMethod(Object(Illuminate/Foundation/Application), Array, Object(Closure))
#14 C:/Users/admin/Desktop/flutter/ecommerce_java/lib/ecommerce-project/vendor/laravel/framework/src/Illuminate/Container/Container.php(662): Illuminate/Container/BoundMethod::call(Object(Illuminate/Foundation/Application), Array, Array, NULL)
#15 C:/Users/admin/Desktop/flutter/ecommerce_java/lib/ecommerce-project/vendor/laravel/framework/src/Illuminate/Database/Seeder.php(184): Illuminate/Container/Container->call(Array, Array)
#16 C:/Users/admin/Desktop/flutter/ecommerce_java/lib/ecommerce-project/vendor/laravel/framework/src/Illuminate/Database/Seeder.php(193): Illuminate/Database/Seeder->Illuminate/Database/{closure}()
#17 C:/Users/admin/Desktop/flutter/ecommerce_java/lib/ecommerce-project/vendor/laravel/framework/src/Illuminate/Database/Seeder.php(61): Illuminate/Database/Seeder->__invoke(Array)
#18 C:/Users/admin/Desktop/flutter/ecommerce_java/lib/ecommerce-project/database/seeders/DatabaseSeeder.php(15): Illuminate/Database/Seeder->call('Database//Seeder...')
#19 C:/Users/admin/Desktop/flutter/ecommerce_java/lib/ecommerce-project/vendor/laravel/framework/src/Illuminate/Container/BoundMethod.php(36): Database/Seeders/DatabaseSeeder->run()
#20 C:/Users/admin/Desktop/flutter/ecommerce_java/lib/ecommerce-project/vendor/laravel/framework/src/Illuminate/Container/Util.php(41): Illuminate/Container/BoundMethod::Illuminate/Container/{closure}()
#21 C:/Users/admin/Desktop/flutter/ecommerce_java/lib/ecommerce-project/vendor/laravel/framework/src/Illuminate/Container/BoundMethod.php(93): Illuminate/Container/Util::unwrapIfClosure(Object(Closure))
#22 C:/Users/admin/Desktop/flutter/ecommerce_java/lib/ecommerce-project/vendor/laravel/framework/src/Illuminate/Container/BoundMethod.php(35): Illuminate/Container/BoundMethod::callBoundMethod(Object(Illuminate/Foundation/Application), Array, Object(Closure))
#23 C:/Users/admin/Desktop/flutter/ecommerce_java/lib/ecommerce-project/vendor/laravel/framework/src/Illuminate/Container/Container.php(662): Illuminate/Container/BoundMethod::call(Object(Illuminate/Foundation/Application), Array, Array, NULL)
#24 C:/Users/admin/Desktop/flutter/ecommerce_java/lib/ecommerce-project/vendor/laravel/framework/src/Illuminate/Database/Seeder.php(184): Illuminate/Container/Container->call(Array, Array)
#25 C:/Users/admin/Desktop/flutter/ecommerce_java/lib/ecommerce-project/vendor/laravel/framework/src/Illuminate/Database/Seeder.php(193): Illuminate/Database/Seeder->Illuminate/Database/{closure}()
#26 C:/Users/admin/Desktop/flutter/ecommerce_java/lib/ecommerce-project/vendor/laravel/framework/src/Illuminate/Database/Console/Seeds/SeedCommand.php(70): Illuminate/Database/Seeder->__invoke()
#27 C:/Users/admin/Desktop/flutter/ecommerce_java/lib/ecommerce-project/vendor/laravel/framework/src/Illuminate/Database/Eloquent/Concerns/GuardsAttributes.php(155): Illuminate/Database/Console/Seeds/SeedCommand->Illuminate/Database/Console/Seeds/{closure}()
#28 C:/Users/admin/Desktop/flutter/ecommerce_java/lib/ecommerce-project/vendor/laravel/framework/src/Illuminate/Database/Console/Seeds/SeedCommand.php(69): Illuminate/Database/Eloquent/Model::unguarded(Object(Closure))
#29 C:/Users/admin/Desktop/flutter/ecommerce_java/lib/ecommerce-project/vendor/laravel/framework/src/Illuminate/Container/BoundMethod.php(36): Illuminate/Database/Console/Seeds/SeedCommand->handle()
#30 C:/Users/admin/Desktop/flutter/ecommerce_java/lib/ecommerce-project/vendor/laravel/framework/src/Illuminate/Container/Util.php(41): Illuminate/Container/BoundMethod::Illuminate/Container/{closure}()
#31 C:/Users/admin/Desktop/flutter/ecommerce_java/lib/ecommerce-project/vendor/laravel/framework/src/Illuminate/Container/BoundMethod.php(93): Illuminate/Container/Util::unwrapIfClosure(Object(Closure))
#32 C:/Users/admin/Desktop/flutter/ecommerce_java/lib/ecommerce-project/vendor/laravel/framework/src/Illuminate/Container/BoundMethod.php(35): Illuminate/Container/BoundMethod::callBoundMethod(Object(Illuminate/Foundation/Application), Array, Object(Closure))
#33 C:/Users/admin/Desktop/flutter/ecommerce_java/lib/ecommerce-project/vendor/laravel/framework/src/Illuminate/Container/Container.php(662): Illuminate/Container/BoundMethod::call(Object(Illuminate/Foundation/Application), Array, Array, NULL)
#34 C:/Users/admin/Desktop/flutter/ecommerce_java/lib/ecommerce-project/vendor/laravel/framework/src/Illuminate/Console/Command.php(211): Illuminate/Container/Container->call(Array)
#35 C:/Users/admin/Desktop/flutter/ecommerce_java/lib/ecommerce-project/vendor/symfony/console/Command/Command.php(326): Illuminate/Console/Command->execute(Object(Symfony/Component/Console/Input/ArgvInput), Object(Illuminate/Console/OutputStyle))
#36 C:/Users/admin/Desktop/flutter/ecommerce_java/lib/ecommerce-project/vendor/laravel/framework/src/Illuminate/Console/Command.php(180): Symfony/Component/Console/Command/Command->run(Object(Symfony/Component/Console/Input/ArgvInput), Object(Illuminate/Console/OutputStyle))
#37 C:/Users/admin/Desktop/flutter/ecommerce_java/lib/ecommerce-project/vendor/symfony/console/Application.php(1121): Illuminate/Console/Command->run(Object(Symfony/Component/Console/Input/ArgvInput), Object(Symfony/Component/Console/Output/ConsoleOutput))
#38 C:/Users/admin/Desktop/flutter/ecommerce_java/lib/ecommerce-project/vendor/symfony/console/Application.php(324): Symfony/Component/Console/Application->doRunCommand(Object(Illuminate/Database/Console/Seeds/SeedCommand), Object(Symfony/Component/Console/Input/ArgvInput), Object(Symfony/Component/Console/Output/ConsoleOutput))
#39 C:/Users/admin/Desktop/flutter/ecommerce_java/lib/ecommerce-project/vendor/symfony/console/Application.php(175): Symfony/Component/Console/Application->doRun(Object(Symfony/Component/Console/Input/ArgvInput), Object(Symfony/Component/Console/Output/ConsoleOutput))
#40 C:/Users/admin/Desktop/flutter/ecommerce_java/lib/ecommerce-project/vendor/laravel/framework/src/Illuminate/Foundation/Console/Kernel.php(201): Symfony/Component/Console/Application->run(Object(Symfony/Component/Console/Input/ArgvInput), Object(Symfony/Component/Console/Output/ConsoleOutput))
#41 C:/Users/admin/Desktop/flutter/ecommerce_java/lib/ecommerce-project/artisan(35): Illuminate/Foundation/Console/Kernel->handle(Object(Symfony/Component/Console/Input/ArgvInput), Object(Symfony/Component/Console/Output/ConsoleOutput))
#42 {main}
"} 
[2026-07-06 16:15:07] local.ERROR: Unknown format "productName" {"exception":"[object] (InvalidArgumentException(code: 0): Unknown format \"productName\" at C:/Users/admin/Desktop/flutter/ecommerce_java/lib/ecommerce-project/vendor/fakerphp/faker/src/Faker/Generator.php:743)
[stacktrace]
#0 C:/Users/admin/Desktop/flutter/ecommerce_java/lib/ecommerce-project/vendor/fakerphp/faker/src/Faker/Generator.php(708): Faker/Generator->getFormatter('productName')
#1 C:/Users/admin/Desktop/flutter/ecommerce_java/lib/ecommerce-project/vendor/fakerphp/faker/src/Faker/Generator.php(973): Faker/Generator->format('productName', Array)
#2 C:/Users/admin/Desktop/flutter/ecommerce_java/lib/ecommerce-project/database/factories/ProductFactory.php(23): Faker/Generator->__call('productName', Array)
#3 C:/Users/admin/Desktop/flutter/ecommerce_java/lib/ecommerce-project/vendor/laravel/framework/src/Illuminate/Database/Eloquent/Factories/Factory.php(454): Database/Factories/ProductFactory->definition()
#4 C:/Users/admin/Desktop/flutter/ecommerce_java/lib/ecommerce-project/vendor/laravel/framework/src/Illuminate/Database/Eloquent/Factories/Factory.php(433): Illuminate/Database/Eloquent/Factories/Factory->getRawAttributes(NULL)
#5 C:/Users/admin/Desktop/flutter/ecommerce_java/lib/ecommerce-project/vendor/laravel/framework/src/Illuminate/Database/Eloquent/Factories/Factory.php(417): Illuminate/Database/Eloquent/Factories/Factory->getExpandedAttributes(NULL)
#6 C:/Users/admin/Desktop/flutter/ecommerce_java/lib/ecommerce-project/vendor/laravel/framework/src/Illuminate/Database/Eloquent/Concerns/GuardsAttributes.php(149): Illuminate/Database/Eloquent/Factories/Factory->Illuminate/Database/Eloquent/Factories/{closure}()
#7 C:/Users/admin/Desktop/flutter/ecommerce_java/lib/ecommerce-project/vendor/laravel/framework/src/Illuminate/Database/Eloquent/Factories/Factory.php(416): Illuminate/Database/Eloquent/Model::unguarded(Object(Closure))
#8 C:/Users/admin/Desktop/flutter/ecommerce_java/lib/ecommerce-project/vendor/laravel/framework/src/Illuminate/Database/Eloquent/Factories/Factory.php(400): Illuminate/Database/Eloquent/Factories/Factory->makeInstance(NULL)
#9 [internal function]: Illuminate/Database/Eloquent/Factories/Factory->Illuminate/Database/Eloquent/Factories/{closure}(1)
#10 C:/Users/admin/Desktop/flutter/ecommerce_java/lib/ecommerce-project/vendor/laravel/framework/src/Illuminate/Database/Eloquent/Factories/Factory.php(399): array_map(Object(Closure), Array)
#11 C:/Users/admin/Desktop/flutter/ecommerce_java/lib/ecommerce-project/vendor/laravel/framework/src/Illuminate/Database/Eloquent/Factories/Factory.php(284): Illuminate/Database/Eloquent/Factories/Factory->make(Array, NULL)
#12 C:/Users/admin/Desktop/flutter/ecommerce_java/lib/ecommerce-project/database/seeders/ProductSeeder.php(15): Illuminate/Database/Eloquent/Factories/Factory->create()
#13 C:/Users/admin/Desktop/flutter/ecommerce_java/lib/ecommerce-project/vendor/laravel/framework/src/Illuminate/Container/BoundMethod.php(36): Database/Seeders/ProductSeeder->run()
#14 C:/Users/admin/Desktop/flutter/ecommerce_java/lib/ecommerce-project/vendor/laravel/framework/src/Illuminate/Container/Util.php(41): Illuminate/Container/BoundMethod::Illuminate/Container/{closure}()
#15 C:/Users/admin/Desktop/flutter/ecommerce_java/lib/ecommerce-project/vendor/laravel/framework/src/Illuminate/Container/BoundMethod.php(93): Illuminate/Container/Util::unwrapIfClosure(Object(Closure))
#16 C:/Users/admin/Desktop/flutter/ecommerce_java/lib/ecommerce-project/vendor/laravel/framework/src/Illuminate/Container/BoundMethod.php(35): Illuminate/Container/BoundMethod::callBoundMethod(Object(Illuminate/Foundation/Application), Array, Object(Closure))
#17 C:/Users/admin/Desktop/flutter/ecommerce_java/lib/ecommerce-project/vendor/laravel/framework/src/Illuminate/Container/Container.php(662): Illuminate/Container/BoundMethod::call(Object(Illuminate/Foundation/Application), Array, Array, NULL)
#18 C:/Users/admin/Desktop/flutter/ecommerce_java/lib/ecommerce-project/vendor/laravel/framework/src/Illuminate/Database/Seeder.php(184): Illuminate/Container/Container->call(Array, Array)
#19 C:/Users/admin/Desktop/flutter/ecommerce_java/lib/ecommerce-project/vendor/laravel/framework/src/Illuminate/Database/Seeder.php(193): Illuminate/Database/Seeder->Illuminate/Database/{closure}()
#20 C:/Users/admin/Desktop/flutter/ecommerce_java/lib/ecommerce-project/vendor/laravel/framework/src/Illuminate/Database/Seeder.php(61): Illuminate/Database/Seeder->__invoke(Array)
#21 C:/Users/admin/Desktop/flutter/ecommerce_java/lib/ecommerce-project/database/seeders/DatabaseSeeder.php(15): Illuminate/Database/Seeder->call('Database//Seeder...')
#22 C:/Users/admin/Desktop/flutter/ecommerce_java/lib/ecommerce-project/vendor/laravel/framework/src/Illuminate/Container/BoundMethod.php(36): Database/Seeders/DatabaseSeeder->run()
#23 C:/Users/admin/Desktop/flutter/ecommerce_java/lib/ecommerce-project/vendor/laravel/framework/src/Illuminate/Container/Util.php(41): Illuminate/Container/BoundMethod::Illuminate/Container/{closure}()
#24 C:/Users/admin/Desktop/flutter/ecommerce_java/lib/ecommerce-project/vendor/laravel/framework/src/Illuminate/Container/BoundMethod.php(93): Illuminate/Container/Util::unwrapIfClosure(Object(Closure))
#25 C:/Users/admin/Desktop/flutter/ecommerce_java/lib/ecommerce-project/vendor/laravel/framework/src/Illuminate/Container/BoundMethod.php(35): Illuminate/Container/BoundMethod::callBoundMethod(Object(Illuminate/Foundation/Application), Array, Object(Closure))
#26 C:/Users/admin/Desktop/flutter/ecommerce_java/lib/ecommerce-project/vendor/laravel/framework/src/Illuminate/Container/Container.php(662): Illuminate/Container/BoundMethod::call(Object(Illuminate/Foundation/Application), Array, Array, NULL)
#27 C:/Users/admin/Desktop/flutter/ecommerce_java/lib/ecommerce-project/vendor/laravel/framework/src/Illuminate/Database/Seeder.php(184): Illuminate/Container/Container->call(Array, Array)
#28 C:/Users/admin/Desktop/flutter/ecommerce_java/lib/ecommerce-project/vendor/laravel/framework/src/Illuminate/Database/Seeder.php(193): Illuminate/Database/Seeder->Illuminate/Database/{closure}()
#29 C:/Users/admin/Desktop/flutter/ecommerce_java/lib/ecommerce-project/vendor/laravel/framework/src/Illuminate/Database/Console/Seeds/SeedCommand.php(70): Illuminate/Database/Seeder->__invoke()
#30 C:/Users/admin/Desktop/flutter/ecommerce_java/lib/ecommerce-project/vendor/laravel/framework/src/Illuminate/Database/Eloquent/Concerns/GuardsAttributes.php(155): Illuminate/Database/Console/Seeds/SeedCommand->Illuminate/Database/Console/Seeds/{closure}()
#31 C:/Users/admin/Desktop/flutter/ecommerce_java/lib/ecommerce-project/vendor/laravel/framework/src/Illuminate/Database/Console/Seeds/SeedCommand.php(69): Illuminate/Database/Eloquent/Model::unguarded(Object(Closure))
#32 C:/Users/admin/Desktop/flutter/ecommerce_java/lib/ecommerce-project/vendor/laravel/framework/src/Illuminate/Container/BoundMethod.php(36): Illuminate/Database/Console/Seeds/SeedCommand->handle()
#33 C:/Users/admin/Desktop/flutter/ecommerce_java/lib/ecommerce-project/vendor/laravel/framework/src/Illuminate/Container/Util.php(41): Illuminate/Container/BoundMethod::Illuminate/Container/{closure}()
#34 C:/Users/admin/Desktop/flutter/ecommerce_java/lib/ecommerce-project/vendor/laravel/framework/src/Illuminate/Container/BoundMethod.php(93): Illuminate/Container/Util::unwrapIfClosure(Object(Closure))
#35 C:/Users/admin/Desktop/flutter/ecommerce_java/lib/ecommerce-project/vendor/laravel/framework/src/Illuminate/Container/BoundMethod.php(35): Illuminate/Container/BoundMethod::callBoundMethod(Object(Illuminate/Foundation/Application), Array, Object(Closure))
#36 C:/Users/admin/Desktop/flutter/ecommerce_java/lib/ecommerce-project/vendor/laravel/framework/src/Illuminate/Container/Container.php(662): Illuminate/Container/BoundMethod::call(Object(Illuminate/Foundation/Application), Array, Array, NULL)
#37 C:/Users/admin/Desktop/flutter/ecommerce_java/lib/ecommerce-project/vendor/laravel/framework/src/Illuminate/Console/Command.php(211): Illuminate/Container/Container->call(Array)
#38 C:/Users/admin/Desktop/flutter/ecommerce_java/lib/ecommerce-project/vendor/symfony/console/Command/Command.php(326): Illuminate/Console/Command->execute(Object(Symfony/Component/Console/Input/ArgvInput), Object(Illuminate/Console/OutputStyle))
#39 C:/Users/admin/Desktop/flutter/ecommerce_java/lib/ecommerce-project/vendor/laravel/framework/src/Illuminate/Console/Command.php(180): Symfony/Component/Console/Command/Command->run(Object(Symfony/Component/Console/Input/ArgvInput), Object(Illuminate/Console/OutputStyle))
#40 C:/Users/admin/Desktop/flutter/ecommerce_java/lib/ecommerce-project/vendor/symfony/console/Application.php(1121): Illuminate/Console/Command->run(Object(Symfony/Component/Console/Input/ArgvInput), Object(Symfony/Component/Console/Output/ConsoleOutput))
#41 C:/Users/admin/Desktop/flutter/ecommerce_java/lib/ecommerce-project/vendor/symfony/console/Application.php(324): Symfony/Component/Console/Application->doRunCommand(Object(Illuminate/Database/Console/Seeds/SeedCommand), Object(Symfony/Component/Console/Input/ArgvInput), Object(Symfony/Component/Console/Output/ConsoleOutput))
#42 C:/Users/admin/Desktop/flutter/ecommerce_java/lib/ecommerce-project/vendor/symfony/console/Application.php(175): Symfony/Component/Console/Application->doRun(Object(Symfony/Component/Console/Input/ArgvInput), Object(Symfony/Component/Console/Output/ConsoleOutput))
#43 C:/Users/admin/Desktop/flutter/ecommerce_java/lib/ecommerce-project/vendor/laravel/framework/src/Illuminate/Foundation/Console/Kernel.php(201): Symfony/Component/Console/Application->run(Object(Symfony/Component/Console/Input/ArgvInput), Object(Symfony/Component/Console/Output/ConsoleOutput))
#44 C:/Users/admin/Desktop/flutter/ecommerce_java/lib/ecommerce-project/artisan(35): Illuminate/Foundation/Console/Kernel->handle(Object(Symfony/Component/Console/Input/ArgvInput), Object(Symfony/Component/Console/Output/ConsoleOutput))
#45 {main}
"} 
[2026-07-06 16:16:42] local.ERROR: Unknown format "productName" {"exception":"[object] (InvalidArgumentException(code: 0): Unknown format \"productName\" at C:/Users/admin/Desktop/flutter/ecommerce_java/lib/ecommerce-project/vendor/fakerphp/faker/src/Faker/Generator.php:743)
[stacktrace]
#0 C:/Users/admin/Desktop/flutter/ecommerce_java/lib/ecommerce-project/vendor/fakerphp/faker/src/Faker/Generator.php(708): Faker/Generator->getFormatter('productName')
#1 C:/Users/admin/Desktop/flutter/ecommerce_java/lib/ecommerce-project/vendor/fakerphp/faker/src/Faker/Generator.php(973): Faker/Generator->format('productName', Array)
#2 C:/Users/admin/Desktop/flutter/ecommerce_java/lib/ecommerce-project/database/factories/ProductFactory.php(23): Faker/Generator->__call('productName', Array)
#3 C:/Users/admin/Desktop/flutter/ecommerce_java/lib/ecommerce-project/vendor/laravel/framework/src/Illuminate/Database/Eloquent/Factories/Factory.php(454): Database/Factories/ProductFactory->definition()
#4 C:/Users/admin/Desktop/flutter/ecommerce_java/lib/ecommerce-project/vendor/laravel/framework/src/Illuminate/Database/Eloquent/Factories/Factory.php(433): Illuminate/Database/Eloquent/Factories/Factory->getRawAttributes(NULL)
#5 C:/Users/admin/Desktop/flutter/ecommerce_java/lib/ecommerce-project/vendor/laravel/framework/src/Illuminate/Database/Eloquent/Factories/Factory.php(417): Illuminate/Database/Eloquent/Factories/Factory->getExpandedAttributes(NULL)
#6 C:/Users/admin/Desktop/flutter/ecommerce_java/lib/ecommerce-project/vendor/laravel/framework/src/Illuminate/Database/Eloquent/Concerns/GuardsAttributes.php(149): Illuminate/Database/Eloquent/Factories/Factory->Illuminate/Database/Eloquent/Factories/{closure}()
#7 C:/Users/admin/Desktop/flutter/ecommerce_java/lib/ecommerce-project/vendor/laravel/framework/src/Illuminate/Database/Eloquent/Factories/Factory.php(416): Illuminate/Database/Eloquent/Model::unguarded(Object(Closure))
#8 C:/Users/admin/Desktop/flutter/ecommerce_java/lib/ecommerce-project/vendor/laravel/framework/src/Illuminate/Database/Eloquent/Factories/Factory.php(400): Illuminate/Database/Eloquent/Factories/Factory->makeInstance(NULL)
#9 [internal function]: Illuminate/Database/Eloquent/Factories/Factory->Illuminate/Database/Eloquent/Factories/{closure}(1)
#10 C:/Users/admin/Desktop/flutter/ecommerce_java/lib/ecommerce-project/vendor/laravel/framework/src/Illuminate/Database/Eloquent/Factories/Factory.php(399): array_map(Object(Closure), Array)
#11 C:/Users/admin/Desktop/flutter/ecommerce_java/lib/ecommerce-project/vendor/laravel/framework/src/Illuminate/Database/Eloquent/Factories/Factory.php(284): Illuminate/Database/Eloquent/Factories/Factory->make(Array, NULL)
#12 C:/Users/admin/Desktop/flutter/ecommerce_java/lib/ecommerce-project/database/seeders/ProductSeeder.php(15): Illuminate/Database/Eloquent/Factories/Factory->create()
#13 C:/Users/admin/Desktop/flutter/ecommerce_java/lib/ecommerce-project/vendor/laravel/framework/src/Illuminate/Container/BoundMethod.php(36): Database/Seeders/ProductSeeder->run()
#14 C:/Users/admin/Desktop/flutter/ecommerce_java/lib/ecommerce-project/vendor/laravel/framework/src/Illuminate/Container/Util.php(41): Illuminate/Container/BoundMethod::Illuminate/Container/{closure}()
#15 C:/Users/admin/Desktop/flutter/ecommerce_java/lib/ecommerce-project/vendor/laravel/framework/src/Illuminate/Container/BoundMethod.php(93): Illuminate/Container/Util::unwrapIfClosure(Object(Closure))
#16 C:/Users/admin/Desktop/flutter/ecommerce_java/lib/ecommerce-project/vendor/laravel/framework/src/Illuminate/Container/BoundMethod.php(35): Illuminate/Container/BoundMethod::callBoundMethod(Object(Illuminate/Foundation/Application), Array, Object(Closure))
#17 C:/Users/admin/Desktop/flutter/ecommerce_java/lib/ecommerce-project/vendor/laravel/framework/src/Illuminate/Container/Container.php(662): Illuminate/Container/BoundMethod::call(Object(Illuminate/Foundation/Application), Array, Array, NULL)
#18 C:/Users/admin/Desktop/flutter/ecommerce_java/lib/ecommerce-project/vendor/laravel/framework/src/Illuminate/Database/Seeder.php(184): Illuminate/Container/Container->call(Array, Array)
#19 C:/Users/admin/Desktop/flutter/ecommerce_java/lib/ecommerce-project/vendor/laravel/framework/src/Illuminate/Database/Seeder.php(193): Illuminate/Database/Seeder->Illuminate/Database/{closure}()
#20 C:/Users/admin/Desktop/flutter/ecommerce_java/lib/ecommerce-project/vendor/laravel/framework/src/Illuminate/Database/Seeder.php(61): Illuminate/Database/Seeder->__invoke(Array)
#21 C:/Users/admin/Desktop/flutter/ecommerce_java/lib/ecommerce-project/database/seeders/DatabaseSeeder.php(15): Illuminate/Database/Seeder->call('Database//Seeder...')
#22 C:/Users/admin/Desktop/flutter/ecommerce_java/lib/ecommerce-project/vendor/laravel/framework/src/Illuminate/Container/BoundMethod.php(36): Database/Seeders/DatabaseSeeder->run()
#23 C:/Users/admin/Desktop/flutter/ecommerce_java/lib/ecommerce-project/vendor/laravel/framework/src/Illuminate/Container/Util.php(41): Illuminate/Container/BoundMethod::Illuminate/Container/{closure}()
#24 C:/Users/admin/Desktop/flutter/ecommerce_java/lib/ecommerce-project/vendor/laravel/framework/src/Illuminate/Container/BoundMethod.php(93): Illuminate/Container/Util::unwrapIfClosure(Object(Closure))
#25 C:/Users/admin/Desktop/flutter/ecommerce_java/lib/ecommerce-project/vendor/laravel/framework/src/Illuminate/Container/BoundMethod.php(35): Illuminate/Container/BoundMethod::callBoundMethod(Object(Illuminate/Foundation/Application), Array, Object(Closure))
#26 C:/Users/admin/Desktop/flutter/ecommerce_java/lib/ecommerce-project/vendor/laravel/framework/src/Illuminate/Container/Container.php(662): Illuminate/Container/BoundMethod::call(Object(Illuminate/Foundation/Application), Array, Array, NULL)
#27 C:/Users/admin/Desktop/flutter/ecommerce_java/lib/ecommerce-project/vendor/laravel/framework/src/Illuminate/Database/Seeder.php(184): Illuminate/Container/Container->call(Array, Array)
#28 C:/Users/admin/Desktop/flutter/ecommerce_java/lib/ecommerce-project/vendor/laravel/framework/src/Illuminate/Database/Seeder.php(193): Illuminate/Database/Seeder->Illuminate/Database/{closure}()
#29 C:/Users/admin/Desktop/flutter/ecommerce_java/lib/ecommerce-project/vendor/laravel/framework/src/Illuminate/Database/Console/Seeds/SeedCommand.php(70): Illuminate/Database/Seeder->__invoke()
#30 C:/Users/admin/Desktop/flutter/ecommerce_java/lib/ecommerce-project/vendor/laravel/framework/src/Illuminate/Database/Eloquent/Concerns/GuardsAttributes.php(155): Illuminate/Database/Console/Seeds/SeedCommand->Illuminate/Database/Console/Seeds/{closure}()
#31 C:/Users/admin/Desktop/flutter/ecommerce_java/lib/ecommerce-project/vendor/laravel/framework/src/Illuminate/Database/Console/Seeds/SeedCommand.php(69): Illuminate/Database/Eloquent/Model::unguarded(Object(Closure))
#32 C:/Users/admin/Desktop/flutter/ecommerce_java/lib/ecommerce-project/vendor/laravel/framework/src/Illuminate/Container/BoundMethod.php(36): Illuminate/Database/Console/Seeds/SeedCommand->handle()
#33 C:/Users/admin/Desktop/flutter/ecommerce_java/lib/ecommerce-project/vendor/laravel/framework/src/Illuminate/Container/Util.php(41): Illuminate/Container/BoundMethod::Illuminate/Container/{closure}()
#34 C:/Users/admin/Desktop/flutter/ecommerce_java/lib/ecommerce-project/vendor/laravel/framework/src/Illuminate/Container/BoundMethod.php(93): Illuminate/Container/Util::unwrapIfClosure(Object(Closure))
#35 C:/Users/admin/Desktop/flutter/ecommerce_java/lib/ecommerce-project/vendor/laravel/framework/src/Illuminate/Container/BoundMethod.php(35): Illuminate/Container/BoundMethod::callBoundMethod(Object(Illuminate/Foundation/Application), Array, Object(Closure))
#36 C:/Users/admin/Desktop/flutter/ecommerce_java/lib/ecommerce-project/vendor/laravel/framework/src/Illuminate/Container/Container.php(662): Illuminate/Container/BoundMethod::call(Object(Illuminate/Foundation/Application), Array, Array, NULL)
#37 C:/Users/admin/Desktop/flutter/ecommerce_java/lib/ecommerce-project/vendor/laravel/framework/src/Illuminate/Console/Command.php(211): Illuminate/Container/Container->call(Array)
#38 C:/Users/admin/Desktop/flutter/ecommerce_java/lib/ecommerce-project/vendor/symfony/console/Command/Command.php(326): Illuminate/Console/Command->execute(Object(Symfony/Component/Console/Input/ArgvInput), Object(Illuminate/Console/OutputStyle))
#39 C:/Users/admin/Desktop/flutter/ecommerce_java/lib/ecommerce-project/vendor/laravel/framework/src/Illuminate/Console/Command.php(180): Symfony/Component/Console/Command/Command->run(Object(Symfony/Component/Console/Input/ArgvInput), Object(Illuminate/Console/OutputStyle))
#40 C:/Users/admin/Desktop/flutter/ecommerce_java/lib/ecommerce-project/vendor/symfony/console/Application.php(1121): Illuminate/Console/Command->run(Object(Symfony/Component/Console/Input/ArgvInput), Object(Symfony/Component/Console/Output/ConsoleOutput))
#41 C:/Users/admin/Desktop/flutter/ecommerce_java/lib/ecommerce-project/vendor/symfony/console/Application.php(324): Symfony/Component/Console/Application->doRunCommand(Object(Illuminate/Database/Console/Seeds/SeedCommand), Object(Symfony/Component/Console/Input/ArgvInput), Object(Symfony/Component/Console/Output/ConsoleOutput))
#42 C:/Users/admin/Desktop/flutter/ecommerce_java/lib/ecommerce-project/vendor/symfony/console/Application.php(175): Symfony/Component/Console/Application->doRun(Object(Symfony/Component/Console/Input/ArgvInput), Object(Symfony/Component/Console/Output/ConsoleOutput))
#43 C:/Users/admin/Desktop/flutter/ecommerce_java/lib/ecommerce-project/vendor/laravel/framework/src/Illuminate/Foundation/Console/Kernel.php(201): Symfony/Component/Console/Application->run(Object(Symfony/Component/Console/Input/ArgvInput), Object(Symfony/Component/Console/Output/ConsoleOutput))
#44 C:/Users/admin/Desktop/flutter/ecommerce_java/lib/ecommerce-project/artisan(35): Illuminate/Foundation/Console/Kernel->handle(Object(Symfony/Component/Console/Input/ArgvInput), Object(Symfony/Component/Console/Output/ConsoleOutput))
#45 {main}
"} 
[2026-07-06 16:17:11] local.ERROR: SQLSTATE[23000]: Integrity constraint violation: 1452 Cannot add or update a child row: a foreign key constraint fails (`ecommerce`.`products`, CONSTRAINT `products_brand_id_foreign` FOREIGN KEY (`brand_id`) REFERENCES `brands` (`id`) ON DELETE CASCADE) (Connection: mysql, SQL: insert into `products` (`category_id`, `brand_id`, `name`, `description`, `price`, `stock`, `image`, `rating`, `updated_at`, `created_at`) values (4, 1, hic soluta a, Quidem ex qui vel voluptas. Unde nam quia omnis commodi aliquam est qui., 941.82, 12, https://via.placeholder.com/200x200.png/005599?text=products+dolore, 5, 2026-07-06 16:17:11, 2026-07-06 16:17:11)) {"exception":"[object] (Illuminate\\Database\\QueryException(code: 23000): SQLSTATE[23000]: Integrity constraint violation: 1452 Cannot add or update a child row: a foreign key constraint fails (`ecommerce`.`products`, CONSTRAINT `products_brand_id_foreign` FOREIGN KEY (`brand_id`) REFERENCES `brands` (`id`) ON DELETE CASCADE) (Connection: mysql, SQL: insert into `products` (`category_id`, `brand_id`, `name`, `description`, `price`, `stock`, `image`, `rating`, `updated_at`, `created_at`) values (4, 1, hic soluta a, Quidem ex qui vel voluptas. Unde nam quia omnis commodi aliquam est qui., 941.82, 12, https://via.placeholder.com/200x200.png/005599?text=products+dolore, 5, 2026-07-06 16:17:11, 2026-07-06 16:17:11)) at C:/Users/admin/Desktop/flutter/ecommerce_java/lib/ecommerce-project/vendor/laravel/framework/src/Illuminate/Database/Connection.php:829)
[stacktrace]
#0 C:/Users/admin/Desktop/flutter/ecommerce_java/lib/ecommerce-project/vendor/laravel/framework/src/Illuminate/Database/Connection.php(783): Illuminate/Database/Connection->runQueryCallback('insert into `pr...', Array, Object(Closure))
#1 C:/Users/admin/Desktop/flutter/ecommerce_java/lib/ecommerce-project/vendor/laravel/framework/src/Illuminate/Database/MySqlConnection.php(34): Illuminate/Database/Connection->run('insert into `pr...', Array, Object(Closure))
#2 C:/Users/admin/Desktop/flutter/ecommerce_java/lib/ecommerce-project/vendor/laravel/framework/src/Illuminate/Database/Query/Processors/MySqlProcessor.php(35): Illuminate/Database/MySqlConnection->insert('insert into `pr...', Array, 'id')
#3 C:/Users/admin/Desktop/flutter/ecommerce_java/lib/ecommerce-project/vendor/laravel/framework/src/Illuminate/Database/Query/Builder.php(3549): Illuminate/Database/Query/Processors/MySqlProcessor->processInsertGetId(Object(Illuminate/Database/Query/Builder), 'insert into `pr...', Array, 'id')
#4 C:/Users/admin/Desktop/flutter/ecommerce_java/lib/ecommerce-project/vendor/laravel/framework/src/Illuminate/Database/Eloquent/Builder.php(1982): Illuminate/Database/Query/Builder->insertGetId(Array, 'id')
#5 C:/Users/admin/Desktop/flutter/ecommerce_java/lib/ecommerce-project/vendor/laravel/framework/src/Illuminate/Database/Eloquent/Model.php(1334): Illuminate/Database/Eloquent/Builder->__call('insertGetId', Array)
#6 C:/Users/admin/Desktop/flutter/ecommerce_java/lib/ecommerce-project/vendor/laravel/framework/src/Illuminate/Database/Eloquent/Model.php(1299): Illuminate/Database/Eloquent/Model->insertAndSetId(Object(Illuminate/Database/Eloquent/Builder), Array)
#7 C:/Users/admin/Desktop/flutter/ecommerce_java/lib/ecommerce-project/vendor/laravel/framework/src/Illuminate/Database/Eloquent/Model.php(1138): Illuminate/Database/Eloquent/Model->performInsert(Object(Illuminate/Database/Eloquent/Builder))
#8 C:/Users/admin/Desktop/flutter/ecommerce_java/lib/ecommerce-project/vendor/laravel/framework/src/Illuminate/Database/Eloquent/Factories/Factory.php(338): Illuminate/Database/Eloquent/Model->save()
#9 C:/Users/admin/Desktop/flutter/ecommerce_java/lib/ecommerce-project/vendor/laravel/framework/src/Illuminate/Collections/Traits/EnumeratesValues.php(240): Illuminate/Database/Eloquent/Factories/Factory->Illuminate/Database/Eloquent/Factories/{closure}(Object(App/Models/Product), 0)
#10 C:/Users/admin/Desktop/flutter/ecommerce_java/lib/ecommerce-project/vendor/laravel/framework/src/Illuminate/Database/Eloquent/Factories/Factory.php(333): Illuminate/Support/Collection->each(Object(Closure))
#11 C:/Users/admin/Desktop/flutter/ecommerce_java/lib/ecommerce-project/vendor/laravel/framework/src/Illuminate/Database/Eloquent/Factories/Factory.php(291): Illuminate/Database/Eloquent/Factories/Factory->store(Object(Illuminate/Database/Eloquent/Collection))
#12 C:/Users/admin/Desktop/flutter/ecommerce_java/lib/ecommerce-project/database/seeders/ProductSeeder.php(15): Illuminate/Database/Eloquent/Factories/Factory->create()
#13 C:/Users/admin/Desktop/flutter/ecommerce_java/lib/ecommerce-project/vendor/laravel/framework/src/Illuminate/Container/BoundMethod.php(36): Database/Seeders/ProductSeeder->run()
#14 C:/Users/admin/Desktop/flutter/ecommerce_java/lib/ecommerce-project/vendor/laravel/framework/src/Illuminate/Container/Util.php(41): Illuminate/Container/BoundMethod::Illuminate/Container/{closure}()
#15 C:/Users/admin/Desktop/flutter/ecommerce_java/lib/ecommerce-project/vendor/laravel/framework/src/Illuminate/Container/BoundMethod.php(93): Illuminate/Container/Util::unwrapIfClosure(Object(Closure))
#16 C:/Users/admin/Desktop/flutter/ecommerce_java/lib/ecommerce-project/vendor/laravel/framework/src/Illuminate/Container/BoundMethod.php(35): Illuminate/Container/BoundMethod::callBoundMethod(Object(Illuminate/Foundation/Application), Array, Object(Closure))
#17 C:/Users/admin/Desktop/flutter/ecommerce_java/lib/ecommerce-project/vendor/laravel/framework/src/Illuminate/Container/Container.php(662): Illuminate/Container/BoundMethod::call(Object(Illuminate/Foundation/Application), Array, Array, NULL)
#18 C:/Users/admin/Desktop/flutter/ecommerce_java/lib/ecommerce-project/vendor/laravel/framework/src/Illuminate/Database/Seeder.php(184): Illuminate/Container/Container->call(Array, Array)
#19 C:/Users/admin/Desktop/flutter/ecommerce_java/lib/ecommerce-project/vendor/laravel/framework/src/Illuminate/Database/Seeder.php(193): Illuminate/Database/Seeder->Illuminate/Database/{closure}()
#20 C:/Users/admin/Desktop/flutter/ecommerce_java/lib/ecommerce-project/vendor/laravel/framework/src/Illuminate/Database/Seeder.php(61): Illuminate/Database/Seeder->__invoke(Array)
#21 C:/Users/admin/Desktop/flutter/ecommerce_java/lib/ecommerce-project/database/seeders/DatabaseSeeder.php(15): Illuminate/Database/Seeder->call('Database//Seeder...')
#22 C:/Users/admin/Desktop/flutter/ecommerce_java/lib/ecommerce-project/vendor/laravel/framework/src/Illuminate/Container/BoundMethod.php(36): Database/Seeders/DatabaseSeeder->run()
#23 C:/Users/admin/Desktop/flutter/ecommerce_java/lib/ecommerce-project/vendor/laravel/framework/src/Illuminate/Container/Util.php(41): Illuminate/Container/BoundMethod::Illuminate/Container/{closure}()
#24 C:/Users/admin/Desktop/flutter/ecommerce_java/lib/ecommerce-project/vendor/laravel/framework/src/Illuminate/Container/BoundMethod.php(93): Illuminate/Container/Util::unwrapIfClosure(Object(Closure))
#25 C:/Users/admin/Desktop/flutter/ecommerce_java/lib/ecommerce-project/vendor/laravel/framework/src/Illuminate/Container/BoundMethod.php(35): Illuminate/Container/BoundMethod::callBoundMethod(Object(Illuminate/Foundation/Application), Array, Object(Closure))
#26 C:/Users/admin/Desktop/flutter/ecommerce_java/lib/ecommerce-project/vendor/laravel/framework/src/Illuminate/Container/Container.php(662): Illuminate/Container/BoundMethod::call(Object(Illuminate/Foundation/Application), Array, Array, NULL)
#27 C:/Users/admin/Desktop/flutter/ecommerce_java/lib/ecommerce-project/vendor/laravel/framework/src/Illuminate/Database/Seeder.php(184): Illuminate/Container/Container->call(Array, Array)
#28 C:/Users/admin/Desktop/flutter/ecommerce_java/lib/ecommerce-project/vendor/laravel/framework/src/Illuminate/Database/Seeder.php(193): Illuminate/Database/Seeder->Illuminate/Database/{closure}()
#29 C:/Users/admin/Desktop/flutter/ecommerce_java/lib/ecommerce-project/vendor/laravel/framework/src/Illuminate/Database/Console/Seeds/SeedCommand.php(70): Illuminate/Database/Seeder->__invoke()
#30 C:/Users/admin/Desktop/flutter/ecommerce_java/lib/ecommerce-project/vendor/laravel/framework/src/Illuminate/Database/Eloquent/Concerns/GuardsAttributes.php(155): Illuminate/Database/Console/Seeds/SeedCommand->Illuminate/Database/Console/Seeds/{closure}()
#31 C:/Users/admin/Desktop/flutter/ecommerce_java/lib/ecommerce-project/vendor/laravel/framework/src/Illuminate/Database/Console/Seeds/SeedCommand.php(69): Illuminate/Database/Eloquent/Model::unguarded(Object(Closure))
#32 C:/Users/admin/Desktop/flutter/ecommerce_java/lib/ecommerce-project/vendor/laravel/framework/src/Illuminate/Container/BoundMethod.php(36): Illuminate/Database/Console/Seeds/SeedCommand->handle()
#33 C:/Users/admin/Desktop/flutter/ecommerce_java/lib/ecommerce-project/vendor/laravel/framework/src/Illuminate/Container/Util.php(41): Illuminate/Container/BoundMethod::Illuminate/Container/{closure}()
#34 C:/Users/admin/Desktop/flutter/ecommerce_java/lib/ecommerce-project/vendor/laravel/framework/src/Illuminate/Container/BoundMethod.php(93): Illuminate/Container/Util::unwrapIfClosure(Object(Closure))
#35 C:/Users/admin/Desktop/flutter/ecommerce_java/lib/ecommerce-project/vendor/laravel/framework/src/Illuminate/Container/BoundMethod.php(35): Illuminate/Container/BoundMethod::callBoundMethod(Object(Illuminate/Foundation/Application), Array, Object(Closure))
#36 C:/Users/admin/Desktop/flutter/ecommerce_java/lib/ecommerce-project/vendor/laravel/framework/src/Illuminate/Container/Container.php(662): Illuminate/Container/BoundMethod::call(Object(Illuminate/Foundation/Application), Array, Array, NULL)
#37 C:/Users/admin/Desktop/flutter/ecommerce_java/lib/ecommerce-project/vendor/laravel/framework/src/Illuminate/Console/Command.php(211): Illuminate/Container/Container->call(Array)
#38 C:/Users/admin/Desktop/flutter/ecommerce_java/lib/ecommerce-project/vendor/symfony/console/Command/Command.php(326): Illuminate/Console/Command->execute(Object(Symfony/Component/Console/Input/ArgvInput), Object(Illuminate/Console/OutputStyle))
#39 C:/Users/admin/Desktop/flutter/ecommerce_java/lib/ecommerce-project/vendor/laravel/framework/src/Illuminate/Console/Command.php(180): Symfony/Component/Console/Command/Command->run(Object(Symfony/Component/Console/Input/ArgvInput), Object(Illuminate/Console/OutputStyle))
#40 C:/Users/admin/Desktop/flutter/ecommerce_java/lib/ecommerce-project/vendor/symfony/console/Application.php(1121): Illuminate/Console/Command->run(Object(Symfony/Component/Console/Input/ArgvInput), Object(Symfony/Component/Console/Output/ConsoleOutput))
#41 C:/Users/admin/Desktop/flutter/ecommerce_java/lib/ecommerce-project/vendor/symfony/console/Application.php(324): Symfony/Component/Console/Application->doRunCommand(Object(Illuminate/Database/Console/Seeds/SeedCommand), Object(Symfony/Component/Console/Input/ArgvInput), Object(Symfony/Component/Console/Output/ConsoleOutput))
#42 C:/Users/admin/Desktop/flutter/ecommerce_java/lib/ecommerce-project/vendor/symfony/console/Application.php(175): Symfony/Component/Console/Application->doRun(Object(Symfony/Component/Console/Input/ArgvInput), Object(Symfony/Component/Console/Output/ConsoleOutput))
#43 C:/Users/admin/Desktop/flutter/ecommerce_java/lib/ecommerce-project/vendor/laravel/framework/src/Illuminate/Foundation/Console/Kernel.php(201): Symfony/Component/Console/Application->run(Object(Symfony/Component/Console/Input/ArgvInput), Object(Symfony/Component/Console/Output/ConsoleOutput))
#44 C:/Users/admin/Desktop/flutter/ecommerce_java/lib/ecommerce-project/artisan(35): Illuminate/Foundation/Console/Kernel->handle(Object(Symfony/Component/Console/Input/ArgvInput), Object(Symfony/Component/Console/Output/ConsoleOutput))
#45 {main}

[previous exception] [object] (PDOException(code: 23000): SQLSTATE[23000]: Integrity constraint violation: 1452 Cannot add or update a child row: a foreign key constraint fails (`ecommerce`.`products`, CONSTRAINT `products_brand_id_foreign` FOREIGN KEY (`brand_id`) REFERENCES `brands` (`id`) ON DELETE CASCADE) at C:/Users/admin/Desktop/flutter/ecommerce_java/lib/ecommerce-project/vendor/laravel/framework/src/Illuminate/Database/MySqlConnection.php:45)
[stacktrace]
#0 C:/Users/admin/Desktop/flutter/ecommerce_java/lib/ecommerce-project/vendor/laravel/framework/src/Illuminate/Database/MySqlConnection.php(45): PDOStatement->execute()
#1 C:/Users/admin/Desktop/flutter/ecommerce_java/lib/ecommerce-project/vendor/laravel/framework/src/Illuminate/Database/Connection.php(816): Illuminate/Database/MySqlConnection->Illuminate/Database/{closure}('insert into `pr...', Array)
#2 C:/Users/admin/Desktop/flutter/ecommerce_java/lib/ecommerce-project/vendor/laravel/framework/src/Illuminate/Database/Connection.php(783): Illuminate/Database/Connection->runQueryCallback('insert into `pr...', Array, Object(Closure))
#3 C:/Users/admin/Desktop/flutter/ecommerce_java/lib/ecommerce-project/vendor/laravel/framework/src/Illuminate/Database/MySqlConnection.php(34): Illuminate/Database/Connection->run('insert into `pr...', Array, Object(Closure))
#4 C:/Users/admin/Desktop/flutter/ecommerce_java/lib/ecommerce-project/vendor/laravel/framework/src/Illuminate/Database/Query/Processors/MySqlProcessor.php(35): Illuminate/Database/MySqlConnection->insert('insert into `pr...', Array, 'id')
#5 C:/Users/admin/Desktop/flutter/ecommerce_java/lib/ecommerce-project/vendor/laravel/framework/src/Illuminate/Database/Query/Builder.php(3549): Illuminate/Database/Query/Processors/MySqlProcessor->processInsertGetId(Object(Illuminate/Database/Query/Builder), 'insert into `pr...', Array, 'id')
#6 C:/Users/admin/Desktop/flutter/ecommerce_java/lib/ecommerce-project/vendor/laravel/framework/src/Illuminate/Database/Eloquent/Builder.php(1982): Illuminate/Database/Query/Builder->insertGetId(Array, 'id')
#7 C:/Users/admin/Desktop/flutter/ecommerce_java/lib/ecommerce-project/vendor/laravel/framework/src/Illuminate/Database/Eloquent/Model.php(1334): Illuminate/Database/Eloquent/Builder->__call('insertGetId', Array)
#8 C:/Users/admin/Desktop/flutter/ecommerce_java/lib/ecommerce-project/vendor/laravel/framework/src/Illuminate/Database/Eloquent/Model.php(1299): Illuminate/Database/Eloquent/Model->insertAndSetId(Object(Illuminate/Database/Eloquent/Builder), Array)
#9 C:/Users/admin/Desktop/flutter/ecommerce_java/lib/ecommerce-project/vendor/laravel/framework/src/Illuminate/Database/Eloquent/Model.php(1138): Illuminate/Database/Eloquent/Model->performInsert(Object(Illuminate/Database/Eloquent/Builder))
#10 C:/Users/admin/Desktop/flutter/ecommerce_java/lib/ecommerce-project/vendor/laravel/framework/src/Illuminate/Database/Eloquent/Factories/Factory.php(338): Illuminate/Database/Eloquent/Model->save()
#11 C:/Users/admin/Desktop/flutter/ecommerce_java/lib/ecommerce-project/vendor/laravel/framework/src/Illuminate/Collections/Traits/EnumeratesValues.php(240): Illuminate/Database/Eloquent/Factories/Factory->Illuminate/Database/Eloquent/Factories/{closure}(Object(App/Models/Product), 0)
#12 C:/Users/admin/Desktop/flutter/ecommerce_java/lib/ecommerce-project/vendor/laravel/framework/src/Illuminate/Database/Eloquent/Factories/Factory.php(333): Illuminate/Support/Collection->each(Object(Closure))
#13 C:/Users/admin/Desktop/flutter/ecommerce_java/lib/ecommerce-project/vendor/laravel/framework/src/Illuminate/Database/Eloquent/Factories/Factory.php(291): Illuminate/Database/Eloquent/Factories/Factory->store(Object(Illuminate/Database/Eloquent/Collection))
#14 C:/Users/admin/Desktop/flutter/ecommerce_java/lib/ecommerce-project/database/seeders/ProductSeeder.php(15): Illuminate/Database/Eloquent/Factories/Factory->create()
#15 C:/Users/admin/Desktop/flutter/ecommerce_java/lib/ecommerce-project/vendor/laravel/framework/src/Illuminate/Container/BoundMethod.php(36): Database/Seeders/ProductSeeder->run()
#16 C:/Users/admin/Desktop/flutter/ecommerce_java/lib/ecommerce-project/vendor/laravel/framework/src/Illuminate/Container/Util.php(41): Illuminate/Container/BoundMethod::Illuminate/Container/{closure}()
#17 C:/Users/admin/Desktop/flutter/ecommerce_java/lib/ecommerce-project/vendor/laravel/framework/src/Illuminate/Container/BoundMethod.php(93): Illuminate/Container/Util::unwrapIfClosure(Object(Closure))
#18 C:/Users/admin/Desktop/flutter/ecommerce_java/lib/ecommerce-project/vendor/laravel/framework/src/Illuminate/Container/BoundMethod.php(35): Illuminate/Container/BoundMethod::callBoundMethod(Object(Illuminate/Foundation/Application), Array, Object(Closure))
#19 C:/Users/admin/Desktop/flutter/ecommerce_java/lib/ecommerce-project/vendor/laravel/framework/src/Illuminate/Container/Container.php(662): Illuminate/Container/BoundMethod::call(Object(Illuminate/Foundation/Application), Array, Array, NULL)
#20 C:/Users/admin/Desktop/flutter/ecommerce_java/lib/ecommerce-project/vendor/laravel/framework/src/Illuminate/Database/Seeder.php(184): Illuminate/Container/Container->call(Array, Array)
#21 C:/Users/admin/Desktop/flutter/ecommerce_java/lib/ecommerce-project/vendor/laravel/framework/src/Illuminate/Database/Seeder.php(193): Illuminate/Database/Seeder->Illuminate/Database/{closure}()
#22 C:/Users/admin/Desktop/flutter/ecommerce_java/lib/ecommerce-project/vendor/laravel/framework/src/Illuminate/Database/Seeder.php(61): Illuminate/Database/Seeder->__invoke(Array)
#23 C:/Users/admin/Desktop/flutter/ecommerce_java/lib/ecommerce-project/database/seeders/DatabaseSeeder.php(15): Illuminate/Database/Seeder->call('Database//Seeder...')
#24 C:/Users/admin/Desktop/flutter/ecommerce_java/lib/ecommerce-project/vendor/laravel/framework/src/Illuminate/Container/BoundMethod.php(36): Database/Seeders/DatabaseSeeder->run()
#25 C:/Users/admin/Desktop/flutter/ecommerce_java/lib/ecommerce-project/vendor/laravel/framework/src/Illuminate/Container/Util.php(41): Illuminate/Container/BoundMethod::Illuminate/Container/{closure}()
#26 C:/Users/admin/Desktop/flutter/ecommerce_java/lib/ecommerce-project/vendor/laravel/framework/src/Illuminate/Container/BoundMethod.php(93): Illuminate/Container/Util::unwrapIfClosure(Object(Closure))
#27 C:/Users/admin/Desktop/flutter/ecommerce_java/lib/ecommerce-project/vendor/laravel/framework/src/Illuminate/Container/BoundMethod.php(35): Illuminate/Container/BoundMethod::callBoundMethod(Object(Illuminate/Foundation/Application), Array, Object(Closure))
#28 C:/Users/admin/Desktop/flutter/ecommerce_java/lib/ecommerce-project/vendor/laravel/framework/src/Illuminate/Container/Container.php(662): Illuminate/Container/BoundMethod::call(Object(Illuminate/Foundation/Application), Array, Array, NULL)
#29 C:/Users/admin/Desktop/flutter/ecommerce_java/lib/ecommerce-project/vendor/laravel/framework/src/Illuminate/Database/Seeder.php(184): Illuminate/Container/Container->call(Array, Array)
#30 C:/Users/admin/Desktop/flutter/ecommerce_java/lib/ecommerce-project/vendor/laravel/framework/src/Illuminate/Database/Seeder.php(193): Illuminate/Database/Seeder->Illuminate/Database/{closure}()
#31 C:/Users/admin/Desktop/flutter/ecommerce_java/lib/ecommerce-project/vendor/laravel/framework/src/Illuminate/Database/Console/Seeds/SeedCommand.php(70): Illuminate/Database/Seeder->__invoke()
#32 C:/Users/admin/Desktop/flutter/ecommerce_java/lib/ecommerce-project/vendor/laravel/framework/src/Illuminate/Database/Eloquent/Concerns/GuardsAttributes.php(155): Illuminate/Database/Console/Seeds/SeedCommand->Illuminate/Database/Console/Seeds/{closure}()
#33 C:/Users/admin/Desktop/flutter/ecommerce_java/lib/ecommerce-project/vendor/laravel/framework/src/Illuminate/Database/Console/Seeds/SeedCommand.php(69): Illuminate/Database/Eloquent/Model::unguarded(Object(Closure))
#34 C:/Users/admin/Desktop/flutter/ecommerce_java/lib/ecommerce-project/vendor/laravel/framework/src/Illuminate/Container/BoundMethod.php(36): Illuminate/Database/Console/Seeds/SeedCommand->handle()
#35 C:/Users/admin/Desktop/flutter/ecommerce_java/lib/ecommerce-project/vendor/laravel/framework/src/Illuminate/Container/Util.php(41): Illuminate/Container/BoundMethod::Illuminate/Container/{closure}()
#36 C:/Users/admin/Desktop/flutter/ecommerce_java/lib/ecommerce-project/vendor/laravel/framework/src/Illuminate/Container/BoundMethod.php(93): Illuminate/Container/Util::unwrapIfClosure(Object(Closure))
#37 C:/Users/admin/Desktop/flutter/ecommerce_java/lib/ecommerce-project/vendor/laravel/framework/src/Illuminate/Container/BoundMethod.php(35): Illuminate/Container/BoundMethod::callBoundMethod(Object(Illuminate/Foundation/Application), Array, Object(Closure))
#38 C:/Users/admin/Desktop/flutter/ecommerce_java/lib/ecommerce-project/vendor/laravel/framework/src/Illuminate/Container/Container.php(662): Illuminate/Container/BoundMethod::call(Object(Illuminate/Foundation/Application), Array, Array, NULL)
#39 C:/Users/admin/Desktop/flutter/ecommerce_java/lib/ecommerce-project/vendor/laravel/framework/src/Illuminate/Console/Command.php(211): Illuminate/Container/Container->call(Array)
#40 C:/Users/admin/Desktop/flutter/ecommerce_java/lib/ecommerce-project/vendor/symfony/console/Command/Command.php(326): Illuminate/Console/Command->execute(Object(Symfony/Component/Console/Input/ArgvInput), Object(Illuminate/Console/OutputStyle))
#41 C:/Users/admin/Desktop/flutter/ecommerce_java/lib/ecommerce-project/vendor/laravel/framework/src/Illuminate/Console/Command.php(180): Symfony/Component/Console/Command/Command->run(Object(Symfony/Component/Console/Input/ArgvInput), Object(Illuminate/Console/OutputStyle))
#42 C:/Users/admin/Desktop/flutter/ecommerce_java/lib/ecommerce-project/vendor/symfony/console/Application.php(1121): Illuminate/Console/Command->run(Object(Symfony/Component/Console/Input/ArgvInput), Object(Symfony/Component/Console/Output/ConsoleOutput))
#43 C:/Users/admin/Desktop/flutter/ecommerce_java/lib/ecommerce-project/vendor/symfony/console/Application.php(324): Symfony/Component/Console/Application->doRunCommand(Object(Illuminate/Database/Console/Seeds/SeedCommand), Object(Symfony/Component/Console/Input/ArgvInput), Object(Symfony/Component/Console/Output/ConsoleOutput))
#44 C:/Users/admin/Desktop/flutter/ecommerce_java/lib/ecommerce-project/vendor/symfony/console/Application.php(175): Symfony/Component/Console/Application->doRun(Object(Symfony/Component/Console/Input/ArgvInput), Object(Symfony/Component/Console/Output/ConsoleOutput))
#45 C:/Users/admin/Desktop/flutter/ecommerce_java/lib/ecommerce-project/vendor/laravel/framework/src/Illuminate/Foundation/Console/Kernel.php(201): Symfony/Component/Console/Application->run(Object(Symfony/Component/Console/Input/ArgvInput), Object(Symfony/Component/Console/Output/ConsoleOutput))
#46 C:/Users/admin/Desktop/flutter/ecommerce_java/lib/ecommerce-project/artisan(35): Illuminate/Foundation/Console/Kernel->handle(Object(Symfony/Component/Console/Input/ArgvInput), Object(Symfony/Component/Console/Output/ConsoleOutput))
#47 {main}
"} 
[2026-07-06 16:28:16] local.ERROR: Illuminate\Database\Seeder::call(): Argument #3 ($parameters) must be of type array, string given, called in C:\Users\admin\Desktop\flutter\ecommerce_java\lib\ecommerce-project\database\seeders\DatabaseSeeder.php on line 15 {"exception":"[object] (TypeError(code: 0): Illuminate\\Database\\Seeder::call(): Argument #3 ($parameters) must be of type array, string given, called in C:\\Users\\admin\\Desktop\\flutter\\ecommerce_java\\lib\\ecommerce-project\\database\\seeders\\DatabaseSeeder.php on line 15 at C:/Users/admin/Desktop/flutter/ecommerce_java/lib/ecommerce-project/vendor/laravel/framework/src/Illuminate/Database/Seeder.php:43)
[stacktrace]
#0 C:/Users/admin/Desktop/flutter/ecommerce_java/lib/ecommerce-project/database/seeders/DatabaseSeeder.php(15): Illuminate/Database/Seeder->call('Database//Seeder...', 'Database//Seeder...', 'Database//Seeder...')
#1 C:/Users/admin/Desktop/flutter/ecommerce_java/lib/ecommerce-project/vendor/laravel/framework/src/Illuminate/Container/BoundMethod.php(36): Database/Seeders/DatabaseSeeder->run()
#2 C:/Users/admin/Desktop/flutter/ecommerce_java/lib/ecommerce-project/vendor/laravel/framework/src/Illuminate/Container/Util.php(41): Illuminate/Container/BoundMethod::Illuminate/Container/{closure}()
#3 C:/Users/admin/Desktop/flutter/ecommerce_java/lib/ecommerce-project/vendor/laravel/framework/src/Illuminate/Container/BoundMethod.php(93): Illuminate/Container/Util::unwrapIfClosure(Object(Closure))
#4 C:/Users/admin/Desktop/flutter/ecommerce_java/lib/ecommerce-project/vendor/laravel/framework/src/Illuminate/Container/BoundMethod.php(35): Illuminate/Container/BoundMethod::callBoundMethod(Object(Illuminate/Foundation/Application), Array, Object(Closure))
#5 C:/Users/admin/Desktop/flutter/ecommerce_java/lib/ecommerce-project/vendor/laravel/framework/src/Illuminate/Container/Container.php(662): Illuminate/Container/BoundMethod::call(Object(Illuminate/Foundation/Application), Array, Array, NULL)
#6 C:/Users/admin/Desktop/flutter/ecommerce_java/lib/ecommerce-project/vendor/laravel/framework/src/Illuminate/Database/Seeder.php(184): Illuminate/Container/Container->call(Array, Array)
#7 C:/Users/admin/Desktop/flutter/ecommerce_java/lib/ecommerce-project/vendor/laravel/framework/src/Illuminate/Database/Seeder.php(193): Illuminate/Database/Seeder->Illuminate/Database/{closure}()
#8 C:/Users/admin/Desktop/flutter/ecommerce_java/lib/ecommerce-project/vendor/laravel/framework/src/Illuminate/Database/Console/Seeds/SeedCommand.php(70): Illuminate/Database/Seeder->__invoke()
#9 C:/Users/admin/Desktop/flutter/ecommerce_java/lib/ecommerce-project/vendor/laravel/framework/src/Illuminate/Database/Eloquent/Concerns/GuardsAttributes.php(155): Illuminate/Database/Console/Seeds/SeedCommand->Illuminate/Database/Console/Seeds/{closure}()
#10 C:/Users/admin/Desktop/flutter/ecommerce_java/lib/ecommerce-project/vendor/laravel/framework/src/Illuminate/Database/Console/Seeds/SeedCommand.php(69): Illuminate/Database/Eloquent/Model::unguarded(Object(Closure))
#11 C:/Users/admin/Desktop/flutter/ecommerce_java/lib/ecommerce-project/vendor/laravel/framework/src/Illuminate/Container/BoundMethod.php(36): Illuminate/Database/Console/Seeds/SeedCommand->handle()
#12 C:/Users/admin/Desktop/flutter/ecommerce_java/lib/ecommerce-project/vendor/laravel/framework/src/Illuminate/Container/Util.php(41): Illuminate/Container/BoundMethod::Illuminate/Container/{closure}()
#13 C:/Users/admin/Desktop/flutter/ecommerce_java/lib/ecommerce-project/vendor/laravel/framework/src/Illuminate/Container/BoundMethod.php(93): Illuminate/Container/Util::unwrapIfClosure(Object(Closure))
#14 C:/Users/admin/Desktop/flutter/ecommerce_java/lib/ecommerce-project/vendor/laravel/framework/src/Illuminate/Container/BoundMethod.php(35): Illuminate/Container/BoundMethod::callBoundMethod(Object(Illuminate/Foundation/Application), Array, Object(Closure))
#15 C:/Users/admin/Desktop/flutter/ecommerce_java/lib/ecommerce-project/vendor/laravel/framework/src/Illuminate/Container/Container.php(662): Illuminate/Container/BoundMethod::call(Object(Illuminate/Foundation/Application), Array, Array, NULL)
#16 C:/Users/admin/Desktop/flutter/ecommerce_java/lib/ecommerce-project/vendor/laravel/framework/src/Illuminate/Console/Command.php(211): Illuminate/Container/Container->call(Array)
#17 C:/Users/admin/Desktop/flutter/ecommerce_java/lib/ecommerce-project/vendor/symfony/console/Command/Command.php(326): Illuminate/Console/Command->execute(Object(Symfony/Component/Console/Input/ArgvInput), Object(Illuminate/Console/OutputStyle))
#18 C:/Users/admin/Desktop/flutter/ecommerce_java/lib/ecommerce-project/vendor/laravel/framework/src/Illuminate/Console/Command.php(180): Symfony/Component/Console/Command/Command->run(Object(Symfony/Component/Console/Input/ArgvInput), Object(Illuminate/Console/OutputStyle))
#19 C:/Users/admin/Desktop/flutter/ecommerce_java/lib/ecommerce-project/vendor/symfony/console/Application.php(1121): Illuminate/Console/Command->run(Object(Symfony/Component/Console/Input/ArgvInput), Object(Symfony/Component/Console/Output/ConsoleOutput))
#20 C:/Users/admin/Desktop/flutter/ecommerce_java/lib/ecommerce-project/vendor/symfony/console/Application.php(324): Symfony/Component/Console/Application->doRunCommand(Object(Illuminate/Database/Console/Seeds/SeedCommand), Object(Symfony/Component/Console/Input/ArgvInput), Object(Symfony/Component/Console/Output/ConsoleOutput))
#21 C:/Users/admin/Desktop/flutter/ecommerce_java/lib/ecommerce-project/vendor/symfony/console/Application.php(175): Symfony/Component/Console/Application->doRun(Object(Symfony/Component/Console/Input/ArgvInput), Object(Symfony/Component/Console/Output/ConsoleOutput))
#22 C:/Users/admin/Desktop/flutter/ecommerce_java/lib/ecommerce-project/vendor/laravel/framework/src/Illuminate/Foundation/Console/Kernel.php(201): Symfony/Component/Console/Application->run(Object(Symfony/Component/Console/Input/ArgvInput), Object(Symfony/Component/Console/Output/ConsoleOutput))
#23 C:/Users/admin/Desktop/flutter/ecommerce_java/lib/ecommerce-project/artisan(35): Illuminate/Foundation/Console/Kernel->handle(Object(Symfony/Component/Console/Input/ArgvInput), Object(Symfony/Component/Console/Output/ConsoleOutput))
#24 {main}
"} 
[2026-07-06 16:30:13] local.ERROR: Illuminate\Database\Seeder::call(): Argument #3 ($parameters) must be of type array, string given, called in C:\Users\admin\Desktop\flutter\ecommerce_java\lib\ecommerce-project\database\seeders\DatabaseSeeder.php on line 15 {"exception":"[object] (TypeError(code: 0): Illuminate\\Database\\Seeder::call(): Argument #3 ($parameters) must be of type array, string given, called in C:\\Users\\admin\\Desktop\\flutter\\ecommerce_java\\lib\\ecommerce-project\\database\\seeders\\DatabaseSeeder.php on line 15 at C:/Users/admin/Desktop/flutter/ecommerce_java/lib/ecommerce-project/vendor/laravel/framework/src/Illuminate/Database/Seeder.php:43)
[stacktrace]
#0 C:/Users/admin/Desktop/flutter/ecommerce_java/lib/ecommerce-project/database/seeders/DatabaseSeeder.php(15): Illuminate/Database/Seeder->call('Database//Seeder...', 'Database//Seeder...', 'Database//Seeder...')
#1 C:/Users/admin/Desktop/flutter/ecommerce_java/lib/ecommerce-project/vendor/laravel/framework/src/Illuminate/Container/BoundMethod.php(36): Database/Seeders/DatabaseSeeder->run()
#2 C:/Users/admin/Desktop/flutter/ecommerce_java/lib/ecommerce-project/vendor/laravel/framework/src/Illuminate/Container/Util.php(41): Illuminate/Container/BoundMethod::Illuminate/Container/{closure}()
#3 C:/Users/admin/Desktop/flutter/ecommerce_java/lib/ecommerce-project/vendor/laravel/framework/src/Illuminate/Container/BoundMethod.php(93): Illuminate/Container/Util::unwrapIfClosure(Object(Closure))
#4 C:/Users/admin/Desktop/flutter/ecommerce_java/lib/ecommerce-project/vendor/laravel/framework/src/Illuminate/Container/BoundMethod.php(35): Illuminate/Container/BoundMethod::callBoundMethod(Object(Illuminate/Foundation/Application), Array, Object(Closure))
#5 C:/Users/admin/Desktop/flutter/ecommerce_java/lib/ecommerce-project/vendor/laravel/framework/src/Illuminate/Container/Container.php(662): Illuminate/Container/BoundMethod::call(Object(Illuminate/Foundation/Application), Array, Array, NULL)
#6 C:/Users/admin/Desktop/flutter/ecommerce_java/lib/ecommerce-project/vendor/laravel/framework/src/Illuminate/Database/Seeder.php(184): Illuminate/Container/Container->call(Array, Array)
#7 C:/Users/admin/Desktop/flutter/ecommerce_java/lib/ecommerce-project/vendor/laravel/framework/src/Illuminate/Database/Seeder.php(193): Illuminate/Database/Seeder->Illuminate/Database/{closure}()
#8 C:/Users/admin/Desktop/flutter/ecommerce_java/lib/ecommerce-project/vendor/laravel/framework/src/Illuminate/Database/Console/Seeds/SeedCommand.php(70): Illuminate/Database/Seeder->__invoke()
#9 C:/Users/admin/Desktop/flutter/ecommerce_java/lib/ecommerce-project/vendor/laravel/framework/src/Illuminate/Database/Eloquent/Concerns/GuardsAttributes.php(155): Illuminate/Database/Console/Seeds/SeedCommand->Illuminate/Database/Console/Seeds/{closure}()
#10 C:/Users/admin/Desktop/flutter/ecommerce_java/lib/ecommerce-project/vendor/laravel/framework/src/Illuminate/Database/Console/Seeds/SeedCommand.php(69): Illuminate/Database/Eloquent/Model::unguarded(Object(Closure))
#11 C:/Users/admin/Desktop/flutter/ecommerce_java/lib/ecommerce-project/vendor/laravel/framework/src/Illuminate/Container/BoundMethod.php(36): Illuminate/Database/Console/Seeds/SeedCommand->handle()
#12 C:/Users/admin/Desktop/flutter/ecommerce_java/lib/ecommerce-project/vendor/laravel/framework/src/Illuminate/Container/Util.php(41): Illuminate/Container/BoundMethod::Illuminate/Container/{closure}()
#13 C:/Users/admin/Desktop/flutter/ecommerce_java/lib/ecommerce-project/vendor/laravel/framework/src/Illuminate/Container/BoundMethod.php(93): Illuminate/Container/Util::unwrapIfClosure(Object(Closure))
#14 C:/Users/admin/Desktop/flutter/ecommerce_java/lib/ecommerce-project/vendor/laravel/framework/src/Illuminate/Container/BoundMethod.php(35): Illuminate/Container/BoundMethod::callBoundMethod(Object(Illuminate/Foundation/Application), Array, Object(Closure))
#15 C:/Users/admin/Desktop/flutter/ecommerce_java/lib/ecommerce-project/vendor/laravel/framework/src/Illuminate/Container/Container.php(662): Illuminate/Container/BoundMethod::call(Object(Illuminate/Foundation/Application), Array, Array, NULL)
#16 C:/Users/admin/Desktop/flutter/ecommerce_java/lib/ecommerce-project/vendor/laravel/framework/src/Illuminate/Console/Command.php(211): Illuminate/Container/Container->call(Array)
#17 C:/Users/admin/Desktop/flutter/ecommerce_java/lib/ecommerce-project/vendor/symfony/console/Command/Command.php(326): Illuminate/Console/Command->execute(Object(Symfony/Component/Console/Input/ArgvInput), Object(Illuminate/Console/OutputStyle))
#18 C:/Users/admin/Desktop/flutter/ecommerce_java/lib/ecommerce-project/vendor/laravel/framework/src/Illuminate/Console/Command.php(180): Symfony/Component/Console/Command/Command->run(Object(Symfony/Component/Console/Input/ArgvInput), Object(Illuminate/Console/OutputStyle))
#19 C:/Users/admin/Desktop/flutter/ecommerce_java/lib/ecommerce-project/vendor/symfony/console/Application.php(1121): Illuminate/Console/Command->run(Object(Symfony/Component/Console/Input/ArgvInput), Object(Symfony/Component/Console/Output/ConsoleOutput))
#20 C:/Users/admin/Desktop/flutter/ecommerce_java/lib/ecommerce-project/vendor/symfony/console/Application.php(324): Symfony/Component/Console/Application->doRunCommand(Object(Illuminate/Database/Console/Seeds/SeedCommand), Object(Symfony/Component/Console/Input/ArgvInput), Object(Symfony/Component/Console/Output/ConsoleOutput))
#21 C:/Users/admin/Desktop/flutter/ecommerce_java/lib/ecommerce-project/vendor/symfony/console/Application.php(175): Symfony/Component/Console/Application->doRun(Object(Symfony/Component/Console/Input/ArgvInput), Object(Symfony/Component/Console/Output/ConsoleOutput))
#22 C:/Users/admin/Desktop/flutter/ecommerce_java/lib/ecommerce-project/vendor/laravel/framework/src/Illuminate/Foundation/Console/Kernel.php(201): Symfony/Component/Console/Application->run(Object(Symfony/Component/Console/Input/ArgvInput), Object(Symfony/Component/Console/Output/ConsoleOutput))
#23 C:/Users/admin/Desktop/flutter/ecommerce_java/lib/ecommerce-project/artisan(35): Illuminate/Foundation/Console/Kernel->handle(Object(Symfony/Component/Console/Input/ArgvInput), Object(Symfony/Component/Console/Output/ConsoleOutput))
#24 {main}
"} 
[2026-07-06 16:30:39] local.ERROR: SQLSTATE[42S22]: Column not found: 1054 Unknown column 'name' in 'field list' (Connection: mysql, SQL: insert into `brands` (`name`, `description`, `logo`, `updated_at`, `created_at`) values (Metz-Watsica, Numquam et suscipit quasi numquam saepe aut., https://via.placeholder.com/200x200.png/002211?text=brands+impedit, 2026-07-06 16:30:39, 2026-07-06 16:30:39)) {"exception":"[object] (Illuminate\\Database\\QueryException(code: 42S22): SQLSTATE[42S22]: Column not found: 1054 Unknown column 'name' in 'field list' (Connection: mysql, SQL: insert into `brands` (`name`, `description`, `logo`, `updated_at`, `created_at`) values (Metz-Watsica, Numquam et suscipit quasi numquam saepe aut., https://via.placeholder.com/200x200.png/002211?text=brands+impedit, 2026-07-06 16:30:39, 2026-07-06 16:30:39)) at C:/Users/admin/Desktop/flutter/ecommerce_java/lib/ecommerce-project/vendor/laravel/framework/src/Illuminate/Database/Connection.php:829)
[stacktrace]
#0 C:/Users/admin/Desktop/flutter/ecommerce_java/lib/ecommerce-project/vendor/laravel/framework/src/Illuminate/Database/Connection.php(783): Illuminate/Database/Connection->runQueryCallback('insert into `br...', Array, Object(Closure))
#1 C:/Users/admin/Desktop/flutter/ecommerce_java/lib/ecommerce-project/vendor/laravel/framework/src/Illuminate/Database/MySqlConnection.php(34): Illuminate/Database/Connection->run('insert into `br...', Array, Object(Closure))
#2 C:/Users/admin/Desktop/flutter/ecommerce_java/lib/ecommerce-project/vendor/laravel/framework/src/Illuminate/Database/Query/Processors/MySqlProcessor.php(35): Illuminate/Database/MySqlConnection->insert('insert into `br...', Array, 'id')
#3 C:/Users/admin/Desktop/flutter/ecommerce_java/lib/ecommerce-project/vendor/laravel/framework/src/Illuminate/Database/Query/Builder.php(3549): Illuminate/Database/Query/Processors/MySqlProcessor->processInsertGetId(Object(Illuminate/Database/Query/Builder), 'insert into `br...', Array, 'id')
#4 C:/Users/admin/Desktop/flutter/ecommerce_java/lib/ecommerce-project/vendor/laravel/framework/src/Illuminate/Database/Eloquent/Builder.php(1982): Illuminate/Database/Query/Builder->insertGetId(Array, 'id')
#5 C:/Users/admin/Desktop/flutter/ecommerce_java/lib/ecommerce-project/vendor/laravel/framework/src/Illuminate/Database/Eloquent/Model.php(1334): Illuminate/Database/Eloquent/Builder->__call('insertGetId', Array)
#6 C:/Users/admin/Desktop/flutter/ecommerce_java/lib/ecommerce-project/vendor/laravel/framework/src/Illuminate/Database/Eloquent/Model.php(1299): Illuminate/Database/Eloquent/Model->insertAndSetId(Object(Illuminate/Database/Eloquent/Builder), Array)
#7 C:/Users/admin/Desktop/flutter/ecommerce_java/lib/ecommerce-project/vendor/laravel/framework/src/Illuminate/Database/Eloquent/Model.php(1138): Illuminate/Database/Eloquent/Model->performInsert(Object(Illuminate/Database/Eloquent/Builder))
#8 C:/Users/admin/Desktop/flutter/ecommerce_java/lib/ecommerce-project/vendor/laravel/framework/src/Illuminate/Database/Eloquent/Factories/Factory.php(338): Illuminate/Database/Eloquent/Model->save()
#9 C:/Users/admin/Desktop/flutter/ecommerce_java/lib/ecommerce-project/vendor/laravel/framework/src/Illuminate/Collections/Traits/EnumeratesValues.php(240): Illuminate/Database/Eloquent/Factories/Factory->Illuminate/Database/Eloquent/Factories/{closure}(Object(App/Models/Brand), 0)
#10 C:/Users/admin/Desktop/flutter/ecommerce_java/lib/ecommerce-project/vendor/laravel/framework/src/Illuminate/Database/Eloquent/Factories/Factory.php(333): Illuminate/Support/Collection->each(Object(Closure))
#11 C:/Users/admin/Desktop/flutter/ecommerce_java/lib/ecommerce-project/vendor/laravel/framework/src/Illuminate/Database/Eloquent/Factories/Factory.php(291): Illuminate/Database/Eloquent/Factories/Factory->store(Object(Illuminate/Database/Eloquent/Collection))
#12 C:/Users/admin/Desktop/flutter/ecommerce_java/lib/ecommerce-project/database/seeders/BrandSeeder.php(15): Illuminate/Database/Eloquent/Factories/Factory->create()
#13 C:/Users/admin/Desktop/flutter/ecommerce_java/lib/ecommerce-project/vendor/laravel/framework/src/Illuminate/Container/BoundMethod.php(36): Database/Seeders/BrandSeeder->run()
#14 C:/Users/admin/Desktop/flutter/ecommerce_java/lib/ecommerce-project/vendor/laravel/framework/src/Illuminate/Container/Util.php(41): Illuminate/Container/BoundMethod::Illuminate/Container/{closure}()
#15 C:/Users/admin/Desktop/flutter/ecommerce_java/lib/ecommerce-project/vendor/laravel/framework/src/Illuminate/Container/BoundMethod.php(93): Illuminate/Container/Util::unwrapIfClosure(Object(Closure))
#16 C:/Users/admin/Desktop/flutter/ecommerce_java/lib/ecommerce-project/vendor/laravel/framework/src/Illuminate/Container/BoundMethod.php(35): Illuminate/Container/BoundMethod::callBoundMethod(Object(Illuminate/Foundation/Application), Array, Object(Closure))
#17 C:/Users/admin/Desktop/flutter/ecommerce_java/lib/ecommerce-project/vendor/laravel/framework/src/Illuminate/Container/Container.php(662): Illuminate/Container/BoundMethod::call(Object(Illuminate/Foundation/Application), Array, Array, NULL)
#18 C:/Users/admin/Desktop/flutter/ecommerce_java/lib/ecommerce-project/vendor/laravel/framework/src/Illuminate/Database/Seeder.php(184): Illuminate/Container/Container->call(Array, Array)
#19 C:/Users/admin/Desktop/flutter/ecommerce_java/lib/ecommerce-project/vendor/laravel/framework/src/Illuminate/Database/Seeder.php(193): Illuminate/Database/Seeder->Illuminate/Database/{closure}()
#20 C:/Users/admin/Desktop/flutter/ecommerce_java/lib/ecommerce-project/vendor/laravel/framework/src/Illuminate/Database/Seeder.php(61): Illuminate/Database/Seeder->__invoke(Array)
#21 C:/Users/admin/Desktop/flutter/ecommerce_java/lib/ecommerce-project/database/seeders/DatabaseSeeder.php(15): Illuminate/Database/Seeder->call('Database//Seeder...')
#22 C:/Users/admin/Desktop/flutter/ecommerce_java/lib/ecommerce-project/vendor/laravel/framework/src/Illuminate/Container/BoundMethod.php(36): Database/Seeders/DatabaseSeeder->run()
#23 C:/Users/admin/Desktop/flutter/ecommerce_java/lib/ecommerce-project/vendor/laravel/framework/src/Illuminate/Container/Util.php(41): Illuminate/Container/BoundMethod::Illuminate/Container/{closure}()
#24 C:/Users/admin/Desktop/flutter/ecommerce_java/lib/ecommerce-project/vendor/laravel/framework/src/Illuminate/Container/BoundMethod.php(93): Illuminate/Container/Util::unwrapIfClosure(Object(Closure))
#25 C:/Users/admin/Desktop/flutter/ecommerce_java/lib/ecommerce-project/vendor/laravel/framework/src/Illuminate/Container/BoundMethod.php(35): Illuminate/Container/BoundMethod::callBoundMethod(Object(Illuminate/Foundation/Application), Array, Object(Closure))
#26 C:/Users/admin/Desktop/flutter/ecommerce_java/lib/ecommerce-project/vendor/laravel/framework/src/Illuminate/Container/Container.php(662): Illuminate/Container/BoundMethod::call(Object(Illuminate/Foundation/Application), Array, Array, NULL)
#27 C:/Users/admin/Desktop/flutter/ecommerce_java/lib/ecommerce-project/vendor/laravel/framework/src/Illuminate/Database/Seeder.php(184): Illuminate/Container/Container->call(Array, Array)
#28 C:/Users/admin/Desktop/flutter/ecommerce_java/lib/ecommerce-project/vendor/laravel/framework/src/Illuminate/Database/Seeder.php(193): Illuminate/Database/Seeder->Illuminate/Database/{closure}()
#29 C:/Users/admin/Desktop/flutter/ecommerce_java/lib/ecommerce-project/vendor/laravel/framework/src/Illuminate/Database/Console/Seeds/SeedCommand.php(70): Illuminate/Database/Seeder->__invoke()
#30 C:/Users/admin/Desktop/flutter/ecommerce_java/lib/ecommerce-project/vendor/laravel/framework/src/Illuminate/Database/Eloquent/Concerns/GuardsAttributes.php(155): Illuminate/Database/Console/Seeds/SeedCommand->Illuminate/Database/Console/Seeds/{closure}()
#31 C:/Users/admin/Desktop/flutter/ecommerce_java/lib/ecommerce-project/vendor/laravel/framework/src/Illuminate/Database/Console/Seeds/SeedCommand.php(69): Illuminate/Database/Eloquent/Model::unguarded(Object(Closure))
#32 C:/Users/admin/Desktop/flutter/ecommerce_java/lib/ecommerce-project/vendor/laravel/framework/src/Illuminate/Container/BoundMethod.php(36): Illuminate/Database/Console/Seeds/SeedCommand->handle()
#33 C:/Users/admin/Desktop/flutter/ecommerce_java/lib/ecommerce-project/vendor/laravel/framework/src/Illuminate/Container/Util.php(41): Illuminate/Container/BoundMethod::Illuminate/Container/{closure}()
#34 C:/Users/admin/Desktop/flutter/ecommerce_java/lib/ecommerce-project/vendor/laravel/framework/src/Illuminate/Container/BoundMethod.php(93): Illuminate/Container/Util::unwrapIfClosure(Object(Closure))
#35 C:/Users/admin/Desktop/flutter/ecommerce_java/lib/ecommerce-project/vendor/laravel/framework/src/Illuminate/Container/BoundMethod.php(35): Illuminate/Container/BoundMethod::callBoundMethod(Object(Illuminate/Foundation/Application), Array, Object(Closure))
#36 C:/Users/admin/Desktop/flutter/ecommerce_java/lib/ecommerce-project/vendor/laravel/framework/src/Illuminate/Container/Container.php(662): Illuminate/Container/BoundMethod::call(Object(Illuminate/Foundation/Application), Array, Array, NULL)
#37 C:/Users/admin/Desktop/flutter/ecommerce_java/lib/ecommerce-project/vendor/laravel/framework/src/Illuminate/Console/Command.php(211): Illuminate/Container/Container->call(Array)
#38 C:/Users/admin/Desktop/flutter/ecommerce_java/lib/ecommerce-project/vendor/symfony/console/Command/Command.php(326): Illuminate/Console/Command->execute(Object(Symfony/Component/Console/Input/ArgvInput), Object(Illuminate/Console/OutputStyle))
#39 C:/Users/admin/Desktop/flutter/ecommerce_java/lib/ecommerce-project/vendor/laravel/framework/src/Illuminate/Console/Command.php(180): Symfony/Component/Console/Command/Command->run(Object(Symfony/Component/Console/Input/ArgvInput), Object(Illuminate/Console/OutputStyle))
#40 C:/Users/admin/Desktop/flutter/ecommerce_java/lib/ecommerce-project/vendor/symfony/console/Application.php(1121): Illuminate/Console/Command->run(Object(Symfony/Component/Console/Input/ArgvInput), Object(Symfony/Component/Console/Output/ConsoleOutput))
#41 C:/Users/admin/Desktop/flutter/ecommerce_java/lib/ecommerce-project/vendor/symfony/console/Application.php(324): Symfony/Component/Console/Application->doRunCommand(Object(Illuminate/Database/Console/Seeds/SeedCommand), Object(Symfony/Component/Console/Input/ArgvInput), Object(Symfony/Component/Console/Output/ConsoleOutput))
#42 C:/Users/admin/Desktop/flutter/ecommerce_java/lib/ecommerce-project/vendor/symfony/console/Application.php(175): Symfony/Component/Console/Application->doRun(Object(Symfony/Component/Console/Input/ArgvInput), Object(Symfony/Component/Console/Output/ConsoleOutput))
#43 C:/Users/admin/Desktop/flutter/ecommerce_java/lib/ecommerce-project/vendor/laravel/framework/src/Illuminate/Foundation/Console/Kernel.php(201): Symfony/Component/Console/Application->run(Object(Symfony/Component/Console/Input/ArgvInput), Object(Symfony/Component/Console/Output/ConsoleOutput))
#44 C:/Users/admin/Desktop/flutter/ecommerce_java/lib/ecommerce-project/artisan(35): Illuminate/Foundation/Console/Kernel->handle(Object(Symfony/Component/Console/Input/ArgvInput), Object(Symfony/Component/Console/Output/ConsoleOutput))
#45 {main}

[previous exception] [object] (PDOException(code: 42S22): SQLSTATE[42S22]: Column not found: 1054 Unknown column 'name' in 'field list' at C:/Users/admin/Desktop/flutter/ecommerce_java/lib/ecommerce-project/vendor/laravel/framework/src/Illuminate/Database/MySqlConnection.php:39)
[stacktrace]
#0 C:/Users/admin/Desktop/flutter/ecommerce_java/lib/ecommerce-project/vendor/laravel/framework/src/Illuminate/Database/MySqlConnection.php(39): PDO->prepare('insert into `br...')
#1 C:/Users/admin/Desktop/flutter/ecommerce_java/lib/ecommerce-project/vendor/laravel/framework/src/Illuminate/Database/Connection.php(816): Illuminate/Database/MySqlConnection->Illuminate/Database/{closure}('insert into `br...', Array)
#2 C:/Users/admin/Desktop/flutter/ecommerce_java/lib/ecommerce-project/vendor/laravel/framework/src/Illuminate/Database/Connection.php(783): Illuminate/Database/Connection->runQueryCallback('insert into `br...', Array, Object(Closure))
#3 C:/Users/admin/Desktop/flutter/ecommerce_java/lib/ecommerce-project/vendor/laravel/framework/src/Illuminate/Database/MySqlConnection.php(34): Illuminate/Database/Connection->run('insert into `br...', Array, Object(Closure))
#4 C:/Users/admin/Desktop/flutter/ecommerce_java/lib/ecommerce-project/vendor/laravel/framework/src/Illuminate/Database/Query/Processors/MySqlProcessor.php(35): Illuminate/Database/MySqlConnection->insert('insert into `br...', Array, 'id')
#5 C:/Users/admin/Desktop/flutter/ecommerce_java/lib/ecommerce-project/vendor/laravel/framework/src/Illuminate/Database/Query/Builder.php(3549): Illuminate/Database/Query/Processors/MySqlProcessor->processInsertGetId(Object(Illuminate/Database/Query/Builder), 'insert into `br...', Array, 'id')
#6 C:/Users/admin/Desktop/flutter/ecommerce_java/lib/ecommerce-project/vendor/laravel/framework/src/Illuminate/Database/Eloquent/Builder.php(1982): Illuminate/Database/Query/Builder->insertGetId(Array, 'id')
#7 C:/Users/admin/Desktop/flutter/ecommerce_java/lib/ecommerce-project/vendor/laravel/framework/src/Illuminate/Database/Eloquent/Model.php(1334): Illuminate/Database/Eloquent/Builder->__call('insertGetId', Array)
#8 C:/Users/admin/Desktop/flutter/ecommerce_java/lib/ecommerce-project/vendor/laravel/framework/src/Illuminate/Database/Eloquent/Model.php(1299): Illuminate/Database/Eloquent/Model->insertAndSetId(Object(Illuminate/Database/Eloquent/Builder), Array)
#9 C:/Users/admin/Desktop/flutter/ecommerce_java/lib/ecommerce-project/vendor/laravel/framework/src/Illuminate/Database/Eloquent/Model.php(1138): Illuminate/Database/Eloquent/Model->performInsert(Object(Illuminate/Database/Eloquent/Builder))
#10 C:/Users/admin/Desktop/flutter/ecommerce_java/lib/ecommerce-project/vendor/laravel/framework/src/Illuminate/Database/Eloquent/Factories/Factory.php(338): Illuminate/Database/Eloquent/Model->save()
#11 C:/Users/admin/Desktop/flutter/ecommerce_java/lib/ecommerce-project/vendor/laravel/framework/src/Illuminate/Collections/Traits/EnumeratesValues.php(240): Illuminate/Database/Eloquent/Factories/Factory->Illuminate/Database/Eloquent/Factories/{closure}(Object(App/Models/Brand), 0)
#12 C:/Users/admin/Desktop/flutter/ecommerce_java/lib/ecommerce-project/vendor/laravel/framework/src/Illuminate/Database/Eloquent/Factories/Factory.php(333): Illuminate/Support/Collection->each(Object(Closure))
#13 C:/Users/admin/Desktop/flutter/ecommerce_java/lib/ecommerce-project/vendor/laravel/framework/src/Illuminate/Database/Eloquent/Factories/Factory.php(291): Illuminate/Database/Eloquent/Factories/Factory->store(Object(Illuminate/Database/Eloquent/Collection))
#14 C:/Users/admin/Desktop/flutter/ecommerce_java/lib/ecommerce-project/database/seeders/BrandSeeder.php(15): Illuminate/Database/Eloquent/Factories/Factory->create()
#15 C:/Users/admin/Desktop/flutter/ecommerce_java/lib/ecommerce-project/vendor/laravel/framework/src/Illuminate/Container/BoundMethod.php(36): Database/Seeders/BrandSeeder->run()
#16 C:/Users/admin/Desktop/flutter/ecommerce_java/lib/ecommerce-project/vendor/laravel/framework/src/Illuminate/Container/Util.php(41): Illuminate/Container/BoundMethod::Illuminate/Container/{closure}()
#17 C:/Users/admin/Desktop/flutter/ecommerce_java/lib/ecommerce-project/vendor/laravel/framework/src/Illuminate/Container/BoundMethod.php(93): Illuminate/Container/Util::unwrapIfClosure(Object(Closure))
#18 C:/Users/admin/Desktop/flutter/ecommerce_java/lib/ecommerce-project/vendor/laravel/framework/src/Illuminate/Container/BoundMethod.php(35): Illuminate/Container/BoundMethod::callBoundMethod(Object(Illuminate/Foundation/Application), Array, Object(Closure))
#19 C:/Users/admin/Desktop/flutter/ecommerce_java/lib/ecommerce-project/vendor/laravel/framework/src/Illuminate/Container/Container.php(662): Illuminate/Container/BoundMethod::call(Object(Illuminate/Foundation/Application), Array, Array, NULL)
#20 C:/Users/admin/Desktop/flutter/ecommerce_java/lib/ecommerce-project/vendor/laravel/framework/src/Illuminate/Database/Seeder.php(184): Illuminate/Container/Container->call(Array, Array)
#21 C:/Users/admin/Desktop/flutter/ecommerce_java/lib/ecommerce-project/vendor/laravel/framework/src/Illuminate/Database/Seeder.php(193): Illuminate/Database/Seeder->Illuminate/Database/{closure}()
#22 C:/Users/admin/Desktop/flutter/ecommerce_java/lib/ecommerce-project/vendor/laravel/framework/src/Illuminate/Database/Seeder.php(61): Illuminate/Database/Seeder->__invoke(Array)
#23 C:/Users/admin/Desktop/flutter/ecommerce_java/lib/ecommerce-project/database/seeders/DatabaseSeeder.php(15): Illuminate/Database/Seeder->call('Database//Seeder...')
#24 C:/Users/admin/Desktop/flutter/ecommerce_java/lib/ecommerce-project/vendor/laravel/framework/src/Illuminate/Container/BoundMethod.php(36): Database/Seeders/DatabaseSeeder->run()
#25 C:/Users/admin/Desktop/flutter/ecommerce_java/lib/ecommerce-project/vendor/laravel/framework/src/Illuminate/Container/Util.php(41): Illuminate/Container/BoundMethod::Illuminate/Container/{closure}()
#26 C:/Users/admin/Desktop/flutter/ecommerce_java/lib/ecommerce-project/vendor/laravel/framework/src/Illuminate/Container/BoundMethod.php(93): Illuminate/Container/Util::unwrapIfClosure(Object(Closure))
#27 C:/Users/admin/Desktop/flutter/ecommerce_java/lib/ecommerce-project/vendor/laravel/framework/src/Illuminate/Container/BoundMethod.php(35): Illuminate/Container/BoundMethod::callBoundMethod(Object(Illuminate/Foundation/Application), Array, Object(Closure))
#28 C:/Users/admin/Desktop/flutter/ecommerce_java/lib/ecommerce-project/vendor/laravel/framework/src/Illuminate/Container/Container.php(662): Illuminate/Container/BoundMethod::call(Object(Illuminate/Foundation/Application), Array, Array, NULL)
#29 C:/Users/admin/Desktop/flutter/ecommerce_java/lib/ecommerce-project/vendor/laravel/framework/src/Illuminate/Database/Seeder.php(184): Illuminate/Container/Container->call(Array, Array)
#30 C:/Users/admin/Desktop/flutter/ecommerce_java/lib/ecommerce-project/vendor/laravel/framework/src/Illuminate/Database/Seeder.php(193): Illuminate/Database/Seeder->Illuminate/Database/{closure}()
#31 C:/Users/admin/Desktop/flutter/ecommerce_java/lib/ecommerce-project/vendor/laravel/framework/src/Illuminate/Database/Console/Seeds/SeedCommand.php(70): Illuminate/Database/Seeder->__invoke()
#32 C:/Users/admin/Desktop/flutter/ecommerce_java/lib/ecommerce-project/vendor/laravel/framework/src/Illuminate/Database/Eloquent/Concerns/GuardsAttributes.php(155): Illuminate/Database/Console/Seeds/SeedCommand->Illuminate/Database/Console/Seeds/{closure}()
#33 C:/Users/admin/Desktop/flutter/ecommerce_java/lib/ecommerce-project/vendor/laravel/framework/src/Illuminate/Database/Console/Seeds/SeedCommand.php(69): Illuminate/Database/Eloquent/Model::unguarded(Object(Closure))
#34 C:/Users/admin/Desktop/flutter/ecommerce_java/lib/ecommerce-project/vendor/laravel/framework/src/Illuminate/Container/BoundMethod.php(36): Illuminate/Database/Console/Seeds/SeedCommand->handle()
#35 C:/Users/admin/Desktop/flutter/ecommerce_java/lib/ecommerce-project/vendor/laravel/framework/src/Illuminate/Container/Util.php(41): Illuminate/Container/BoundMethod::Illuminate/Container/{closure}()
#36 C:/Users/admin/Desktop/flutter/ecommerce_java/lib/ecommerce-project/vendor/laravel/framework/src/Illuminate/Container/BoundMethod.php(93): Illuminate/Container/Util::unwrapIfClosure(Object(Closure))
#37 C:/Users/admin/Desktop/flutter/ecommerce_java/lib/ecommerce-project/vendor/laravel/framework/src/Illuminate/Container/BoundMethod.php(35): Illuminate/Container/BoundMethod::callBoundMethod(Object(Illuminate/Foundation/Application), Array, Object(Closure))
#38 C:/Users/admin/Desktop/flutter/ecommerce_java/lib/ecommerce-project/vendor/laravel/framework/src/Illuminate/Container/Container.php(662): Illuminate/Container/BoundMethod::call(Object(Illuminate/Foundation/Application), Array, Array, NULL)
#39 C:/Users/admin/Desktop/flutter/ecommerce_java/lib/ecommerce-project/vendor/laravel/framework/src/Illuminate/Console/Command.php(211): Illuminate/Container/Container->call(Array)
#40 C:/Users/admin/Desktop/flutter/ecommerce_java/lib/ecommerce-project/vendor/symfony/console/Command/Command.php(326): Illuminate/Console/Command->execute(Object(Symfony/Component/Console/Input/ArgvInput), Object(Illuminate/Console/OutputStyle))
#41 C:/Users/admin/Desktop/flutter/ecommerce_java/lib/ecommerce-project/vendor/laravel/framework/src/Illuminate/Console/Command.php(180): Symfony/Component/Console/Command/Command->run(Object(Symfony/Component/Console/Input/ArgvInput), Object(Illuminate/Console/OutputStyle))
#42 C:/Users/admin/Desktop/flutter/ecommerce_java/lib/ecommerce-project/vendor/symfony/console/Application.php(1121): Illuminate/Console/Command->run(Object(Symfony/Component/Console/Input/ArgvInput), Object(Symfony/Component/Console/Output/ConsoleOutput))
#43 C:/Users/admin/Desktop/flutter/ecommerce_java/lib/ecommerce-project/vendor/symfony/console/Application.php(324): Symfony/Component/Console/Application->doRunCommand(Object(Illuminate/Database/Console/Seeds/SeedCommand), Object(Symfony/Component/Console/Input/ArgvInput), Object(Symfony/Component/Console/Output/ConsoleOutput))
#44 C:/Users/admin/Desktop/flutter/ecommerce_java/lib/ecommerce-project/vendor/symfony/console/Application.php(175): Symfony/Component/Console/Application->doRun(Object(Symfony/Component/Console/Input/ArgvInput), Object(Symfony/Component/Console/Output/ConsoleOutput))
#45 C:/Users/admin/Desktop/flutter/ecommerce_java/lib/ecommerce-project/vendor/laravel/framework/src/Illuminate/Foundation/Console/Kernel.php(201): Symfony/Component/Console/Application->run(Object(Symfony/Component/Console/Input/ArgvInput), Object(Symfony/Component/Console/Output/ConsoleOutput))
#46 C:/Users/admin/Desktop/flutter/ecommerce_java/lib/ecommerce-project/artisan(35): Illuminate/Foundation/Console/Kernel->handle(Object(Symfony/Component/Console/Input/ArgvInput), Object(Symfony/Component/Console/Output/ConsoleOutput))
#47 {main}
"} 
[2026-07-06 16:33:33] local.ERROR: SQLSTATE[HY000]: General error: 1824 Failed to open the referenced table 'orders' (Connection: mysql, SQL: alter table `order_items` add constraint `order_items_order_id_foreign` foreign key (`order_id`) references `orders` (`id`) on delete cascade) {"exception":"[object] (Illuminate\\Database\\QueryException(code: HY000): SQLSTATE[HY000]: General error: 1824 Failed to open the referenced table 'orders' (Connection: mysql, SQL: alter table `order_items` add constraint `order_items_order_id_foreign` foreign key (`order_id`) references `orders` (`id`) on delete cascade) at C:/Users/admin/Desktop/flutter/ecommerce_java/lib/ecommerce-project/vendor/laravel/framework/src/Illuminate/Database/Connection.php:829)
[stacktrace]
#0 C:/Users/admin/Desktop/flutter/ecommerce_java/lib/ecommerce-project/vendor/laravel/framework/src/Illuminate/Database/Connection.php(783): Illuminate/Database/Connection->runQueryCallback('alter table `or...', Array, Object(Closure))
#1 C:/Users/admin/Desktop/flutter/ecommerce_java/lib/ecommerce-project/vendor/laravel/framework/src/Illuminate/Database/Connection.php(576): Illuminate/Database/Connection->run('alter table `or...', Array, Object(Closure))
#2 C:/Users/admin/Desktop/flutter/ecommerce_java/lib/ecommerce-project/vendor/laravel/framework/src/Illuminate/Database/Schema/Blueprint.php(110): Illuminate/Database/Connection->statement('alter table `or...')
#3 C:/Users/admin/Desktop/flutter/ecommerce_java/lib/ecommerce-project/vendor/laravel/framework/src/Illuminate/Database/Schema/Builder.php(602): Illuminate/Database/Schema/Blueprint->build(Object(Illuminate/Database/MySqlConnection), Object(Illuminate/Database/Schema/Grammars/MySqlGrammar))
#4 C:/Users/admin/Desktop/flutter/ecommerce_java/lib/ecommerce-project/vendor/laravel/framework/src/Illuminate/Database/Schema/Builder.php(456): Illuminate/Database/Schema/Builder->build(Object(Illuminate/Database/Schema/Blueprint))
#5 C:/Users/admin/Desktop/flutter/ecommerce_java/lib/ecommerce-project/vendor/laravel/framework/src/Illuminate/Support/Facades/Facade.php(355): Illuminate/Database/Schema/Builder->create('order_items', Object(Closure))
#6 C:/Users/admin/Desktop/flutter/ecommerce_java/lib/ecommerce-project/database/migrations/2026_07_06_122554_create_order_items_table.php(14): Illuminate/Support/Facades/Facade::__callStatic('create', Array)
#7 C:/Users/admin/Desktop/flutter/ecommerce_java/lib/ecommerce-project/vendor/laravel/framework/src/Illuminate/Database/Migrations/Migrator.php(501): Illuminate/Database/Migrations/Migration@anonymous->up()
#8 C:/Users/admin/Desktop/flutter/ecommerce_java/lib/ecommerce-project/vendor/laravel/framework/src/Illuminate/Database/Migrations/Migrator.php(418): Illuminate/Database/Migrations/Migrator->runMethod(Object(Illuminate/Database/MySqlConnection), Object(Illuminate/Database/Migrations/Migration@anonymous), 'up')
#9 C:/Users/admin/Desktop/flutter/ecommerce_java/lib/ecommerce-project/vendor/laravel/framework/src/Illuminate/Database/Migrations/Migrator.php(427): Illuminate/Database/Migrations/Migrator->Illuminate/Database/Migrations/{closure}()
#10 C:/Users/admin/Desktop/flutter/ecommerce_java/lib/ecommerce-project/vendor/laravel/framework/src/Illuminate/Database/Migrations/Migrator.php(224): Illuminate/Database/Migrations/Migrator->runMigration(Object(Illuminate/Database/Migrations/Migration@anonymous), 'up')
#11 C:/Users/admin/Desktop/flutter/ecommerce_java/lib/ecommerce-project/vendor/laravel/framework/src/Illuminate/Console/View/Components/Task.php(37): Illuminate/Database/Migrations/Migrator->Illuminate/Database/Migrations/{closure}()
#12 C:/Users/admin/Desktop/flutter/ecommerce_java/lib/ecommerce-project/vendor/laravel/framework/src/Illuminate/Database/Migrations/Migrator.php(783): Illuminate/Console/View/Components/Task->render('2026_07_06_1225...', Object(Closure))
#13 C:/Users/admin/Desktop/flutter/ecommerce_java/lib/ecommerce-project/vendor/laravel/framework/src/Illuminate/Database/Migrations/Migrator.php(224): Illuminate/Database/Migrations/Migrator->write('Illuminate//Cons...', '2026_07_06_1225...', Object(Closure))
#14 C:/Users/admin/Desktop/flutter/ecommerce_java/lib/ecommerce-project/vendor/laravel/framework/src/Illuminate/Database/Migrations/Migrator.php(189): Illuminate/Database/Migrations/Migrator->runUp('C://Users//admin//...', 1, false)
#15 C:/Users/admin/Desktop/flutter/ecommerce_java/lib/ecommerce-project/vendor/laravel/framework/src/Illuminate/Database/Migrations/Migrator.php(132): Illuminate/Database/Migrations/Migrator->runPending(Array, Array)
#16 C:/Users/admin/Desktop/flutter/ecommerce_java/lib/ecommerce-project/vendor/laravel/framework/src/Illuminate/Database/Console/Migrations/MigrateCommand.php(90): Illuminate/Database/Migrations/Migrator->run(Array, Array)
#17 C:/Users/admin/Desktop/flutter/ecommerce_java/lib/ecommerce-project/vendor/laravel/framework/src/Illuminate/Database/Migrations/Migrator.php(641): Illuminate/Database/Console/Migrations/MigrateCommand->Illuminate/Database/Console/Migrations/{closure}()
#18 C:/Users/admin/Desktop/flutter/ecommerce_java/lib/ecommerce-project/vendor/laravel/framework/src/Illuminate/Database/Console/Migrations/MigrateCommand.php(83): Illuminate/Database/Migrations/Migrator->usingConnection(NULL, Object(Closure))
#19 C:/Users/admin/Desktop/flutter/ecommerce_java/lib/ecommerce-project/vendor/laravel/framework/src/Illuminate/Container/BoundMethod.php(36): Illuminate/Database/Console/Migrations/MigrateCommand->handle()
#20 C:/Users/admin/Desktop/flutter/ecommerce_java/lib/ecommerce-project/vendor/laravel/framework/src/Illuminate/Container/Util.php(41): Illuminate/Container/BoundMethod::Illuminate/Container/{closure}()
#21 C:/Users/admin/Desktop/flutter/ecommerce_java/lib/ecommerce-project/vendor/laravel/framework/src/Illuminate/Container/BoundMethod.php(93): Illuminate/Container/Util::unwrapIfClosure(Object(Closure))
#22 C:/Users/admin/Desktop/flutter/ecommerce_java/lib/ecommerce-project/vendor/laravel/framework/src/Illuminate/Container/BoundMethod.php(35): Illuminate/Container/BoundMethod::callBoundMethod(Object(Illuminate/Foundation/Application), Array, Object(Closure))
#23 C:/Users/admin/Desktop/flutter/ecommerce_java/lib/ecommerce-project/vendor/laravel/framework/src/Illuminate/Container/Container.php(662): Illuminate/Container/BoundMethod::call(Object(Illuminate/Foundation/Application), Array, Array, NULL)
#24 C:/Users/admin/Desktop/flutter/ecommerce_java/lib/ecommerce-project/vendor/laravel/framework/src/Illuminate/Console/Command.php(211): Illuminate/Container/Container->call(Array)
#25 C:/Users/admin/Desktop/flutter/ecommerce_java/lib/ecommerce-project/vendor/symfony/console/Command/Command.php(326): Illuminate/Console/Command->execute(Object(Symfony/Component/Console/Input/ArrayInput), Object(Illuminate/Console/OutputStyle))
#26 C:/Users/admin/Desktop/flutter/ecommerce_java/lib/ecommerce-project/vendor/laravel/framework/src/Illuminate/Console/Command.php(180): Symfony/Component/Console/Command/Command->run(Object(Symfony/Component/Console/Input/ArrayInput), Object(Illuminate/Console/OutputStyle))
#27 C:/Users/admin/Desktop/flutter/ecommerce_java/lib/ecommerce-project/vendor/laravel/framework/src/Illuminate/Console/Concerns/CallsCommands.php(67): Illuminate/Console/Command->run(Object(Symfony/Component/Console/Input/ArrayInput), Object(Illuminate/Console/OutputStyle))
#28 C:/Users/admin/Desktop/flutter/ecommerce_java/lib/ecommerce-project/vendor/laravel/framework/src/Illuminate/Console/Concerns/CallsCommands.php(28): Illuminate/Console/Command->runCommand('migrate', Array, Object(Illuminate/Console/OutputStyle))
#29 C:/Users/admin/Desktop/flutter/ecommerce_java/lib/ecommerce-project/vendor/laravel/framework/src/Illuminate/Database/Console/Migrations/FreshCommand.php(53): Illuminate/Console/Command->call('migrate', Array)
#30 C:/Users/admin/Desktop/flutter/ecommerce_java/lib/ecommerce-project/vendor/laravel/framework/src/Illuminate/Container/BoundMethod.php(36): Illuminate/Database/Console/Migrations/FreshCommand->handle()
#31 C:/Users/admin/Desktop/flutter/ecommerce_java/lib/ecommerce-project/vendor/laravel/framework/src/Illuminate/Container/Util.php(41): Illuminate/Container/BoundMethod::Illuminate/Container/{closure}()
#32 C:/Users/admin/Desktop/flutter/ecommerce_java/lib/ecommerce-project/vendor/laravel/framework/src/Illuminate/Container/BoundMethod.php(93): Illuminate/Container/Util::unwrapIfClosure(Object(Closure))
#33 C:/Users/admin/Desktop/flutter/ecommerce_java/lib/ecommerce-project/vendor/laravel/framework/src/Illuminate/Container/BoundMethod.php(35): Illuminate/Container/BoundMethod::callBoundMethod(Object(Illuminate/Foundation/Application), Array, Object(Closure))
#34 C:/Users/admin/Desktop/flutter/ecommerce_java/lib/ecommerce-project/vendor/laravel/framework/src/Illuminate/Container/Container.php(662): Illuminate/Container/BoundMethod::call(Object(Illuminate/Foundation/Application), Array, Array, NULL)
#35 C:/Users/admin/Desktop/flutter/ecommerce_java/lib/ecommerce-project/vendor/laravel/framework/src/Illuminate/Console/Command.php(211): Illuminate/Container/Container->call(Array)
#36 C:/Users/admin/Desktop/flutter/ecommerce_java/lib/ecommerce-project/vendor/symfony/console/Command/Command.php(326): Illuminate/Console/Command->execute(Object(Symfony/Component/Console/Input/ArgvInput), Object(Illuminate/Console/OutputStyle))
#37 C:/Users/admin/Desktop/flutter/ecommerce_java/lib/ecommerce-project/vendor/laravel/framework/src/Illuminate/Console/Command.php(180): Symfony/Component/Console/Command/Command->run(Object(Symfony/Component/Console/Input/ArgvInput), Object(Illuminate/Console/OutputStyle))
#38 C:/Users/admin/Desktop/flutter/ecommerce_java/lib/ecommerce-project/vendor/symfony/console/Application.php(1121): Illuminate/Console/Command->run(Object(Symfony/Component/Console/Input/ArgvInput), Object(Symfony/Component/Console/Output/ConsoleOutput))
#39 C:/Users/admin/Desktop/flutter/ecommerce_java/lib/ecommerce-project/vendor/symfony/console/Application.php(324): Symfony/Component/Console/Application->doRunCommand(Object(Illuminate/Database/Console/Migrations/FreshCommand), Object(Symfony/Component/Console/Input/ArgvInput), Object(Symfony/Component/Console/Output/ConsoleOutput))
#40 C:/Users/admin/Desktop/flutter/ecommerce_java/lib/ecommerce-project/vendor/symfony/console/Application.php(175): Symfony/Component/Console/Application->doRun(Object(Symfony/Component/Console/Input/ArgvInput), Object(Symfony/Component/Console/Output/ConsoleOutput))
#41 C:/Users/admin/Desktop/flutter/ecommerce_java/lib/ecommerce-project/vendor/laravel/framework/src/Illuminate/Foundation/Console/Kernel.php(201): Symfony/Component/Console/Application->run(Object(Symfony/Component/Console/Input/ArgvInput), Object(Symfony/Component/Console/Output/ConsoleOutput))
#42 C:/Users/admin/Desktop/flutter/ecommerce_java/lib/ecommerce-project/artisan(35): Illuminate/Foundation/Console/Kernel->handle(Object(Symfony/Component/Console/Input/ArgvInput), Object(Symfony/Component/Console/Output/ConsoleOutput))
#43 {main}

[previous exception] [object] (PDOException(code: HY000): SQLSTATE[HY000]: General error: 1824 Failed to open the referenced table 'orders' at C:/Users/admin/Desktop/flutter/ecommerce_java/lib/ecommerce-project/vendor/laravel/framework/src/Illuminate/Database/Connection.php:587)
[stacktrace]
#0 C:/Users/admin/Desktop/flutter/ecommerce_java/lib/ecommerce-project/vendor/laravel/framework/src/Illuminate/Database/Connection.php(587): PDOStatement->execute()
#1 C:/Users/admin/Desktop/flutter/ecommerce_java/lib/ecommerce-project/vendor/laravel/framework/src/Illuminate/Database/Connection.php(816): Illuminate/Database/Connection->Illuminate/Database/{closure}('alter table `or...', Array)
#2 C:/Users/admin/Desktop/flutter/ecommerce_java/lib/ecommerce-project/vendor/laravel/framework/src/Illuminate/Database/Connection.php(783): Illuminate/Database/Connection->runQueryCallback('alter table `or...', Array, Object(Closure))
#3 C:/Users/admin/Desktop/flutter/ecommerce_java/lib/ecommerce-project/vendor/laravel/framework/src/Illuminate/Database/Connection.php(576): Illuminate/Database/Connection->run('alter table `or...', Array, Object(Closure))
#4 C:/Users/admin/Desktop/flutter/ecommerce_java/lib/ecommerce-project/vendor/laravel/framework/src/Illuminate/Database/Schema/Blueprint.php(110): Illuminate/Database/Connection->statement('alter table `or...')
#5 C:/Users/admin/Desktop/flutter/ecommerce_java/lib/ecommerce-project/vendor/laravel/framework/src/Illuminate/Database/Schema/Builder.php(602): Illuminate/Database/Schema/Blueprint->build(Object(Illuminate/Database/MySqlConnection), Object(Illuminate/Database/Schema/Grammars/MySqlGrammar))
#6 C:/Users/admin/Desktop/flutter/ecommerce_java/lib/ecommerce-project/vendor/laravel/framework/src/Illuminate/Database/Schema/Builder.php(456): Illuminate/Database/Schema/Builder->build(Object(Illuminate/Database/Schema/Blueprint))
#7 C:/Users/admin/Desktop/flutter/ecommerce_java/lib/ecommerce-project/vendor/laravel/framework/src/Illuminate/Support/Facades/Facade.php(355): Illuminate/Database/Schema/Builder->create('order_items', Object(Closure))
#8 C:/Users/admin/Desktop/flutter/ecommerce_java/lib/ecommerce-project/database/migrations/2026_07_06_122554_create_order_items_table.php(14): Illuminate/Support/Facades/Facade::__callStatic('create', Array)
#9 C:/Users/admin/Desktop/flutter/ecommerce_java/lib/ecommerce-project/vendor/laravel/framework/src/Illuminate/Database/Migrations/Migrator.php(501): Illuminate/Database/Migrations/Migration@anonymous->up()
#10 C:/Users/admin/Desktop/flutter/ecommerce_java/lib/ecommerce-project/vendor/laravel/framework/src/Illuminate/Database/Migrations/Migrator.php(418): Illuminate/Database/Migrations/Migrator->runMethod(Object(Illuminate/Database/MySqlConnection), Object(Illuminate/Database/Migrations/Migration@anonymous), 'up')
#11 C:/Users/admin/Desktop/flutter/ecommerce_java/lib/ecommerce-project/vendor/laravel/framework/src/Illuminate/Database/Migrations/Migrator.php(427): Illuminate/Database/Migrations/Migrator->Illuminate/Database/Migrations/{closure}()
#12 C:/Users/admin/Desktop/flutter/ecommerce_java/lib/ecommerce-project/vendor/laravel/framework/src/Illuminate/Database/Migrations/Migrator.php(224): Illuminate/Database/Migrations/Migrator->runMigration(Object(Illuminate/Database/Migrations/Migration@anonymous), 'up')
#13 C:/Users/admin/Desktop/flutter/ecommerce_java/lib/ecommerce-project/vendor/laravel/framework/src/Illuminate/Console/View/Components/Task.php(37): Illuminate/Database/Migrations/Migrator->Illuminate/Database/Migrations/{closure}()
#14 C:/Users/admin/Desktop/flutter/ecommerce_java/lib/ecommerce-project/vendor/laravel/framework/src/Illuminate/Database/Migrations/Migrator.php(783): Illuminate/Console/View/Components/Task->render('2026_07_06_1225...', Object(Closure))
#15 C:/Users/admin/Desktop/flutter/ecommerce_java/lib/ecommerce-project/vendor/laravel/framework/src/Illuminate/Database/Migrations/Migrator.php(224): Illuminate/Database/Migrations/Migrator->write('Illuminate//Cons...', '2026_07_06_1225...', Object(Closure))
#16 C:/Users/admin/Desktop/flutter/ecommerce_java/lib/ecommerce-project/vendor/laravel/framework/src/Illuminate/Database/Migrations/Migrator.php(189): Illuminate/Database/Migrations/Migrator->runUp('C://Users//admin//...', 1, false)
#17 C:/Users/admin/Desktop/flutter/ecommerce_java/lib/ecommerce-project/vendor/laravel/framework/src/Illuminate/Database/Migrations/Migrator.php(132): Illuminate/Database/Migrations/Migrator->runPending(Array, Array)
#18 C:/Users/admin/Desktop/flutter/ecommerce_java/lib/ecommerce-project/vendor/laravel/framework/src/Illuminate/Database/Console/Migrations/MigrateCommand.php(90): Illuminate/Database/Migrations/Migrator->run(Array, Array)
#19 C:/Users/admin/Desktop/flutter/ecommerce_java/lib/ecommerce-project/vendor/laravel/framework/src/Illuminate/Database/Migrations/Migrator.php(641): Illuminate/Database/Console/Migrations/MigrateCommand->Illuminate/Database/Console/Migrations/{closure}()
#20 C:/Users/admin/Desktop/flutter/ecommerce_java/lib/ecommerce-project/vendor/laravel/framework/src/Illuminate/Database/Console/Migrations/MigrateCommand.php(83): Illuminate/Database/Migrations/Migrator->usingConnection(NULL, Object(Closure))
#21 C:/Users/admin/Desktop/flutter/ecommerce_java/lib/ecommerce-project/vendor/laravel/framework/src/Illuminate/Container/BoundMethod.php(36): Illuminate/Database/Console/Migrations/MigrateCommand->handle()
#22 C:/Users/admin/Desktop/flutter/ecommerce_java/lib/ecommerce-project/vendor/laravel/framework/src/Illuminate/Container/Util.php(41): Illuminate/Container/BoundMethod::Illuminate/Container/{closure}()
#23 C:/Users/admin/Desktop/flutter/ecommerce_java/lib/ecommerce-project/vendor/laravel/framework/src/Illuminate/Container/BoundMethod.php(93): Illuminate/Container/Util::unwrapIfClosure(Object(Closure))
#24 C:/Users/admin/Desktop/flutter/ecommerce_java/lib/ecommerce-project/vendor/laravel/framework/src/Illuminate/Container/BoundMethod.php(35): Illuminate/Container/BoundMethod::callBoundMethod(Object(Illuminate/Foundation/Application), Array, Object(Closure))
#25 C:/Users/admin/Desktop/flutter/ecommerce_java/lib/ecommerce-project/vendor/laravel/framework/src/Illuminate/Container/Container.php(662): Illuminate/Container/BoundMethod::call(Object(Illuminate/Foundation/Application), Array, Array, NULL)
#26 C:/Users/admin/Desktop/flutter/ecommerce_java/lib/ecommerce-project/vendor/laravel/framework/src/Illuminate/Console/Command.php(211): Illuminate/Container/Container->call(Array)
#27 C:/Users/admin/Desktop/flutter/ecommerce_java/lib/ecommerce-project/vendor/symfony/console/Command/Command.php(326): Illuminate/Console/Command->execute(Object(Symfony/Component/Console/Input/ArrayInput), Object(Illuminate/Console/OutputStyle))
#28 C:/Users/admin/Desktop/flutter/ecommerce_java/lib/ecommerce-project/vendor/laravel/framework/src/Illuminate/Console/Command.php(180): Symfony/Component/Console/Command/Command->run(Object(Symfony/Component/Console/Input/ArrayInput), Object(Illuminate/Console/OutputStyle))
#29 C:/Users/admin/Desktop/flutter/ecommerce_java/lib/ecommerce-project/vendor/laravel/framework/src/Illuminate/Console/Concerns/CallsCommands.php(67): Illuminate/Console/Command->run(Object(Symfony/Component/Console/Input/ArrayInput), Object(Illuminate/Console/OutputStyle))
#30 C:/Users/admin/Desktop/flutter/ecommerce_java/lib/ecommerce-project/vendor/laravel/framework/src/Illuminate/Console/Concerns/CallsCommands.php(28): Illuminate/Console/Command->runCommand('migrate', Array, Object(Illuminate/Console/OutputStyle))
#31 C:/Users/admin/Desktop/flutter/ecommerce_java/lib/ecommerce-project/vendor/laravel/framework/src/Illuminate/Database/Console/Migrations/FreshCommand.php(53): Illuminate/Console/Command->call('migrate', Array)
#32 C:/Users/admin/Desktop/flutter/ecommerce_java/lib/ecommerce-project/vendor/laravel/framework/src/Illuminate/Container/BoundMethod.php(36): Illuminate/Database/Console/Migrations/FreshCommand->handle()
#33 C:/Users/admin/Desktop/flutter/ecommerce_java/lib/ecommerce-project/vendor/laravel/framework/src/Illuminate/Container/Util.php(41): Illuminate/Container/BoundMethod::Illuminate/Container/{closure}()
#34 C:/Users/admin/Desktop/flutter/ecommerce_java/lib/ecommerce-project/vendor/laravel/framework/src/Illuminate/Container/BoundMethod.php(93): Illuminate/Container/Util::unwrapIfClosure(Object(Closure))
#35 C:/Users/admin/Desktop/flutter/ecommerce_java/lib/ecommerce-project/vendor/laravel/framework/src/Illuminate/Container/BoundMethod.php(35): Illuminate/Container/BoundMethod::callBoundMethod(Object(Illuminate/Foundation/Application), Array, Object(Closure))
#36 C:/Users/admin/Desktop/flutter/ecommerce_java/lib/ecommerce-project/vendor/laravel/framework/src/Illuminate/Container/Container.php(662): Illuminate/Container/BoundMethod::call(Object(Illuminate/Foundation/Application), Array, Array, NULL)
#37 C:/Users/admin/Desktop/flutter/ecommerce_java/lib/ecommerce-project/vendor/laravel/framework/src/Illuminate/Console/Command.php(211): Illuminate/Container/Container->call(Array)
#38 C:/Users/admin/Desktop/flutter/ecommerce_java/lib/ecommerce-project/vendor/symfony/console/Command/Command.php(326): Illuminate/Console/Command->execute(Object(Symfony/Component/Console/Input/ArgvInput), Object(Illuminate/Console/OutputStyle))
#39 C:/Users/admin/Desktop/flutter/ecommerce_java/lib/ecommerce-project/vendor/laravel/framework/src/Illuminate/Console/Command.php(180): Symfony/Component/Console/Command/Command->run(Object(Symfony/Component/Console/Input/ArgvInput), Object(Illuminate/Console/OutputStyle))
#40 C:/Users/admin/Desktop/flutter/ecommerce_java/lib/ecommerce-project/vendor/symfony/console/Application.php(1121): Illuminate/Console/Command->run(Object(Symfony/Component/Console/Input/ArgvInput), Object(Symfony/Component/Console/Output/ConsoleOutput))
#41 C:/Users/admin/Desktop/flutter/ecommerce_java/lib/ecommerce-project/vendor/symfony/console/Application.php(324): Symfony/Component/Console/Application->doRunCommand(Object(Illuminate/Database/Console/Migrations/FreshCommand), Object(Symfony/Component/Console/Input/ArgvInput), Object(Symfony/Component/Console/Output/ConsoleOutput))
#42 C:/Users/admin/Desktop/flutter/ecommerce_java/lib/ecommerce-project/vendor/symfony/console/Application.php(175): Symfony/Component/Console/Application->doRun(Object(Symfony/Component/Console/Input/ArgvInput), Object(Symfony/Component/Console/Output/ConsoleOutput))
#43 C:/Users/admin/Desktop/flutter/ecommerce_java/lib/ecommerce-project/vendor/laravel/framework/src/Illuminate/Foundation/Console/Kernel.php(201): Symfony/Component/Console/Application->run(Object(Symfony/Component/Console/Input/ArgvInput), Object(Symfony/Component/Console/Output/ConsoleOutput))
#44 C:/Users/admin/Desktop/flutter/ecommerce_java/lib/ecommerce-project/artisan(35): Illuminate/Foundation/Console/Kernel->handle(Object(Symfony/Component/Console/Input/ArgvInput), Object(Symfony/Component/Console/Output/ConsoleOutput))
#45 {main}
"} 
[2026-07-06 16:34:08] local.ERROR: SQLSTATE[42S01]: Base table or view already exists: 1050 Table 'order_items' already exists (Connection: mysql, SQL: create table `order_items` (`id` bigint unsigned not null auto_increment primary key, `order_id` bigint unsigned not null, `product_id` bigint unsigned not null, `quantity` int not null, `price` decimal(10, 2) not null, `created_at` timestamp null, `updated_at` timestamp null) default character set utf8mb4 collate 'utf8mb4_unicode_ci') {"exception":"[object] (Illuminate\\Database\\QueryException(code: 42S01): SQLSTATE[42S01]: Base table or view already exists: 1050 Table 'order_items' already exists (Connection: mysql, SQL: create table `order_items` (`id` bigint unsigned not null auto_increment primary key, `order_id` bigint unsigned not null, `product_id` bigint unsigned not null, `quantity` int not null, `price` decimal(10, 2) not null, `created_at` timestamp null, `updated_at` timestamp null) default character set utf8mb4 collate 'utf8mb4_unicode_ci') at C:/Users/admin/Desktop/flutter/ecommerce_java/lib/ecommerce-project/vendor/laravel/framework/src/Illuminate/Database/Connection.php:829)
[stacktrace]
#0 C:/Users/admin/Desktop/flutter/ecommerce_java/lib/ecommerce-project/vendor/laravel/framework/src/Illuminate/Database/Connection.php(783): Illuminate/Database/Connection->runQueryCallback('create table `o...', Array, Object(Closure))
#1 C:/Users/admin/Desktop/flutter/ecommerce_java/lib/ecommerce-project/vendor/laravel/framework/src/Illuminate/Database/Connection.php(576): Illuminate/Database/Connection->run('create table `o...', Array, Object(Closure))
#2 C:/Users/admin/Desktop/flutter/ecommerce_java/lib/ecommerce-project/vendor/laravel/framework/src/Illuminate/Database/Schema/Blueprint.php(110): Illuminate/Database/Connection->statement('create table `o...')
#3 C:/Users/admin/Desktop/flutter/ecommerce_java/lib/ecommerce-project/vendor/laravel/framework/src/Illuminate/Database/Schema/Builder.php(602): Illuminate/Database/Schema/Blueprint->build(Object(Illuminate/Database/MySqlConnection), Object(Illuminate/Database/Schema/Grammars/MySqlGrammar))
#4 C:/Users/admin/Desktop/flutter/ecommerce_java/lib/ecommerce-project/vendor/laravel/framework/src/Illuminate/Database/Schema/Builder.php(456): Illuminate/Database/Schema/Builder->build(Object(Illuminate/Database/Schema/Blueprint))
#5 C:/Users/admin/Desktop/flutter/ecommerce_java/lib/ecommerce-project/vendor/laravel/framework/src/Illuminate/Support/Facades/Facade.php(355): Illuminate/Database/Schema/Builder->create('order_items', Object(Closure))
#6 C:/Users/admin/Desktop/flutter/ecommerce_java/lib/ecommerce-project/database/migrations/2026_07_06_122554_create_order_items_table.php(14): Illuminate/Support/Facades/Facade::__callStatic('create', Array)
#7 C:/Users/admin/Desktop/flutter/ecommerce_java/lib/ecommerce-project/vendor/laravel/framework/src/Illuminate/Database/Migrations/Migrator.php(501): Illuminate/Database/Migrations/Migration@anonymous->up()
#8 C:/Users/admin/Desktop/flutter/ecommerce_java/lib/ecommerce-project/vendor/laravel/framework/src/Illuminate/Database/Migrations/Migrator.php(418): Illuminate/Database/Migrations/Migrator->runMethod(Object(Illuminate/Database/MySqlConnection), Object(Illuminate/Database/Migrations/Migration@anonymous), 'up')
#9 C:/Users/admin/Desktop/flutter/ecommerce_java/lib/ecommerce-project/vendor/laravel/framework/src/Illuminate/Database/Migrations/Migrator.php(427): Illuminate/Database/Migrations/Migrator->Illuminate/Database/Migrations/{closure}()
#10 C:/Users/admin/Desktop/flutter/ecommerce_java/lib/ecommerce-project/vendor/laravel/framework/src/Illuminate/Database/Migrations/Migrator.php(224): Illuminate/Database/Migrations/Migrator->runMigration(Object(Illuminate/Database/Migrations/Migration@anonymous), 'up')
#11 C:/Users/admin/Desktop/flutter/ecommerce_java/lib/ecommerce-project/vendor/laravel/framework/src/Illuminate/Console/View/Components/Task.php(37): Illuminate/Database/Migrations/Migrator->Illuminate/Database/Migrations/{closure}()
#12 C:/Users/admin/Desktop/flutter/ecommerce_java/lib/ecommerce-project/vendor/laravel/framework/src/Illuminate/Database/Migrations/Migrator.php(783): Illuminate/Console/View/Components/Task->render('2026_07_06_1225...', Object(Closure))
#13 C:/Users/admin/Desktop/flutter/ecommerce_java/lib/ecommerce-project/vendor/laravel/framework/src/Illuminate/Database/Migrations/Migrator.php(224): Illuminate/Database/Migrations/Migrator->write('Illuminate//Cons...', '2026_07_06_1225...', Object(Closure))
#14 C:/Users/admin/Desktop/flutter/ecommerce_java/lib/ecommerce-project/vendor/laravel/framework/src/Illuminate/Database/Migrations/Migrator.php(189): Illuminate/Database/Migrations/Migrator->runUp('C://Users//admin//...', 2, false)
#15 C:/Users/admin/Desktop/flutter/ecommerce_java/lib/ecommerce-project/vendor/laravel/framework/src/Illuminate/Database/Migrations/Migrator.php(132): Illuminate/Database/Migrations/Migrator->runPending(Array, Array)
#16 C:/Users/admin/Desktop/flutter/ecommerce_java/lib/ecommerce-project/vendor/laravel/framework/src/Illuminate/Database/Console/Migrations/MigrateCommand.php(90): Illuminate/Database/Migrations/Migrator->run(Array, Array)
#17 C:/Users/admin/Desktop/flutter/ecommerce_java/lib/ecommerce-project/vendor/laravel/framework/src/Illuminate/Database/Migrations/Migrator.php(641): Illuminate/Database/Console/Migrations/MigrateCommand->Illuminate/Database/Console/Migrations/{closure}()
#18 C:/Users/admin/Desktop/flutter/ecommerce_java/lib/ecommerce-project/vendor/laravel/framework/src/Illuminate/Database/Console/Migrations/MigrateCommand.php(83): Illuminate/Database/Migrations/Migrator->usingConnection(NULL, Object(Closure))
#19 C:/Users/admin/Desktop/flutter/ecommerce_java/lib/ecommerce-project/vendor/laravel/framework/src/Illuminate/Container/BoundMethod.php(36): Illuminate/Database/Console/Migrations/MigrateCommand->handle()
#20 C:/Users/admin/Desktop/flutter/ecommerce_java/lib/ecommerce-project/vendor/laravel/framework/src/Illuminate/Container/Util.php(41): Illuminate/Container/BoundMethod::Illuminate/Container/{closure}()
#21 C:/Users/admin/Desktop/flutter/ecommerce_java/lib/ecommerce-project/vendor/laravel/framework/src/Illuminate/Container/BoundMethod.php(93): Illuminate/Container/Util::unwrapIfClosure(Object(Closure))
#22 C:/Users/admin/Desktop/flutter/ecommerce_java/lib/ecommerce-project/vendor/laravel/framework/src/Illuminate/Container/BoundMethod.php(35): Illuminate/Container/BoundMethod::callBoundMethod(Object(Illuminate/Foundation/Application), Array, Object(Closure))
#23 C:/Users/admin/Desktop/flutter/ecommerce_java/lib/ecommerce-project/vendor/laravel/framework/src/Illuminate/Container/Container.php(662): Illuminate/Container/BoundMethod::call(Object(Illuminate/Foundation/Application), Array, Array, NULL)
#24 C:/Users/admin/Desktop/flutter/ecommerce_java/lib/ecommerce-project/vendor/laravel/framework/src/Illuminate/Console/Command.php(211): Illuminate/Container/Container->call(Array)
#25 C:/Users/admin/Desktop/flutter/ecommerce_java/lib/ecommerce-project/vendor/symfony/console/Command/Command.php(326): Illuminate/Console/Command->execute(Object(Symfony/Component/Console/Input/ArgvInput), Object(Illuminate/Console/OutputStyle))
#26 C:/Users/admin/Desktop/flutter/ecommerce_java/lib/ecommerce-project/vendor/laravel/framework/src/Illuminate/Console/Command.php(180): Symfony/Component/Console/Command/Command->run(Object(Symfony/Component/Console/Input/ArgvInput), Object(Illuminate/Console/OutputStyle))
#27 C:/Users/admin/Desktop/flutter/ecommerce_java/lib/ecommerce-project/vendor/symfony/console/Application.php(1121): Illuminate/Console/Command->run(Object(Symfony/Component/Console/Input/ArgvInput), Object(Symfony/Component/Console/Output/ConsoleOutput))
#28 C:/Users/admin/Desktop/flutter/ecommerce_java/lib/ecommerce-project/vendor/symfony/console/Application.php(324): Symfony/Component/Console/Application->doRunCommand(Object(Illuminate/Database/Console/Migrations/MigrateCommand), Object(Symfony/Component/Console/Input/ArgvInput), Object(Symfony/Component/Console/Output/ConsoleOutput))
#29 C:/Users/admin/Desktop/flutter/ecommerce_java/lib/ecommerce-project/vendor/symfony/console/Application.php(175): Symfony/Component/Console/Application->doRun(Object(Symfony/Component/Console/Input/ArgvInput), Object(Symfony/Component/Console/Output/ConsoleOutput))
#30 C:/Users/admin/Desktop/flutter/ecommerce_java/lib/ecommerce-project/vendor/laravel/framework/src/Illuminate/Foundation/Console/Kernel.php(201): Symfony/Component/Console/Application->run(Object(Symfony/Component/Console/Input/ArgvInput), Object(Symfony/Component/Console/Output/ConsoleOutput))
#31 C:/Users/admin/Desktop/flutter/ecommerce_java/lib/ecommerce-project/artisan(35): Illuminate/Foundation/Console/Kernel->handle(Object(Symfony/Component/Console/Input/ArgvInput), Object(Symfony/Component/Console/Output/ConsoleOutput))
#32 {main}

[previous exception] [object] (PDOException(code: 42S01): SQLSTATE[42S01]: Base table or view already exists: 1050 Table 'order_items' already exists at C:/Users/admin/Desktop/flutter/ecommerce_java/lib/ecommerce-project/vendor/laravel/framework/src/Illuminate/Database/Connection.php:587)
[stacktrace]
#0 C:/Users/admin/Desktop/flutter/ecommerce_java/lib/ecommerce-project/vendor/laravel/framework/src/Illuminate/Database/Connection.php(587): PDOStatement->execute()
#1 C:/Users/admin/Desktop/flutter/ecommerce_java/lib/ecommerce-project/vendor/laravel/framework/src/Illuminate/Database/Connection.php(816): Illuminate/Database/Connection->Illuminate/Database/{closure}('create table `o...', Array)
#2 C:/Users/admin/Desktop/flutter/ecommerce_java/lib/ecommerce-project/vendor/laravel/framework/src/Illuminate/Database/Connection.php(783): Illuminate/Database/Connection->runQueryCallback('create table `o...', Array, Object(Closure))
#3 C:/Users/admin/Desktop/flutter/ecommerce_java/lib/ecommerce-project/vendor/laravel/framework/src/Illuminate/Database/Connection.php(576): Illuminate/Database/Connection->run('create table `o...', Array, Object(Closure))
#4 C:/Users/admin/Desktop/flutter/ecommerce_java/lib/ecommerce-project/vendor/laravel/framework/src/Illuminate/Database/Schema/Blueprint.php(110): Illuminate/Database/Connection->statement('create table `o...')
#5 C:/Users/admin/Desktop/flutter/ecommerce_java/lib/ecommerce-project/vendor/laravel/framework/src/Illuminate/Database/Schema/Builder.php(602): Illuminate/Database/Schema/Blueprint->build(Object(Illuminate/Database/MySqlConnection), Object(Illuminate/Database/Schema/Grammars/MySqlGrammar))
#6 C:/Users/admin/Desktop/flutter/ecommerce_java/lib/ecommerce-project/vendor/laravel/framework/src/Illuminate/Database/Schema/Builder.php(456): Illuminate/Database/Schema/Builder->build(Object(Illuminate/Database/Schema/Blueprint))
#7 C:/Users/admin/Desktop/flutter/ecommerce_java/lib/ecommerce-project/vendor/laravel/framework/src/Illuminate/Support/Facades/Facade.php(355): Illuminate/Database/Schema/Builder->create('order_items', Object(Closure))
#8 C:/Users/admin/Desktop/flutter/ecommerce_java/lib/ecommerce-project/database/migrations/2026_07_06_122554_create_order_items_table.php(14): Illuminate/Support/Facades/Facade::__callStatic('create', Array)
#9 C:/Users/admin/Desktop/flutter/ecommerce_java/lib/ecommerce-project/vendor/laravel/framework/src/Illuminate/Database/Migrations/Migrator.php(501): Illuminate/Database/Migrations/Migration@anonymous->up()
#10 C:/Users/admin/Desktop/flutter/ecommerce_java/lib/ecommerce-project/vendor/laravel/framework/src/Illuminate/Database/Migrations/Migrator.php(418): Illuminate/Database/Migrations/Migrator->runMethod(Object(Illuminate/Database/MySqlConnection), Object(Illuminate/Database/Migrations/Migration@anonymous), 'up')
#11 C:/Users/admin/Desktop/flutter/ecommerce_java/lib/ecommerce-project/vendor/laravel/framework/src/Illuminate/Database/Migrations/Migrator.php(427): Illuminate/Database/Migrations/Migrator->Illuminate/Database/Migrations/{closure}()
#12 C:/Users/admin/Desktop/flutter/ecommerce_java/lib/ecommerce-project/vendor/laravel/framework/src/Illuminate/Database/Migrations/Migrator.php(224): Illuminate/Database/Migrations/Migrator->runMigration(Object(Illuminate/Database/Migrations/Migration@anonymous), 'up')
#13 C:/Users/admin/Desktop/flutter/ecommerce_java/lib/ecommerce-project/vendor/laravel/framework/src/Illuminate/Console/View/Components/Task.php(37): Illuminate/Database/Migrations/Migrator->Illuminate/Database/Migrations/{closure}()
#14 C:/Users/admin/Desktop/flutter/ecommerce_java/lib/ecommerce-project/vendor/laravel/framework/src/Illuminate/Database/Migrations/Migrator.php(783): Illuminate/Console/View/Components/Task->render('2026_07_06_1225...', Object(Closure))
#15 C:/Users/admin/Desktop/flutter/ecommerce_java/lib/ecommerce-project/vendor/laravel/framework/src/Illuminate/Database/Migrations/Migrator.php(224): Illuminate/Database/Migrations/Migrator->write('Illuminate//Cons...', '2026_07_06_1225...', Object(Closure))
#16 C:/Users/admin/Desktop/flutter/ecommerce_java/lib/ecommerce-project/vendor/laravel/framework/src/Illuminate/Database/Migrations/Migrator.php(189): Illuminate/Database/Migrations/Migrator->runUp('C://Users//admin//...', 2, false)
#17 C:/Users/admin/Desktop/flutter/ecommerce_java/lib/ecommerce-project/vendor/laravel/framework/src/Illuminate/Database/Migrations/Migrator.php(132): Illuminate/Database/Migrations/Migrator->runPending(Array, Array)
#18 C:/Users/admin/Desktop/flutter/ecommerce_java/lib/ecommerce-project/vendor/laravel/framework/src/Illuminate/Database/Console/Migrations/MigrateCommand.php(90): Illuminate/Database/Migrations/Migrator->run(Array, Array)
#19 C:/Users/admin/Desktop/flutter/ecommerce_java/lib/ecommerce-project/vendor/laravel/framework/src/Illuminate/Database/Migrations/Migrator.php(641): Illuminate/Database/Console/Migrations/MigrateCommand->Illuminate/Database/Console/Migrations/{closure}()
#20 C:/Users/admin/Desktop/flutter/ecommerce_java/lib/ecommerce-project/vendor/laravel/framework/src/Illuminate/Database/Console/Migrations/MigrateCommand.php(83): Illuminate/Database/Migrations/Migrator->usingConnection(NULL, Object(Closure))
#21 C:/Users/admin/Desktop/flutter/ecommerce_java/lib/ecommerce-project/vendor/laravel/framework/src/Illuminate/Container/BoundMethod.php(36): Illuminate/Database/Console/Migrations/MigrateCommand->handle()
#22 C:/Users/admin/Desktop/flutter/ecommerce_java/lib/ecommerce-project/vendor/laravel/framework/src/Illuminate/Container/Util.php(41): Illuminate/Container/BoundMethod::Illuminate/Container/{closure}()
#23 C:/Users/admin/Desktop/flutter/ecommerce_java/lib/ecommerce-project/vendor/laravel/framework/src/Illuminate/Container/BoundMethod.php(93): Illuminate/Container/Util::unwrapIfClosure(Object(Closure))
#24 C:/Users/admin/Desktop/flutter/ecommerce_java/lib/ecommerce-project/vendor/laravel/framework/src/Illuminate/Container/BoundMethod.php(35): Illuminate/Container/BoundMethod::callBoundMethod(Object(Illuminate/Foundation/Application), Array, Object(Closure))
#25 C:/Users/admin/Desktop/flutter/ecommerce_java/lib/ecommerce-project/vendor/laravel/framework/src/Illuminate/Container/Container.php(662): Illuminate/Container/BoundMethod::call(Object(Illuminate/Foundation/Application), Array, Array, NULL)
#26 C:/Users/admin/Desktop/flutter/ecommerce_java/lib/ecommerce-project/vendor/laravel/framework/src/Illuminate/Console/Command.php(211): Illuminate/Container/Container->call(Array)
#27 C:/Users/admin/Desktop/flutter/ecommerce_java/lib/ecommerce-project/vendor/symfony/console/Command/Command.php(326): Illuminate/Console/Command->execute(Object(Symfony/Component/Console/Input/ArgvInput), Object(Illuminate/Console/OutputStyle))
#28 C:/Users/admin/Desktop/flutter/ecommerce_java/lib/ecommerce-project/vendor/laravel/framework/src/Illuminate/Console/Command.php(180): Symfony/Component/Console/Command/Command->run(Object(Symfony/Component/Console/Input/ArgvInput), Object(Illuminate/Console/OutputStyle))
#29 C:/Users/admin/Desktop/flutter/ecommerce_java/lib/ecommerce-project/vendor/symfony/console/Application.php(1121): Illuminate/Console/Command->run(Object(Symfony/Component/Console/Input/ArgvInput), Object(Symfony/Component/Console/Output/ConsoleOutput))
#30 C:/Users/admin/Desktop/flutter/ecommerce_java/lib/ecommerce-project/vendor/symfony/console/Application.php(324): Symfony/Component/Console/Application->doRunCommand(Object(Illuminate/Database/Console/Migrations/MigrateCommand), Object(Symfony/Component/Console/Input/ArgvInput), Object(Symfony/Component/Console/Output/ConsoleOutput))
#31 C:/Users/admin/Desktop/flutter/ecommerce_java/lib/ecommerce-project/vendor/symfony/console/Application.php(175): Symfony/Component/Console/Application->doRun(Object(Symfony/Component/Console/Input/ArgvInput), Object(Symfony/Component/Console/Output/ConsoleOutput))
#32 C:/Users/admin/Desktop/flutter/ecommerce_java/lib/ecommerce-project/vendor/laravel/framework/src/Illuminate/Foundation/Console/Kernel.php(201): Symfony/Component/Console/Application->run(Object(Symfony/Component/Console/Input/ArgvInput), Object(Symfony/Component/Console/Output/ConsoleOutput))
#33 C:/Users/admin/Desktop/flutter/ecommerce_java/lib/ecommerce-project/artisan(35): Illuminate/Foundation/Console/Kernel->handle(Object(Symfony/Component/Console/Input/ArgvInput), Object(Symfony/Component/Console/Output/ConsoleOutput))
#34 {main}
"} 
[2026-07-06 16:36:06] local.ERROR: SQLSTATE[HY000]: General error: 1824 Failed to open the referenced table 'orders' (Connection: mysql, SQL: alter table `order_items` add constraint `order_items_order_id_foreign` foreign key (`order_id`) references `orders` (`id`) on delete cascade) {"exception":"[object] (Illuminate\\Database\\QueryException(code: HY000): SQLSTATE[HY000]: General error: 1824 Failed to open the referenced table 'orders' (Connection: mysql, SQL: alter table `order_items` add constraint `order_items_order_id_foreign` foreign key (`order_id`) references `orders` (`id`) on delete cascade) at C:/Users/admin/Desktop/flutter/ecommerce_java/lib/ecommerce-project/vendor/laravel/framework/src/Illuminate/Database/Connection.php:829)
[stacktrace]
#0 C:/Users/admin/Desktop/flutter/ecommerce_java/lib/ecommerce-project/vendor/laravel/framework/src/Illuminate/Database/Connection.php(783): Illuminate/Database/Connection->runQueryCallback('alter table `or...', Array, Object(Closure))
#1 C:/Users/admin/Desktop/flutter/ecommerce_java/lib/ecommerce-project/vendor/laravel/framework/src/Illuminate/Database/Connection.php(576): Illuminate/Database/Connection->run('alter table `or...', Array, Object(Closure))
#2 C:/Users/admin/Desktop/flutter/ecommerce_java/lib/ecommerce-project/vendor/laravel/framework/src/Illuminate/Database/Schema/Blueprint.php(110): Illuminate/Database/Connection->statement('alter table `or...')
#3 C:/Users/admin/Desktop/flutter/ecommerce_java/lib/ecommerce-project/vendor/laravel/framework/src/Illuminate/Database/Schema/Builder.php(602): Illuminate/Database/Schema/Blueprint->build(Object(Illuminate/Database/MySqlConnection), Object(Illuminate/Database/Schema/Grammars/MySqlGrammar))
#4 C:/Users/admin/Desktop/flutter/ecommerce_java/lib/ecommerce-project/vendor/laravel/framework/src/Illuminate/Database/Schema/Builder.php(456): Illuminate/Database/Schema/Builder->build(Object(Illuminate/Database/Schema/Blueprint))
#5 C:/Users/admin/Desktop/flutter/ecommerce_java/lib/ecommerce-project/vendor/laravel/framework/src/Illuminate/Support/Facades/Facade.php(355): Illuminate/Database/Schema/Builder->create('order_items', Object(Closure))
#6 C:/Users/admin/Desktop/flutter/ecommerce_java/lib/ecommerce-project/database/migrations/2026_07_06_122554_create_order_items_table.php(14): Illuminate/Support/Facades/Facade::__callStatic('create', Array)
#7 C:/Users/admin/Desktop/flutter/ecommerce_java/lib/ecommerce-project/vendor/laravel/framework/src/Illuminate/Database/Migrations/Migrator.php(501): Illuminate/Database/Migrations/Migration@anonymous->up()
#8 C:/Users/admin/Desktop/flutter/ecommerce_java/lib/ecommerce-project/vendor/laravel/framework/src/Illuminate/Database/Migrations/Migrator.php(418): Illuminate/Database/Migrations/Migrator->runMethod(Object(Illuminate/Database/MySqlConnection), Object(Illuminate/Database/Migrations/Migration@anonymous), 'up')
#9 C:/Users/admin/Desktop/flutter/ecommerce_java/lib/ecommerce-project/vendor/laravel/framework/src/Illuminate/Database/Migrations/Migrator.php(427): Illuminate/Database/Migrations/Migrator->Illuminate/Database/Migrations/{closure}()
#10 C:/Users/admin/Desktop/flutter/ecommerce_java/lib/ecommerce-project/vendor/laravel/framework/src/Illuminate/Database/Migrations/Migrator.php(224): Illuminate/Database/Migrations/Migrator->runMigration(Object(Illuminate/Database/Migrations/Migration@anonymous), 'up')
#11 C:/Users/admin/Desktop/flutter/ecommerce_java/lib/ecommerce-project/vendor/laravel/framework/src/Illuminate/Console/View/Components/Task.php(37): Illuminate/Database/Migrations/Migrator->Illuminate/Database/Migrations/{closure}()
#12 C:/Users/admin/Desktop/flutter/ecommerce_java/lib/ecommerce-project/vendor/laravel/framework/src/Illuminate/Database/Migrations/Migrator.php(783): Illuminate/Console/View/Components/Task->render('2026_07_06_1225...', Object(Closure))
#13 C:/Users/admin/Desktop/flutter/ecommerce_java/lib/ecommerce-project/vendor/laravel/framework/src/Illuminate/Database/Migrations/Migrator.php(224): Illuminate/Database/Migrations/Migrator->write('Illuminate//Cons...', '2026_07_06_1225...', Object(Closure))
#14 C:/Users/admin/Desktop/flutter/ecommerce_java/lib/ecommerce-project/vendor/laravel/framework/src/Illuminate/Database/Migrations/Migrator.php(189): Illuminate/Database/Migrations/Migrator->runUp('C://Users//admin//...', 1, false)
#15 C:/Users/admin/Desktop/flutter/ecommerce_java/lib/ecommerce-project/vendor/laravel/framework/src/Illuminate/Database/Migrations/Migrator.php(132): Illuminate/Database/Migrations/Migrator->runPending(Array, Array)
#16 C:/Users/admin/Desktop/flutter/ecommerce_java/lib/ecommerce-project/vendor/laravel/framework/src/Illuminate/Database/Console/Migrations/MigrateCommand.php(90): Illuminate/Database/Migrations/Migrator->run(Array, Array)
#17 C:/Users/admin/Desktop/flutter/ecommerce_java/lib/ecommerce-project/vendor/laravel/framework/src/Illuminate/Database/Migrations/Migrator.php(641): Illuminate/Database/Console/Migrations/MigrateCommand->Illuminate/Database/Console/Migrations/{closure}()
#18 C:/Users/admin/Desktop/flutter/ecommerce_java/lib/ecommerce-project/vendor/laravel/framework/src/Illuminate/Database/Console/Migrations/MigrateCommand.php(83): Illuminate/Database/Migrations/Migrator->usingConnection(NULL, Object(Closure))
#19 C:/Users/admin/Desktop/flutter/ecommerce_java/lib/ecommerce-project/vendor/laravel/framework/src/Illuminate/Container/BoundMethod.php(36): Illuminate/Database/Console/Migrations/MigrateCommand->handle()
#20 C:/Users/admin/Desktop/flutter/ecommerce_java/lib/ecommerce-project/vendor/laravel/framework/src/Illuminate/Container/Util.php(41): Illuminate/Container/BoundMethod::Illuminate/Container/{closure}()
#21 C:/Users/admin/Desktop/flutter/ecommerce_java/lib/ecommerce-project/vendor/laravel/framework/src/Illuminate/Container/BoundMethod.php(93): Illuminate/Container/Util::unwrapIfClosure(Object(Closure))
#22 C:/Users/admin/Desktop/flutter/ecommerce_java/lib/ecommerce-project/vendor/laravel/framework/src/Illuminate/Container/BoundMethod.php(35): Illuminate/Container/BoundMethod::callBoundMethod(Object(Illuminate/Foundation/Application), Array, Object(Closure))
#23 C:/Users/admin/Desktop/flutter/ecommerce_java/lib/ecommerce-project/vendor/laravel/framework/src/Illuminate/Container/Container.php(662): Illuminate/Container/BoundMethod::call(Object(Illuminate/Foundation/Application), Array, Array, NULL)
#24 C:/Users/admin/Desktop/flutter/ecommerce_java/lib/ecommerce-project/vendor/laravel/framework/src/Illuminate/Console/Command.php(211): Illuminate/Container/Container->call(Array)
#25 C:/Users/admin/Desktop/flutter/ecommerce_java/lib/ecommerce-project/vendor/symfony/console/Command/Command.php(326): Illuminate/Console/Command->execute(Object(Symfony/Component/Console/Input/ArrayInput), Object(Illuminate/Console/OutputStyle))
#26 C:/Users/admin/Desktop/flutter/ecommerce_java/lib/ecommerce-project/vendor/laravel/framework/src/Illuminate/Console/Command.php(180): Symfony/Component/Console/Command/Command->run(Object(Symfony/Component/Console/Input/ArrayInput), Object(Illuminate/Console/OutputStyle))
#27 C:/Users/admin/Desktop/flutter/ecommerce_java/lib/ecommerce-project/vendor/laravel/framework/src/Illuminate/Console/Concerns/CallsCommands.php(67): Illuminate/Console/Command->run(Object(Symfony/Component/Console/Input/ArrayInput), Object(Illuminate/Console/OutputStyle))
#28 C:/Users/admin/Desktop/flutter/ecommerce_java/lib/ecommerce-project/vendor/laravel/framework/src/Illuminate/Console/Concerns/CallsCommands.php(28): Illuminate/Console/Command->runCommand('migrate', Array, Object(Illuminate/Console/OutputStyle))
#29 C:/Users/admin/Desktop/flutter/ecommerce_java/lib/ecommerce-project/vendor/laravel/framework/src/Illuminate/Database/Console/Migrations/FreshCommand.php(53): Illuminate/Console/Command->call('migrate', Array)
#30 C:/Users/admin/Desktop/flutter/ecommerce_java/lib/ecommerce-project/vendor/laravel/framework/src/Illuminate/Container/BoundMethod.php(36): Illuminate/Database/Console/Migrations/FreshCommand->handle()
#31 C:/Users/admin/Desktop/flutter/ecommerce_java/lib/ecommerce-project/vendor/laravel/framework/src/Illuminate/Container/Util.php(41): Illuminate/Container/BoundMethod::Illuminate/Container/{closure}()
#32 C:/Users/admin/Desktop/flutter/ecommerce_java/lib/ecommerce-project/vendor/laravel/framework/src/Illuminate/Container/BoundMethod.php(93): Illuminate/Container/Util::unwrapIfClosure(Object(Closure))
#33 C:/Users/admin/Desktop/flutter/ecommerce_java/lib/ecommerce-project/vendor/laravel/framework/src/Illuminate/Container/BoundMethod.php(35): Illuminate/Container/BoundMethod::callBoundMethod(Object(Illuminate/Foundation/Application), Array, Object(Closure))
#34 C:/Users/admin/Desktop/flutter/ecommerce_java/lib/ecommerce-project/vendor/laravel/framework/src/Illuminate/Container/Container.php(662): Illuminate/Container/BoundMethod::call(Object(Illuminate/Foundation/Application), Array, Array, NULL)
#35 C:/Users/admin/Desktop/flutter/ecommerce_java/lib/ecommerce-project/vendor/laravel/framework/src/Illuminate/Console/Command.php(211): Illuminate/Container/Container->call(Array)
#36 C:/Users/admin/Desktop/flutter/ecommerce_java/lib/ecommerce-project/vendor/symfony/console/Command/Command.php(326): Illuminate/Console/Command->execute(Object(Symfony/Component/Console/Input/ArgvInput), Object(Illuminate/Console/OutputStyle))
#37 C:/Users/admin/Desktop/flutter/ecommerce_java/lib/ecommerce-project/vendor/laravel/framework/src/Illuminate/Console/Command.php(180): Symfony/Component/Console/Command/Command->run(Object(Symfony/Component/Console/Input/ArgvInput), Object(Illuminate/Console/OutputStyle))
#38 C:/Users/admin/Desktop/flutter/ecommerce_java/lib/ecommerce-project/vendor/symfony/console/Application.php(1121): Illuminate/Console/Command->run(Object(Symfony/Component/Console/Input/ArgvInput), Object(Symfony/Component/Console/Output/ConsoleOutput))
#39 C:/Users/admin/Desktop/flutter/ecommerce_java/lib/ecommerce-project/vendor/symfony/console/Application.php(324): Symfony/Component/Console/Application->doRunCommand(Object(Illuminate/Database/Console/Migrations/FreshCommand), Object(Symfony/Component/Console/Input/ArgvInput), Object(Symfony/Component/Console/Output/ConsoleOutput))
#40 C:/Users/admin/Desktop/flutter/ecommerce_java/lib/ecommerce-project/vendor/symfony/console/Application.php(175): Symfony/Component/Console/Application->doRun(Object(Symfony/Component/Console/Input/ArgvInput), Object(Symfony/Component/Console/Output/ConsoleOutput))
#41 C:/Users/admin/Desktop/flutter/ecommerce_java/lib/ecommerce-project/vendor/laravel/framework/src/Illuminate/Foundation/Console/Kernel.php(201): Symfony/Component/Console/Application->run(Object(Symfony/Component/Console/Input/ArgvInput), Object(Symfony/Component/Console/Output/ConsoleOutput))
#42 C:/Users/admin/Desktop/flutter/ecommerce_java/lib/ecommerce-project/artisan(35): Illuminate/Foundation/Console/Kernel->handle(Object(Symfony/Component/Console/Input/ArgvInput), Object(Symfony/Component/Console/Output/ConsoleOutput))
#43 {main}

[previous exception] [object] (PDOException(code: HY000): SQLSTATE[HY000]: General error: 1824 Failed to open the referenced table 'orders' at C:/Users/admin/Desktop/flutter/ecommerce_java/lib/ecommerce-project/vendor/laravel/framework/src/Illuminate/Database/Connection.php:587)
[stacktrace]
#0 C:/Users/admin/Desktop/flutter/ecommerce_java/lib/ecommerce-project/vendor/laravel/framework/src/Illuminate/Database/Connection.php(587): PDOStatement->execute()
#1 C:/Users/admin/Desktop/flutter/ecommerce_java/lib/ecommerce-project/vendor/laravel/framework/src/Illuminate/Database/Connection.php(816): Illuminate/Database/Connection->Illuminate/Database/{closure}('alter table `or...', Array)
#2 C:/Users/admin/Desktop/flutter/ecommerce_java/lib/ecommerce-project/vendor/laravel/framework/src/Illuminate/Database/Connection.php(783): Illuminate/Database/Connection->runQueryCallback('alter table `or...', Array, Object(Closure))
#3 C:/Users/admin/Desktop/flutter/ecommerce_java/lib/ecommerce-project/vendor/laravel/framework/src/Illuminate/Database/Connection.php(576): Illuminate/Database/Connection->run('alter table `or...', Array, Object(Closure))
#4 C:/Users/admin/Desktop/flutter/ecommerce_java/lib/ecommerce-project/vendor/laravel/framework/src/Illuminate/Database/Schema/Blueprint.php(110): Illuminate/Database/Connection->statement('alter table `or...')
#5 C:/Users/admin/Desktop/flutter/ecommerce_java/lib/ecommerce-project/vendor/laravel/framework/src/Illuminate/Database/Schema/Builder.php(602): Illuminate/Database/Schema/Blueprint->build(Object(Illuminate/Database/MySqlConnection), Object(Illuminate/Database/Schema/Grammars/MySqlGrammar))
#6 C:/Users/admin/Desktop/flutter/ecommerce_java/lib/ecommerce-project/vendor/laravel/framework/src/Illuminate/Database/Schema/Builder.php(456): Illuminate/Database/Schema/Builder->build(Object(Illuminate/Database/Schema/Blueprint))
#7 C:/Users/admin/Desktop/flutter/ecommerce_java/lib/ecommerce-project/vendor/laravel/framework/src/Illuminate/Support/Facades/Facade.php(355): Illuminate/Database/Schema/Builder->create('order_items', Object(Closure))
#8 C:/Users/admin/Desktop/flutter/ecommerce_java/lib/ecommerce-project/database/migrations/2026_07_06_122554_create_order_items_table.php(14): Illuminate/Support/Facades/Facade::__callStatic('create', Array)
#9 C:/Users/admin/Desktop/flutter/ecommerce_java/lib/ecommerce-project/vendor/laravel/framework/src/Illuminate/Database/Migrations/Migrator.php(501): Illuminate/Database/Migrations/Migration@anonymous->up()
#10 C:/Users/admin/Desktop/flutter/ecommerce_java/lib/ecommerce-project/vendor/laravel/framework/src/Illuminate/Database/Migrations/Migrator.php(418): Illuminate/Database/Migrations/Migrator->runMethod(Object(Illuminate/Database/MySqlConnection), Object(Illuminate/Database/Migrations/Migration@anonymous), 'up')
#11 C:/Users/admin/Desktop/flutter/ecommerce_java/lib/ecommerce-project/vendor/laravel/framework/src/Illuminate/Database/Migrations/Migrator.php(427): Illuminate/Database/Migrations/Migrator->Illuminate/Database/Migrations/{closure}()
#12 C:/Users/admin/Desktop/flutter/ecommerce_java/lib/ecommerce-project/vendor/laravel/framework/src/Illuminate/Database/Migrations/Migrator.php(224): Illuminate/Database/Migrations/Migrator->runMigration(Object(Illuminate/Database/Migrations/Migration@anonymous), 'up')
#13 C:/Users/admin/Desktop/flutter/ecommerce_java/lib/ecommerce-project/vendor/laravel/framework/src/Illuminate/Console/View/Components/Task.php(37): Illuminate/Database/Migrations/Migrator->Illuminate/Database/Migrations/{closure}()
#14 C:/Users/admin/Desktop/flutter/ecommerce_java/lib/ecommerce-project/vendor/laravel/framework/src/Illuminate/Database/Migrations/Migrator.php(783): Illuminate/Console/View/Components/Task->render('2026_07_06_1225...', Object(Closure))
#15 C:/Users/admin/Desktop/flutter/ecommerce_java/lib/ecommerce-project/vendor/laravel/framework/src/Illuminate/Database/Migrations/Migrator.php(224): Illuminate/Database/Migrations/Migrator->write('Illuminate//Cons...', '2026_07_06_1225...', Object(Closure))
#16 C:/Users/admin/Desktop/flutter/ecommerce_java/lib/ecommerce-project/vendor/laravel/framework/src/Illuminate/Database/Migrations/Migrator.php(189): Illuminate/Database/Migrations/Migrator->runUp('C://Users//admin//...', 1, false)
#17 C:/Users/admin/Desktop/flutter/ecommerce_java/lib/ecommerce-project/vendor/laravel/framework/src/Illuminate/Database/Migrations/Migrator.php(132): Illuminate/Database/Migrations/Migrator->runPending(Array, Array)
#18 C:/Users/admin/Desktop/flutter/ecommerce_java/lib/ecommerce-project/vendor/laravel/framework/src/Illuminate/Database/Console/Migrations/MigrateCommand.php(90): Illuminate/Database/Migrations/Migrator->run(Array, Array)
#19 C:/Users/admin/Desktop/flutter/ecommerce_java/lib/ecommerce-project/vendor/laravel/framework/src/Illuminate/Database/Migrations/Migrator.php(641): Illuminate/Database/Console/Migrations/MigrateCommand->Illuminate/Database/Console/Migrations/{closure}()
#20 C:/Users/admin/Desktop/flutter/ecommerce_java/lib/ecommerce-project/vendor/laravel/framework/src/Illuminate/Database/Console/Migrations/MigrateCommand.php(83): Illuminate/Database/Migrations/Migrator->usingConnection(NULL, Object(Closure))
#21 C:/Users/admin/Desktop/flutter/ecommerce_java/lib/ecommerce-project/vendor/laravel/framework/src/Illuminate/Container/BoundMethod.php(36): Illuminate/Database/Console/Migrations/MigrateCommand->handle()
#22 C:/Users/admin/Desktop/flutter/ecommerce_java/lib/ecommerce-project/vendor/laravel/framework/src/Illuminate/Container/Util.php(41): Illuminate/Container/BoundMethod::Illuminate/Container/{closure}()
#23 C:/Users/admin/Desktop/flutter/ecommerce_java/lib/ecommerce-project/vendor/laravel/framework/src/Illuminate/Container/BoundMethod.php(93): Illuminate/Container/Util::unwrapIfClosure(Object(Closure))
#24 C:/Users/admin/Desktop/flutter/ecommerce_java/lib/ecommerce-project/vendor/laravel/framework/src/Illuminate/Container/BoundMethod.php(35): Illuminate/Container/BoundMethod::callBoundMethod(Object(Illuminate/Foundation/Application), Array, Object(Closure))
#25 C:/Users/admin/Desktop/flutter/ecommerce_java/lib/ecommerce-project/vendor/laravel/framework/src/Illuminate/Container/Container.php(662): Illuminate/Container/BoundMethod::call(Object(Illuminate/Foundation/Application), Array, Array, NULL)
#26 C:/Users/admin/Desktop/flutter/ecommerce_java/lib/ecommerce-project/vendor/laravel/framework/src/Illuminate/Console/Command.php(211): Illuminate/Container/Container->call(Array)
#27 C:/Users/admin/Desktop/flutter/ecommerce_java/lib/ecommerce-project/vendor/symfony/console/Command/Command.php(326): Illuminate/Console/Command->execute(Object(Symfony/Component/Console/Input/ArrayInput), Object(Illuminate/Console/OutputStyle))
#28 C:/Users/admin/Desktop/flutter/ecommerce_java/lib/ecommerce-project/vendor/laravel/framework/src/Illuminate/Console/Command.php(180): Symfony/Component/Console/Command/Command->run(Object(Symfony/Component/Console/Input/ArrayInput), Object(Illuminate/Console/OutputStyle))
#29 C:/Users/admin/Desktop/flutter/ecommerce_java/lib/ecommerce-project/vendor/laravel/framework/src/Illuminate/Console/Concerns/CallsCommands.php(67): Illuminate/Console/Command->run(Object(Symfony/Component/Console/Input/ArrayInput), Object(Illuminate/Console/OutputStyle))
#30 C:/Users/admin/Desktop/flutter/ecommerce_java/lib/ecommerce-project/vendor/laravel/framework/src/Illuminate/Console/Concerns/CallsCommands.php(28): Illuminate/Console/Command->runCommand('migrate', Array, Object(Illuminate/Console/OutputStyle))
#31 C:/Users/admin/Desktop/flutter/ecommerce_java/lib/ecommerce-project/vendor/laravel/framework/src/Illuminate/Database/Console/Migrations/FreshCommand.php(53): Illuminate/Console/Command->call('migrate', Array)
#32 C:/Users/admin/Desktop/flutter/ecommerce_java/lib/ecommerce-project/vendor/laravel/framework/src/Illuminate/Container/BoundMethod.php(36): Illuminate/Database/Console/Migrations/FreshCommand->handle()
#33 C:/Users/admin/Desktop/flutter/ecommerce_java/lib/ecommerce-project/vendor/laravel/framework/src/Illuminate/Container/Util.php(41): Illuminate/Container/BoundMethod::Illuminate/Container/{closure}()
#34 C:/Users/admin/Desktop/flutter/ecommerce_java/lib/ecommerce-project/vendor/laravel/framework/src/Illuminate/Container/BoundMethod.php(93): Illuminate/Container/Util::unwrapIfClosure(Object(Closure))
#35 C:/Users/admin/Desktop/flutter/ecommerce_java/lib/ecommerce-project/vendor/laravel/framework/src/Illuminate/Container/BoundMethod.php(35): Illuminate/Container/BoundMethod::callBoundMethod(Object(Illuminate/Foundation/Application), Array, Object(Closure))
#36 C:/Users/admin/Desktop/flutter/ecommerce_java/lib/ecommerce-project/vendor/laravel/framework/src/Illuminate/Container/Container.php(662): Illuminate/Container/BoundMethod::call(Object(Illuminate/Foundation/Application), Array, Array, NULL)
#37 C:/Users/admin/Desktop/flutter/ecommerce_java/lib/ecommerce-project/vendor/laravel/framework/src/Illuminate/Console/Command.php(211): Illuminate/Container/Container->call(Array)
#38 C:/Users/admin/Desktop/flutter/ecommerce_java/lib/ecommerce-project/vendor/symfony/console/Command/Command.php(326): Illuminate/Console/Command->execute(Object(Symfony/Component/Console/Input/ArgvInput), Object(Illuminate/Console/OutputStyle))
#39 C:/Users/admin/Desktop/flutter/ecommerce_java/lib/ecommerce-project/vendor/laravel/framework/src/Illuminate/Console/Command.php(180): Symfony/Component/Console/Command/Command->run(Object(Symfony/Component/Console/Input/ArgvInput), Object(Illuminate/Console/OutputStyle))
#40 C:/Users/admin/Desktop/flutter/ecommerce_java/lib/ecommerce-project/vendor/symfony/console/Application.php(1121): Illuminate/Console/Command->run(Object(Symfony/Component/Console/Input/ArgvInput), Object(Symfony/Component/Console/Output/ConsoleOutput))
#41 C:/Users/admin/Desktop/flutter/ecommerce_java/lib/ecommerce-project/vendor/symfony/console/Application.php(324): Symfony/Component/Console/Application->doRunCommand(Object(Illuminate/Database/Console/Migrations/FreshCommand), Object(Symfony/Component/Console/Input/ArgvInput), Object(Symfony/Component/Console/Output/ConsoleOutput))
#42 C:/Users/admin/Desktop/flutter/ecommerce_java/lib/ecommerce-project/vendor/symfony/console/Application.php(175): Symfony/Component/Console/Application->doRun(Object(Symfony/Component/Console/Input/ArgvInput), Object(Symfony/Component/Console/Output/ConsoleOutput))
#43 C:/Users/admin/Desktop/flutter/ecommerce_java/lib/ecommerce-project/vendor/laravel/framework/src/Illuminate/Foundation/Console/Kernel.php(201): Symfony/Component/Console/Application->run(Object(Symfony/Component/Console/Input/ArgvInput), Object(Symfony/Component/Console/Output/ConsoleOutput))
#44 C:/Users/admin/Desktop/flutter/ecommerce_java/lib/ecommerce-project/artisan(35): Illuminate/Foundation/Console/Kernel->handle(Object(Symfony/Component/Console/Input/ArgvInput), Object(Symfony/Component/Console/Output/ConsoleOutput))
#45 {main}
"} 
[2026-07-06 16:37:51] local.ERROR: SQLSTATE[HY000]: General error: 1824 Failed to open the referenced table 'orders' (Connection: mysql, SQL: alter table `order_items` add constraint `order_items_order_id_foreign` foreign key (`order_id`) references `orders` (`id`) on delete cascade) {"exception":"[object] (Illuminate\\Database\\QueryException(code: HY000): SQLSTATE[HY000]: General error: 1824 Failed to open the referenced table 'orders' (Connection: mysql, SQL: alter table `order_items` add constraint `order_items_order_id_foreign` foreign key (`order_id`) references `orders` (`id`) on delete cascade) at C:/Users/admin/Desktop/flutter/ecommerce_java/lib/ecommerce-project/vendor/laravel/framework/src/Illuminate/Database/Connection.php:829)
[stacktrace]
#0 C:/Users/admin/Desktop/flutter/ecommerce_java/lib/ecommerce-project/vendor/laravel/framework/src/Illuminate/Database/Connection.php(783): Illuminate/Database/Connection->runQueryCallback('alter table `or...', Array, Object(Closure))
#1 C:/Users/admin/Desktop/flutter/ecommerce_java/lib/ecommerce-project/vendor/laravel/framework/src/Illuminate/Database/Connection.php(576): Illuminate/Database/Connection->run('alter table `or...', Array, Object(Closure))
#2 C:/Users/admin/Desktop/flutter/ecommerce_java/lib/ecommerce-project/vendor/laravel/framework/src/Illuminate/Database/Schema/Blueprint.php(110): Illuminate/Database/Connection->statement('alter table `or...')
#3 C:/Users/admin/Desktop/flutter/ecommerce_java/lib/ecommerce-project/vendor/laravel/framework/src/Illuminate/Database/Schema/Builder.php(602): Illuminate/Database/Schema/Blueprint->build(Object(Illuminate/Database/MySqlConnection), Object(Illuminate/Database/Schema/Grammars/MySqlGrammar))
#4 C:/Users/admin/Desktop/flutter/ecommerce_java/lib/ecommerce-project/vendor/laravel/framework/src/Illuminate/Database/Schema/Builder.php(456): Illuminate/Database/Schema/Builder->build(Object(Illuminate/Database/Schema/Blueprint))
#5 C:/Users/admin/Desktop/flutter/ecommerce_java/lib/ecommerce-project/vendor/laravel/framework/src/Illuminate/Support/Facades/Facade.php(355): Illuminate/Database/Schema/Builder->create('order_items', Object(Closure))
#6 C:/Users/admin/Desktop/flutter/ecommerce_java/lib/ecommerce-project/database/migrations/2026_07_06_122554_create_order_items_table.php(14): Illuminate/Support/Facades/Facade::__callStatic('create', Array)
#7 C:/Users/admin/Desktop/flutter/ecommerce_java/lib/ecommerce-project/vendor/laravel/framework/src/Illuminate/Database/Migrations/Migrator.php(501): Illuminate/Database/Migrations/Migration@anonymous->up()
#8 C:/Users/admin/Desktop/flutter/ecommerce_java/lib/ecommerce-project/vendor/laravel/framework/src/Illuminate/Database/Migrations/Migrator.php(418): Illuminate/Database/Migrations/Migrator->runMethod(Object(Illuminate/Database/MySqlConnection), Object(Illuminate/Database/Migrations/Migration@anonymous), 'up')
#9 C:/Users/admin/Desktop/flutter/ecommerce_java/lib/ecommerce-project/vendor/laravel/framework/src/Illuminate/Database/Migrations/Migrator.php(427): Illuminate/Database/Migrations/Migrator->Illuminate/Database/Migrations/{closure}()
#10 C:/Users/admin/Desktop/flutter/ecommerce_java/lib/ecommerce-project/vendor/laravel/framework/src/Illuminate/Database/Migrations/Migrator.php(224): Illuminate/Database/Migrations/Migrator->runMigration(Object(Illuminate/Database/Migrations/Migration@anonymous), 'up')
#11 C:/Users/admin/Desktop/flutter/ecommerce_java/lib/ecommerce-project/vendor/laravel/framework/src/Illuminate/Console/View/Components/Task.php(37): Illuminate/Database/Migrations/Migrator->Illuminate/Database/Migrations/{closure}()
#12 C:/Users/admin/Desktop/flutter/ecommerce_java/lib/ecommerce-project/vendor/laravel/framework/src/Illuminate/Database/Migrations/Migrator.php(783): Illuminate/Console/View/Components/Task->render('2026_07_06_1225...', Object(Closure))
#13 C:/Users/admin/Desktop/flutter/ecommerce_java/lib/ecommerce-project/vendor/laravel/framework/src/Illuminate/Database/Migrations/Migrator.php(224): Illuminate/Database/Migrations/Migrator->write('Illuminate//Cons...', '2026_07_06_1225...', Object(Closure))
#14 C:/Users/admin/Desktop/flutter/ecommerce_java/lib/ecommerce-project/vendor/laravel/framework/src/Illuminate/Database/Migrations/Migrator.php(189): Illuminate/Database/Migrations/Migrator->runUp('C://Users//admin//...', 1, false)
#15 C:/Users/admin/Desktop/flutter/ecommerce_java/lib/ecommerce-project/vendor/laravel/framework/src/Illuminate/Database/Migrations/Migrator.php(132): Illuminate/Database/Migrations/Migrator->runPending(Array, Array)
#16 C:/Users/admin/Desktop/flutter/ecommerce_java/lib/ecommerce-project/vendor/laravel/framework/src/Illuminate/Database/Console/Migrations/MigrateCommand.php(90): Illuminate/Database/Migrations/Migrator->run(Array, Array)
#17 C:/Users/admin/Desktop/flutter/ecommerce_java/lib/ecommerce-project/vendor/laravel/framework/src/Illuminate/Database/Migrations/Migrator.php(641): Illuminate/Database/Console/Migrations/MigrateCommand->Illuminate/Database/Console/Migrations/{closure}()
#18 C:/Users/admin/Desktop/flutter/ecommerce_java/lib/ecommerce-project/vendor/laravel/framework/src/Illuminate/Database/Console/Migrations/MigrateCommand.php(83): Illuminate/Database/Migrations/Migrator->usingConnection(NULL, Object(Closure))
#19 C:/Users/admin/Desktop/flutter/ecommerce_java/lib/ecommerce-project/vendor/laravel/framework/src/Illuminate/Container/BoundMethod.php(36): Illuminate/Database/Console/Migrations/MigrateCommand->handle()
#20 C:/Users/admin/Desktop/flutter/ecommerce_java/lib/ecommerce-project/vendor/laravel/framework/src/Illuminate/Container/Util.php(41): Illuminate/Container/BoundMethod::Illuminate/Container/{closure}()
#21 C:/Users/admin/Desktop/flutter/ecommerce_java/lib/ecommerce-project/vendor/laravel/framework/src/Illuminate/Container/BoundMethod.php(93): Illuminate/Container/Util::unwrapIfClosure(Object(Closure))
#22 C:/Users/admin/Desktop/flutter/ecommerce_java/lib/ecommerce-project/vendor/laravel/framework/src/Illuminate/Container/BoundMethod.php(35): Illuminate/Container/BoundMethod::callBoundMethod(Object(Illuminate/Foundation/Application), Array, Object(Closure))
#23 C:/Users/admin/Desktop/flutter/ecommerce_java/lib/ecommerce-project/vendor/laravel/framework/src/Illuminate/Container/Container.php(662): Illuminate/Container/BoundMethod::call(Object(Illuminate/Foundation/Application), Array, Array, NULL)
#24 C:/Users/admin/Desktop/flutter/ecommerce_java/lib/ecommerce-project/vendor/laravel/framework/src/Illuminate/Console/Command.php(211): Illuminate/Container/Container->call(Array)
#25 C:/Users/admin/Desktop/flutter/ecommerce_java/lib/ecommerce-project/vendor/symfony/console/Command/Command.php(326): Illuminate/Console/Command->execute(Object(Symfony/Component/Console/Input/ArrayInput), Object(Illuminate/Console/OutputStyle))
#26 C:/Users/admin/Desktop/flutter/ecommerce_java/lib/ecommerce-project/vendor/laravel/framework/src/Illuminate/Console/Command.php(180): Symfony/Component/Console/Command/Command->run(Object(Symfony/Component/Console/Input/ArrayInput), Object(Illuminate/Console/OutputStyle))
#27 C:/Users/admin/Desktop/flutter/ecommerce_java/lib/ecommerce-project/vendor/laravel/framework/src/Illuminate/Console/Concerns/CallsCommands.php(67): Illuminate/Console/Command->run(Object(Symfony/Component/Console/Input/ArrayInput), Object(Illuminate/Console/OutputStyle))
#28 C:/Users/admin/Desktop/flutter/ecommerce_java/lib/ecommerce-project/vendor/laravel/framework/src/Illuminate/Console/Concerns/CallsCommands.php(28): Illuminate/Console/Command->runCommand('migrate', Array, Object(Illuminate/Console/OutputStyle))
#29 C:/Users/admin/Desktop/flutter/ecommerce_java/lib/ecommerce-project/vendor/laravel/framework/src/Illuminate/Database/Console/Migrations/FreshCommand.php(53): Illuminate/Console/Command->call('migrate', Array)
#30 C:/Users/admin/Desktop/flutter/ecommerce_java/lib/ecommerce-project/vendor/laravel/framework/src/Illuminate/Container/BoundMethod.php(36): Illuminate/Database/Console/Migrations/FreshCommand->handle()
#31 C:/Users/admin/Desktop/flutter/ecommerce_java/lib/ecommerce-project/vendor/laravel/framework/src/Illuminate/Container/Util.php(41): Illuminate/Container/BoundMethod::Illuminate/Container/{closure}()
#32 C:/Users/admin/Desktop/flutter/ecommerce_java/lib/ecommerce-project/vendor/laravel/framework/src/Illuminate/Container/BoundMethod.php(93): Illuminate/Container/Util::unwrapIfClosure(Object(Closure))
#33 C:/Users/admin/Desktop/flutter/ecommerce_java/lib/ecommerce-project/vendor/laravel/framework/src/Illuminate/Container/BoundMethod.php(35): Illuminate/Container/BoundMethod::callBoundMethod(Object(Illuminate/Foundation/Application), Array, Object(Closure))
#34 C:/Users/admin/Desktop/flutter/ecommerce_java/lib/ecommerce-project/vendor/laravel/framework/src/Illuminate/Container/Container.php(662): Illuminate/Container/BoundMethod::call(Object(Illuminate/Foundation/Application), Array, Array, NULL)
#35 C:/Users/admin/Desktop/flutter/ecommerce_java/lib/ecommerce-project/vendor/laravel/framework/src/Illuminate/Console/Command.php(211): Illuminate/Container/Container->call(Array)
#36 C:/Users/admin/Desktop/flutter/ecommerce_java/lib/ecommerce-project/vendor/symfony/console/Command/Command.php(326): Illuminate/Console/Command->execute(Object(Symfony/Component/Console/Input/ArgvInput), Object(Illuminate/Console/OutputStyle))
#37 C:/Users/admin/Desktop/flutter/ecommerce_java/lib/ecommerce-project/vendor/laravel/framework/src/Illuminate/Console/Command.php(180): Symfony/Component/Console/Command/Command->run(Object(Symfony/Component/Console/Input/ArgvInput), Object(Illuminate/Console/OutputStyle))
#38 C:/Users/admin/Desktop/flutter/ecommerce_java/lib/ecommerce-project/vendor/symfony/console/Application.php(1121): Illuminate/Console/Command->run(Object(Symfony/Component/Console/Input/ArgvInput), Object(Symfony/Component/Console/Output/ConsoleOutput))
#39 C:/Users/admin/Desktop/flutter/ecommerce_java/lib/ecommerce-project/vendor/symfony/console/Application.php(324): Symfony/Component/Console/Application->doRunCommand(Object(Illuminate/Database/Console/Migrations/FreshCommand), Object(Symfony/Component/Console/Input/ArgvInput), Object(Symfony/Component/Console/Output/ConsoleOutput))
#40 C:/Users/admin/Desktop/flutter/ecommerce_java/lib/ecommerce-project/vendor/symfony/console/Application.php(175): Symfony/Component/Console/Application->doRun(Object(Symfony/Component/Console/Input/ArgvInput), Object(Symfony/Component/Console/Output/ConsoleOutput))
#41 C:/Users/admin/Desktop/flutter/ecommerce_java/lib/ecommerce-project/vendor/laravel/framework/src/Illuminate/Foundation/Console/Kernel.php(201): Symfony/Component/Console/Application->run(Object(Symfony/Component/Console/Input/ArgvInput), Object(Symfony/Component/Console/Output/ConsoleOutput))
#42 C:/Users/admin/Desktop/flutter/ecommerce_java/lib/ecommerce-project/artisan(35): Illuminate/Foundation/Console/Kernel->handle(Object(Symfony/Component/Console/Input/ArgvInput), Object(Symfony/Component/Console/Output/ConsoleOutput))
#43 {main}

[previous exception] [object] (PDOException(code: HY000): SQLSTATE[HY000]: General error: 1824 Failed to open the referenced table 'orders' at C:/Users/admin/Desktop/flutter/ecommerce_java/lib/ecommerce-project/vendor/laravel/framework/src/Illuminate/Database/Connection.php:587)
[stacktrace]
#0 C:/Users/admin/Desktop/flutter/ecommerce_java/lib/ecommerce-project/vendor/laravel/framework/src/Illuminate/Database/Connection.php(587): PDOStatement->execute()
#1 C:/Users/admin/Desktop/flutter/ecommerce_java/lib/ecommerce-project/vendor/laravel/framework/src/Illuminate/Database/Connection.php(816): Illuminate/Database/Connection->Illuminate/Database/{closure}('alter table `or...', Array)
#2 C:/Users/admin/Desktop/flutter/ecommerce_java/lib/ecommerce-project/vendor/laravel/framework/src/Illuminate/Database/Connection.php(783): Illuminate/Database/Connection->runQueryCallback('alter table `or...', Array, Object(Closure))
#3 C:/Users/admin/Desktop/flutter/ecommerce_java/lib/ecommerce-project/vendor/laravel/framework/src/Illuminate/Database/Connection.php(576): Illuminate/Database/Connection->run('alter table `or...', Array, Object(Closure))
#4 C:/Users/admin/Desktop/flutter/ecommerce_java/lib/ecommerce-project/vendor/laravel/framework/src/Illuminate/Database/Schema/Blueprint.php(110): Illuminate/Database/Connection->statement('alter table `or...')
#5 C:/Users/admin/Desktop/flutter/ecommerce_java/lib/ecommerce-project/vendor/laravel/framework/src/Illuminate/Database/Schema/Builder.php(602): Illuminate/Database/Schema/Blueprint->build(Object(Illuminate/Database/MySqlConnection), Object(Illuminate/Database/Schema/Grammars/MySqlGrammar))
#6 C:/Users/admin/Desktop/flutter/ecommerce_java/lib/ecommerce-project/vendor/laravel/framework/src/Illuminate/Database/Schema/Builder.php(456): Illuminate/Database/Schema/Builder->build(Object(Illuminate/Database/Schema/Blueprint))
#7 C:/Users/admin/Desktop/flutter/ecommerce_java/lib/ecommerce-project/vendor/laravel/framework/src/Illuminate/Support/Facades/Facade.php(355): Illuminate/Database/Schema/Builder->create('order_items', Object(Closure))
#8 C:/Users/admin/Desktop/flutter/ecommerce_java/lib/ecommerce-project/database/migrations/2026_07_06_122554_create_order_items_table.php(14): Illuminate/Support/Facades/Facade::__callStatic('create', Array)
#9 C:/Users/admin/Desktop/flutter/ecommerce_java/lib/ecommerce-project/vendor/laravel/framework/src/Illuminate/Database/Migrations/Migrator.php(501): Illuminate/Database/Migrations/Migration@anonymous->up()
#10 C:/Users/admin/Desktop/flutter/ecommerce_java/lib/ecommerce-project/vendor/laravel/framework/src/Illuminate/Database/Migrations/Migrator.php(418): Illuminate/Database/Migrations/Migrator->runMethod(Object(Illuminate/Database/MySqlConnection), Object(Illuminate/Database/Migrations/Migration@anonymous), 'up')
#11 C:/Users/admin/Desktop/flutter/ecommerce_java/lib/ecommerce-project/vendor/laravel/framework/src/Illuminate/Database/Migrations/Migrator.php(427): Illuminate/Database/Migrations/Migrator->Illuminate/Database/Migrations/{closure}()
#12 C:/Users/admin/Desktop/flutter/ecommerce_java/lib/ecommerce-project/vendor/laravel/framework/src/Illuminate/Database/Migrations/Migrator.php(224): Illuminate/Database/Migrations/Migrator->runMigration(Object(Illuminate/Database/Migrations/Migration@anonymous), 'up')
#13 C:/Users/admin/Desktop/flutter/ecommerce_java/lib/ecommerce-project/vendor/laravel/framework/src/Illuminate/Console/View/Components/Task.php(37): Illuminate/Database/Migrations/Migrator->Illuminate/Database/Migrations/{closure}()
#14 C:/Users/admin/Desktop/flutter/ecommerce_java/lib/ecommerce-project/vendor/laravel/framework/src/Illuminate/Database/Migrations/Migrator.php(783): Illuminate/Console/View/Components/Task->render('2026_07_06_1225...', Object(Closure))
#15 C:/Users/admin/Desktop/flutter/ecommerce_java/lib/ecommerce-project/vendor/laravel/framework/src/Illuminate/Database/Migrations/Migrator.php(224): Illuminate/Database/Migrations/Migrator->write('Illuminate//Cons...', '2026_07_06_1225...', Object(Closure))
#16 C:/Users/admin/Desktop/flutter/ecommerce_java/lib/ecommerce-project/vendor/laravel/framework/src/Illuminate/Database/Migrations/Migrator.php(189): Illuminate/Database/Migrations/Migrator->runUp('C://Users//admin//...', 1, false)
#17 C:/Users/admin/Desktop/flutter/ecommerce_java/lib/ecommerce-project/vendor/laravel/framework/src/Illuminate/Database/Migrations/Migrator.php(132): Illuminate/Database/Migrations/Migrator->runPending(Array, Array)
#18 C:/Users/admin/Desktop/flutter/ecommerce_java/lib/ecommerce-project/vendor/laravel/framework/src/Illuminate/Database/Console/Migrations/MigrateCommand.php(90): Illuminate/Database/Migrations/Migrator->run(Array, Array)
#19 C:/Users/admin/Desktop/flutter/ecommerce_java/lib/ecommerce-project/vendor/laravel/framework/src/Illuminate/Database/Migrations/Migrator.php(641): Illuminate/Database/Console/Migrations/MigrateCommand->Illuminate/Database/Console/Migrations/{closure}()
#20 C:/Users/admin/Desktop/flutter/ecommerce_java/lib/ecommerce-project/vendor/laravel/framework/src/Illuminate/Database/Console/Migrations/MigrateCommand.php(83): Illuminate/Database/Migrations/Migrator->usingConnection(NULL, Object(Closure))
#21 C:/Users/admin/Desktop/flutter/ecommerce_java/lib/ecommerce-project/vendor/laravel/framework/src/Illuminate/Container/BoundMethod.php(36): Illuminate/Database/Console/Migrations/MigrateCommand->handle()
#22 C:/Users/admin/Desktop/flutter/ecommerce_java/lib/ecommerce-project/vendor/laravel/framework/src/Illuminate/Container/Util.php(41): Illuminate/Container/BoundMethod::Illuminate/Container/{closure}()
#23 C:/Users/admin/Desktop/flutter/ecommerce_java/lib/ecommerce-project/vendor/laravel/framework/src/Illuminate/Container/BoundMethod.php(93): Illuminate/Container/Util::unwrapIfClosure(Object(Closure))
#24 C:/Users/admin/Desktop/flutter/ecommerce_java/lib/ecommerce-project/vendor/laravel/framework/src/Illuminate/Container/BoundMethod.php(35): Illuminate/Container/BoundMethod::callBoundMethod(Object(Illuminate/Foundation/Application), Array, Object(Closure))
#25 C:/Users/admin/Desktop/flutter/ecommerce_java/lib/ecommerce-project/vendor/laravel/framework/src/Illuminate/Container/Container.php(662): Illuminate/Container/BoundMethod::call(Object(Illuminate/Foundation/Application), Array, Array, NULL)
#26 C:/Users/admin/Desktop/flutter/ecommerce_java/lib/ecommerce-project/vendor/laravel/framework/src/Illuminate/Console/Command.php(211): Illuminate/Container/Container->call(Array)
#27 C:/Users/admin/Desktop/flutter/ecommerce_java/lib/ecommerce-project/vendor/symfony/console/Command/Command.php(326): Illuminate/Console/Command->execute(Object(Symfony/Component/Console/Input/ArrayInput), Object(Illuminate/Console/OutputStyle))
#28 C:/Users/admin/Desktop/flutter/ecommerce_java/lib/ecommerce-project/vendor/laravel/framework/src/Illuminate/Console/Command.php(180): Symfony/Component/Console/Command/Command->run(Object(Symfony/Component/Console/Input/ArrayInput), Object(Illuminate/Console/OutputStyle))
#29 C:/Users/admin/Desktop/flutter/ecommerce_java/lib/ecommerce-project/vendor/laravel/framework/src/Illuminate/Console/Concerns/CallsCommands.php(67): Illuminate/Console/Command->run(Object(Symfony/Component/Console/Input/ArrayInput), Object(Illuminate/Console/OutputStyle))
#30 C:/Users/admin/Desktop/flutter/ecommerce_java/lib/ecommerce-project/vendor/laravel/framework/src/Illuminate/Console/Concerns/CallsCommands.php(28): Illuminate/Console/Command->runCommand('migrate', Array, Object(Illuminate/Console/OutputStyle))
#31 C:/Users/admin/Desktop/flutter/ecommerce_java/lib/ecommerce-project/vendor/laravel/framework/src/Illuminate/Database/Console/Migrations/FreshCommand.php(53): Illuminate/Console/Command->call('migrate', Array)
#32 C:/Users/admin/Desktop/flutter/ecommerce_java/lib/ecommerce-project/vendor/laravel/framework/src/Illuminate/Container/BoundMethod.php(36): Illuminate/Database/Console/Migrations/FreshCommand->handle()
#33 C:/Users/admin/Desktop/flutter/ecommerce_java/lib/ecommerce-project/vendor/laravel/framework/src/Illuminate/Container/Util.php(41): Illuminate/Container/BoundMethod::Illuminate/Container/{closure}()
#34 C:/Users/admin/Desktop/flutter/ecommerce_java/lib/ecommerce-project/vendor/laravel/framework/src/Illuminate/Container/BoundMethod.php(93): Illuminate/Container/Util::unwrapIfClosure(Object(Closure))
#35 C:/Users/admin/Desktop/flutter/ecommerce_java/lib/ecommerce-project/vendor/laravel/framework/src/Illuminate/Container/BoundMethod.php(35): Illuminate/Container/BoundMethod::callBoundMethod(Object(Illuminate/Foundation/Application), Array, Object(Closure))
#36 C:/Users/admin/Desktop/flutter/ecommerce_java/lib/ecommerce-project/vendor/laravel/framework/src/Illuminate/Container/Container.php(662): Illuminate/Container/BoundMethod::call(Object(Illuminate/Foundation/Application), Array, Array, NULL)
#37 C:/Users/admin/Desktop/flutter/ecommerce_java/lib/ecommerce-project/vendor/laravel/framework/src/Illuminate/Console/Command.php(211): Illuminate/Container/Container->call(Array)
#38 C:/Users/admin/Desktop/flutter/ecommerce_java/lib/ecommerce-project/vendor/symfony/console/Command/Command.php(326): Illuminate/Console/Command->execute(Object(Symfony/Component/Console/Input/ArgvInput), Object(Illuminate/Console/OutputStyle))
#39 C:/Users/admin/Desktop/flutter/ecommerce_java/lib/ecommerce-project/vendor/laravel/framework/src/Illuminate/Console/Command.php(180): Symfony/Component/Console/Command/Command->run(Object(Symfony/Component/Console/Input/ArgvInput), Object(Illuminate/Console/OutputStyle))
#40 C:/Users/admin/Desktop/flutter/ecommerce_java/lib/ecommerce-project/vendor/symfony/console/Application.php(1121): Illuminate/Console/Command->run(Object(Symfony/Component/Console/Input/ArgvInput), Object(Symfony/Component/Console/Output/ConsoleOutput))
#41 C:/Users/admin/Desktop/flutter/ecommerce_java/lib/ecommerce-project/vendor/symfony/console/Application.php(324): Symfony/Component/Console/Application->doRunCommand(Object(Illuminate/Database/Console/Migrations/FreshCommand), Object(Symfony/Component/Console/Input/ArgvInput), Object(Symfony/Component/Console/Output/ConsoleOutput))
#42 C:/Users/admin/Desktop/flutter/ecommerce_java/lib/ecommerce-project/vendor/symfony/console/Application.php(175): Symfony/Component/Console/Application->doRun(Object(Symfony/Component/Console/Input/ArgvInput), Object(Symfony/Component/Console/Output/ConsoleOutput))
#43 C:/Users/admin/Desktop/flutter/ecommerce_java/lib/ecommerce-project/vendor/laravel/framework/src/Illuminate/Foundation/Console/Kernel.php(201): Symfony/Component/Console/Application->run(Object(Symfony/Component/Console/Input/ArgvInput), Object(Symfony/Component/Console/Output/ConsoleOutput))
#44 C:/Users/admin/Desktop/flutter/ecommerce_java/lib/ecommerce-project/artisan(35): Illuminate/Foundation/Console/Kernel->handle(Object(Symfony/Component/Console/Input/ArgvInput), Object(Symfony/Component/Console/Output/ConsoleOutput))
#45 {main}
"} 
[2026-07-06 16:39:33] local.ERROR: SQLSTATE[HY000]: General error: 1824 Failed to open the referenced table 'orders' (Connection: mysql, SQL: alter table `order_items` add constraint `order_items_order_id_foreign` foreign key (`order_id`) references `orders` (`id`) on delete cascade) {"exception":"[object] (Illuminate\\Database\\QueryException(code: HY000): SQLSTATE[HY000]: General error: 1824 Failed to open the referenced table 'orders' (Connection: mysql, SQL: alter table `order_items` add constraint `order_items_order_id_foreign` foreign key (`order_id`) references `orders` (`id`) on delete cascade) at C:/Users/admin/Desktop/flutter/ecommerce_java/lib/ecommerce-project/vendor/laravel/framework/src/Illuminate/Database/Connection.php:829)
[stacktrace]
#0 C:/Users/admin/Desktop/flutter/ecommerce_java/lib/ecommerce-project/vendor/laravel/framework/src/Illuminate/Database/Connection.php(783): Illuminate/Database/Connection->runQueryCallback('alter table `or...', Array, Object(Closure))
#1 C:/Users/admin/Desktop/flutter/ecommerce_java/lib/ecommerce-project/vendor/laravel/framework/src/Illuminate/Database/Connection.php(576): Illuminate/Database/Connection->run('alter table `or...', Array, Object(Closure))
#2 C:/Users/admin/Desktop/flutter/ecommerce_java/lib/ecommerce-project/vendor/laravel/framework/src/Illuminate/Database/Schema/Blueprint.php(110): Illuminate/Database/Connection->statement('alter table `or...')
#3 C:/Users/admin/Desktop/flutter/ecommerce_java/lib/ecommerce-project/vendor/laravel/framework/src/Illuminate/Database/Schema/Builder.php(602): Illuminate/Database/Schema/Blueprint->build(Object(Illuminate/Database/MySqlConnection), Object(Illuminate/Database/Schema/Grammars/MySqlGrammar))
#4 C:/Users/admin/Desktop/flutter/ecommerce_java/lib/ecommerce-project/vendor/laravel/framework/src/Illuminate/Database/Schema/Builder.php(456): Illuminate/Database/Schema/Builder->build(Object(Illuminate/Database/Schema/Blueprint))
#5 C:/Users/admin/Desktop/flutter/ecommerce_java/lib/ecommerce-project/vendor/laravel/framework/src/Illuminate/Support/Facades/Facade.php(355): Illuminate/Database/Schema/Builder->create('order_items', Object(Closure))
#6 C:/Users/admin/Desktop/flutter/ecommerce_java/lib/ecommerce-project/database/migrations/2026_07_06_122554_create_order_items_table.php(14): Illuminate/Support/Facades/Facade::__callStatic('create', Array)
#7 C:/Users/admin/Desktop/flutter/ecommerce_java/lib/ecommerce-project/vendor/laravel/framework/src/Illuminate/Database/Migrations/Migrator.php(501): Illuminate/Database/Migrations/Migration@anonymous->up()
#8 C:/Users/admin/Desktop/flutter/ecommerce_java/lib/ecommerce-project/vendor/laravel/framework/src/Illuminate/Database/Migrations/Migrator.php(418): Illuminate/Database/Migrations/Migrator->runMethod(Object(Illuminate/Database/MySqlConnection), Object(Illuminate/Database/Migrations/Migration@anonymous), 'up')
#9 C:/Users/admin/Desktop/flutter/ecommerce_java/lib/ecommerce-project/vendor/laravel/framework/src/Illuminate/Database/Migrations/Migrator.php(427): Illuminate/Database/Migrations/Migrator->Illuminate/Database/Migrations/{closure}()
#10 C:/Users/admin/Desktop/flutter/ecommerce_java/lib/ecommerce-project/vendor/laravel/framework/src/Illuminate/Database/Migrations/Migrator.php(224): Illuminate/Database/Migrations/Migrator->runMigration(Object(Illuminate/Database/Migrations/Migration@anonymous), 'up')
#11 C:/Users/admin/Desktop/flutter/ecommerce_java/lib/ecommerce-project/vendor/laravel/framework/src/Illuminate/Console/View/Components/Task.php(37): Illuminate/Database/Migrations/Migrator->Illuminate/Database/Migrations/{closure}()
#12 C:/Users/admin/Desktop/flutter/ecommerce_java/lib/ecommerce-project/vendor/laravel/framework/src/Illuminate/Database/Migrations/Migrator.php(783): Illuminate/Console/View/Components/Task->render('2026_07_06_1225...', Object(Closure))
#13 C:/Users/admin/Desktop/flutter/ecommerce_java/lib/ecommerce-project/vendor/laravel/framework/src/Illuminate/Database/Migrations/Migrator.php(224): Illuminate/Database/Migrations/Migrator->write('Illuminate//Cons...', '2026_07_06_1225...', Object(Closure))
#14 C:/Users/admin/Desktop/flutter/ecommerce_java/lib/ecommerce-project/vendor/laravel/framework/src/Illuminate/Database/Migrations/Migrator.php(189): Illuminate/Database/Migrations/Migrator->runUp('C://Users//admin//...', 1, false)
#15 C:/Users/admin/Desktop/flutter/ecommerce_java/lib/ecommerce-project/vendor/laravel/framework/src/Illuminate/Database/Migrations/Migrator.php(132): Illuminate/Database/Migrations/Migrator->runPending(Array, Array)
#16 C:/Users/admin/Desktop/flutter/ecommerce_java/lib/ecommerce-project/vendor/laravel/framework/src/Illuminate/Database/Console/Migrations/MigrateCommand.php(90): Illuminate/Database/Migrations/Migrator->run(Array, Array)
#17 C:/Users/admin/Desktop/flutter/ecommerce_java/lib/ecommerce-project/vendor/laravel/framework/src/Illuminate/Database/Migrations/Migrator.php(641): Illuminate/Database/Console/Migrations/MigrateCommand->Illuminate/Database/Console/Migrations/{closure}()
#18 C:/Users/admin/Desktop/flutter/ecommerce_java/lib/ecommerce-project/vendor/laravel/framework/src/Illuminate/Database/Console/Migrations/MigrateCommand.php(83): Illuminate/Database/Migrations/Migrator->usingConnection(NULL, Object(Closure))
#19 C:/Users/admin/Desktop/flutter/ecommerce_java/lib/ecommerce-project/vendor/laravel/framework/src/Illuminate/Container/BoundMethod.php(36): Illuminate/Database/Console/Migrations/MigrateCommand->handle()
#20 C:/Users/admin/Desktop/flutter/ecommerce_java/lib/ecommerce-project/vendor/laravel/framework/src/Illuminate/Container/Util.php(41): Illuminate/Container/BoundMethod::Illuminate/Container/{closure}()
#21 C:/Users/admin/Desktop/flutter/ecommerce_java/lib/ecommerce-project/vendor/laravel/framework/src/Illuminate/Container/BoundMethod.php(93): Illuminate/Container/Util::unwrapIfClosure(Object(Closure))
#22 C:/Users/admin/Desktop/flutter/ecommerce_java/lib/ecommerce-project/vendor/laravel/framework/src/Illuminate/Container/BoundMethod.php(35): Illuminate/Container/BoundMethod::callBoundMethod(Object(Illuminate/Foundation/Application), Array, Object(Closure))
#23 C:/Users/admin/Desktop/flutter/ecommerce_java/lib/ecommerce-project/vendor/laravel/framework/src/Illuminate/Container/Container.php(662): Illuminate/Container/BoundMethod::call(Object(Illuminate/Foundation/Application), Array, Array, NULL)
#24 C:/Users/admin/Desktop/flutter/ecommerce_java/lib/ecommerce-project/vendor/laravel/framework/src/Illuminate/Console/Command.php(211): Illuminate/Container/Container->call(Array)
#25 C:/Users/admin/Desktop/flutter/ecommerce_java/lib/ecommerce-project/vendor/symfony/console/Command/Command.php(326): Illuminate/Console/Command->execute(Object(Symfony/Component/Console/Input/ArrayInput), Object(Illuminate/Console/OutputStyle))
#26 C:/Users/admin/Desktop/flutter/ecommerce_java/lib/ecommerce-project/vendor/laravel/framework/src/Illuminate/Console/Command.php(180): Symfony/Component/Console/Command/Command->run(Object(Symfony/Component/Console/Input/ArrayInput), Object(Illuminate/Console/OutputStyle))
#27 C:/Users/admin/Desktop/flutter/ecommerce_java/lib/ecommerce-project/vendor/laravel/framework/src/Illuminate/Console/Concerns/CallsCommands.php(67): Illuminate/Console/Command->run(Object(Symfony/Component/Console/Input/ArrayInput), Object(Illuminate/Console/OutputStyle))
#28 C:/Users/admin/Desktop/flutter/ecommerce_java/lib/ecommerce-project/vendor/laravel/framework/src/Illuminate/Console/Concerns/CallsCommands.php(28): Illuminate/Console/Command->runCommand('migrate', Array, Object(Illuminate/Console/OutputStyle))
#29 C:/Users/admin/Desktop/flutter/ecommerce_java/lib/ecommerce-project/vendor/laravel/framework/src/Illuminate/Database/Console/Migrations/FreshCommand.php(53): Illuminate/Console/Command->call('migrate', Array)
#30 C:/Users/admin/Desktop/flutter/ecommerce_java/lib/ecommerce-project/vendor/laravel/framework/src/Illuminate/Container/BoundMethod.php(36): Illuminate/Database/Console/Migrations/FreshCommand->handle()
#31 C:/Users/admin/Desktop/flutter/ecommerce_java/lib/ecommerce-project/vendor/laravel/framework/src/Illuminate/Container/Util.php(41): Illuminate/Container/BoundMethod::Illuminate/Container/{closure}()
#32 C:/Users/admin/Desktop/flutter/ecommerce_java/lib/ecommerce-project/vendor/laravel/framework/src/Illuminate/Container/BoundMethod.php(93): Illuminate/Container/Util::unwrapIfClosure(Object(Closure))
#33 C:/Users/admin/Desktop/flutter/ecommerce_java/lib/ecommerce-project/vendor/laravel/framework/src/Illuminate/Container/BoundMethod.php(35): Illuminate/Container/BoundMethod::callBoundMethod(Object(Illuminate/Foundation/Application), Array, Object(Closure))
#34 C:/Users/admin/Desktop/flutter/ecommerce_java/lib/ecommerce-project/vendor/laravel/framework/src/Illuminate/Container/Container.php(662): Illuminate/Container/BoundMethod::call(Object(Illuminate/Foundation/Application), Array, Array, NULL)
#35 C:/Users/admin/Desktop/flutter/ecommerce_java/lib/ecommerce-project/vendor/laravel/framework/src/Illuminate/Console/Command.php(211): Illuminate/Container/Container->call(Array)
#36 C:/Users/admin/Desktop/flutter/ecommerce_java/lib/ecommerce-project/vendor/symfony/console/Command/Command.php(326): Illuminate/Console/Command->execute(Object(Symfony/Component/Console/Input/ArgvInput), Object(Illuminate/Console/OutputStyle))
#37 C:/Users/admin/Desktop/flutter/ecommerce_java/lib/ecommerce-project/vendor/laravel/framework/src/Illuminate/Console/Command.php(180): Symfony/Component/Console/Command/Command->run(Object(Symfony/Component/Console/Input/ArgvInput), Object(Illuminate/Console/OutputStyle))
#38 C:/Users/admin/Desktop/flutter/ecommerce_java/lib/ecommerce-project/vendor/symfony/console/Application.php(1121): Illuminate/Console/Command->run(Object(Symfony/Component/Console/Input/ArgvInput), Object(Symfony/Component/Console/Output/ConsoleOutput))
#39 C:/Users/admin/Desktop/flutter/ecommerce_java/lib/ecommerce-project/vendor/symfony/console/Application.php(324): Symfony/Component/Console/Application->doRunCommand(Object(Illuminate/Database/Console/Migrations/FreshCommand), Object(Symfony/Component/Console/Input/ArgvInput), Object(Symfony/Component/Console/Output/ConsoleOutput))
#40 C:/Users/admin/Desktop/flutter/ecommerce_java/lib/ecommerce-project/vendor/symfony/console/Application.php(175): Symfony/Component/Console/Application->doRun(Object(Symfony/Component/Console/Input/ArgvInput), Object(Symfony/Component/Console/Output/ConsoleOutput))
#41 C:/Users/admin/Desktop/flutter/ecommerce_java/lib/ecommerce-project/vendor/laravel/framework/src/Illuminate/Foundation/Console/Kernel.php(201): Symfony/Component/Console/Application->run(Object(Symfony/Component/Console/Input/ArgvInput), Object(Symfony/Component/Console/Output/ConsoleOutput))
#42 C:/Users/admin/Desktop/flutter/ecommerce_java/lib/ecommerce-project/artisan(35): Illuminate/Foundation/Console/Kernel->handle(Object(Symfony/Component/Console/Input/ArgvInput), Object(Symfony/Component/Console/Output/ConsoleOutput))
#43 {main}

[previous exception] [object] (PDOException(code: HY000): SQLSTATE[HY000]: General error: 1824 Failed to open the referenced table 'orders' at C:/Users/admin/Desktop/flutter/ecommerce_java/lib/ecommerce-project/vendor/laravel/framework/src/Illuminate/Database/Connection.php:587)
[stacktrace]
#0 C:/Users/admin/Desktop/flutter/ecommerce_java/lib/ecommerce-project/vendor/laravel/framework/src/Illuminate/Database/Connection.php(587): PDOStatement->execute()
#1 C:/Users/admin/Desktop/flutter/ecommerce_java/lib/ecommerce-project/vendor/laravel/framework/src/Illuminate/Database/Connection.php(816): Illuminate/Database/Connection->Illuminate/Database/{closure}('alter table `or...', Array)
#2 C:/Users/admin/Desktop/flutter/ecommerce_java/lib/ecommerce-project/vendor/laravel/framework/src/Illuminate/Database/Connection.php(783): Illuminate/Database/Connection->runQueryCallback('alter table `or...', Array, Object(Closure))
#3 C:/Users/admin/Desktop/flutter/ecommerce_java/lib/ecommerce-project/vendor/laravel/framework/src/Illuminate/Database/Connection.php(576): Illuminate/Database/Connection->run('alter table `or...', Array, Object(Closure))
#4 C:/Users/admin/Desktop/flutter/ecommerce_java/lib/ecommerce-project/vendor/laravel/framework/src/Illuminate/Database/Schema/Blueprint.php(110): Illuminate/Database/Connection->statement('alter table `or...')
#5 C:/Users/admin/Desktop/flutter/ecommerce_java/lib/ecommerce-project/vendor/laravel/framework/src/Illuminate/Database/Schema/Builder.php(602): Illuminate/Database/Schema/Blueprint->build(Object(Illuminate/Database/MySqlConnection), Object(Illuminate/Database/Schema/Grammars/MySqlGrammar))
#6 C:/Users/admin/Desktop/flutter/ecommerce_java/lib/ecommerce-project/vendor/laravel/framework/src/Illuminate/Database/Schema/Builder.php(456): Illuminate/Database/Schema/Builder->build(Object(Illuminate/Database/Schema/Blueprint))
#7 C:/Users/admin/Desktop/flutter/ecommerce_java/lib/ecommerce-project/vendor/laravel/framework/src/Illuminate/Support/Facades/Facade.php(355): Illuminate/Database/Schema/Builder->create('order_items', Object(Closure))
#8 C:/Users/admin/Desktop/flutter/ecommerce_java/lib/ecommerce-project/database/migrations/2026_07_06_122554_create_order_items_table.php(14): Illuminate/Support/Facades/Facade::__callStatic('create', Array)
#9 C:/Users/admin/Desktop/flutter/ecommerce_java/lib/ecommerce-project/vendor/laravel/framework/src/Illuminate/Database/Migrations/Migrator.php(501): Illuminate/Database/Migrations/Migration@anonymous->up()
#10 C:/Users/admin/Desktop/flutter/ecommerce_java/lib/ecommerce-project/vendor/laravel/framework/src/Illuminate/Database/Migrations/Migrator.php(418): Illuminate/Database/Migrations/Migrator->runMethod(Object(Illuminate/Database/MySqlConnection), Object(Illuminate/Database/Migrations/Migration@anonymous), 'up')
#11 C:/Users/admin/Desktop/flutter/ecommerce_java/lib/ecommerce-project/vendor/laravel/framework/src/Illuminate/Database/Migrations/Migrator.php(427): Illuminate/Database/Migrations/Migrator->Illuminate/Database/Migrations/{closure}()
#12 C:/Users/admin/Desktop/flutter/ecommerce_java/lib/ecommerce-project/vendor/laravel/framework/src/Illuminate/Database/Migrations/Migrator.php(224): Illuminate/Database/Migrations/Migrator->runMigration(Object(Illuminate/Database/Migrations/Migration@anonymous), 'up')
#13 C:/Users/admin/Desktop/flutter/ecommerce_java/lib/ecommerce-project/vendor/laravel/framework/src/Illuminate/Console/View/Components/Task.php(37): Illuminate/Database/Migrations/Migrator->Illuminate/Database/Migrations/{closure}()
#14 C:/Users/admin/Desktop/flutter/ecommerce_java/lib/ecommerce-project/vendor/laravel/framework/src/Illuminate/Database/Migrations/Migrator.php(783): Illuminate/Console/View/Components/Task->render('2026_07_06_1225...', Object(Closure))
#15 C:/Users/admin/Desktop/flutter/ecommerce_java/lib/ecommerce-project/vendor/laravel/framework/src/Illuminate/Database/Migrations/Migrator.php(224): Illuminate/Database/Migrations/Migrator->write('Illuminate//Cons...', '2026_07_06_1225...', Object(Closure))
#16 C:/Users/admin/Desktop/flutter/ecommerce_java/lib/ecommerce-project/vendor/laravel/framework/src/Illuminate/Database/Migrations/Migrator.php(189): Illuminate/Database/Migrations/Migrator->runUp('C://Users//admin//...', 1, false)
#17 C:/Users/admin/Desktop/flutter/ecommerce_java/lib/ecommerce-project/vendor/laravel/framework/src/Illuminate/Database/Migrations/Migrator.php(132): Illuminate/Database/Migrations/Migrator->runPending(Array, Array)
#18 C:/Users/admin/Desktop/flutter/ecommerce_java/lib/ecommerce-project/vendor/laravel/framework/src/Illuminate/Database/Console/Migrations/MigrateCommand.php(90): Illuminate/Database/Migrations/Migrator->run(Array, Array)
#19 C:/Users/admin/Desktop/flutter/ecommerce_java/lib/ecommerce-project/vendor/laravel/framework/src/Illuminate/Database/Migrations/Migrator.php(641): Illuminate/Database/Console/Migrations/MigrateCommand->Illuminate/Database/Console/Migrations/{closure}()
#20 C:/Users/admin/Desktop/flutter/ecommerce_java/lib/ecommerce-project/vendor/laravel/framework/src/Illuminate/Database/Console/Migrations/MigrateCommand.php(83): Illuminate/Database/Migrations/Migrator->usingConnection(NULL, Object(Closure))
#21 C:/Users/admin/Desktop/flutter/ecommerce_java/lib/ecommerce-project/vendor/laravel/framework/src/Illuminate/Container/BoundMethod.php(36): Illuminate/Database/Console/Migrations/MigrateCommand->handle()
#22 C:/Users/admin/Desktop/flutter/ecommerce_java/lib/ecommerce-project/vendor/laravel/framework/src/Illuminate/Container/Util.php(41): Illuminate/Container/BoundMethod::Illuminate/Container/{closure}()
#23 C:/Users/admin/Desktop/flutter/ecommerce_java/lib/ecommerce-project/vendor/laravel/framework/src/Illuminate/Container/BoundMethod.php(93): Illuminate/Container/Util::unwrapIfClosure(Object(Closure))
#24 C:/Users/admin/Desktop/flutter/ecommerce_java/lib/ecommerce-project/vendor/laravel/framework/src/Illuminate/Container/BoundMethod.php(35): Illuminate/Container/BoundMethod::callBoundMethod(Object(Illuminate/Foundation/Application), Array, Object(Closure))
#25 C:/Users/admin/Desktop/flutter/ecommerce_java/lib/ecommerce-project/vendor/laravel/framework/src/Illuminate/Container/Container.php(662): Illuminate/Container/BoundMethod::call(Object(Illuminate/Foundation/Application), Array, Array, NULL)
#26 C:/Users/admin/Desktop/flutter/ecommerce_java/lib/ecommerce-project/vendor/laravel/framework/src/Illuminate/Console/Command.php(211): Illuminate/Container/Container->call(Array)
#27 C:/Users/admin/Desktop/flutter/ecommerce_java/lib/ecommerce-project/vendor/symfony/console/Command/Command.php(326): Illuminate/Console/Command->execute(Object(Symfony/Component/Console/Input/ArrayInput), Object(Illuminate/Console/OutputStyle))
#28 C:/Users/admin/Desktop/flutter/ecommerce_java/lib/ecommerce-project/vendor/laravel/framework/src/Illuminate/Console/Command.php(180): Symfony/Component/Console/Command/Command->run(Object(Symfony/Component/Console/Input/ArrayInput), Object(Illuminate/Console/OutputStyle))
#29 C:/Users/admin/Desktop/flutter/ecommerce_java/lib/ecommerce-project/vendor/laravel/framework/src/Illuminate/Console/Concerns/CallsCommands.php(67): Illuminate/Console/Command->run(Object(Symfony/Component/Console/Input/ArrayInput), Object(Illuminate/Console/OutputStyle))
#30 C:/Users/admin/Desktop/flutter/ecommerce_java/lib/ecommerce-project/vendor/laravel/framework/src/Illuminate/Console/Concerns/CallsCommands.php(28): Illuminate/Console/Command->runCommand('migrate', Array, Object(Illuminate/Console/OutputStyle))
#31 C:/Users/admin/Desktop/flutter/ecommerce_java/lib/ecommerce-project/vendor/laravel/framework/src/Illuminate/Database/Console/Migrations/FreshCommand.php(53): Illuminate/Console/Command->call('migrate', Array)
#32 C:/Users/admin/Desktop/flutter/ecommerce_java/lib/ecommerce-project/vendor/laravel/framework/src/Illuminate/Container/BoundMethod.php(36): Illuminate/Database/Console/Migrations/FreshCommand->handle()
#33 C:/Users/admin/Desktop/flutter/ecommerce_java/lib/ecommerce-project/vendor/laravel/framework/src/Illuminate/Container/Util.php(41): Illuminate/Container/BoundMethod::Illuminate/Container/{closure}()
#34 C:/Users/admin/Desktop/flutter/ecommerce_java/lib/ecommerce-project/vendor/laravel/framework/src/Illuminate/Container/BoundMethod.php(93): Illuminate/Container/Util::unwrapIfClosure(Object(Closure))
#35 C:/Users/admin/Desktop/flutter/ecommerce_java/lib/ecommerce-project/vendor/laravel/framework/src/Illuminate/Container/BoundMethod.php(35): Illuminate/Container/BoundMethod::callBoundMethod(Object(Illuminate/Foundation/Application), Array, Object(Closure))
#36 C:/Users/admin/Desktop/flutter/ecommerce_java/lib/ecommerce-project/vendor/laravel/framework/src/Illuminate/Container/Container.php(662): Illuminate/Container/BoundMethod::call(Object(Illuminate/Foundation/Application), Array, Array, NULL)
#37 C:/Users/admin/Desktop/flutter/ecommerce_java/lib/ecommerce-project/vendor/laravel/framework/src/Illuminate/Console/Command.php(211): Illuminate/Container/Container->call(Array)
#38 C:/Users/admin/Desktop/flutter/ecommerce_java/lib/ecommerce-project/vendor/symfony/console/Command/Command.php(326): Illuminate/Console/Command->execute(Object(Symfony/Component/Console/Input/ArgvInput), Object(Illuminate/Console/OutputStyle))
#39 C:/Users/admin/Desktop/flutter/ecommerce_java/lib/ecommerce-project/vendor/laravel/framework/src/Illuminate/Console/Command.php(180): Symfony/Component/Console/Command/Command->run(Object(Symfony/Component/Console/Input/ArgvInput), Object(Illuminate/Console/OutputStyle))
#40 C:/Users/admin/Desktop/flutter/ecommerce_java/lib/ecommerce-project/vendor/symfony/console/Application.php(1121): Illuminate/Console/Command->run(Object(Symfony/Component/Console/Input/ArgvInput), Object(Symfony/Component/Console/Output/ConsoleOutput))
#41 C:/Users/admin/Desktop/flutter/ecommerce_java/lib/ecommerce-project/vendor/symfony/console/Application.php(324): Symfony/Component/Console/Application->doRunCommand(Object(Illuminate/Database/Console/Migrations/FreshCommand), Object(Symfony/Component/Console/Input/ArgvInput), Object(Symfony/Component/Console/Output/ConsoleOutput))
#42 C:/Users/admin/Desktop/flutter/ecommerce_java/lib/ecommerce-project/vendor/symfony/console/Application.php(175): Symfony/Component/Console/Application->doRun(Object(Symfony/Component/Console/Input/ArgvInput), Object(Symfony/Component/Console/Output/ConsoleOutput))
#43 C:/Users/admin/Desktop/flutter/ecommerce_java/lib/ecommerce-project/vendor/laravel/framework/src/Illuminate/Foundation/Console/Kernel.php(201): Symfony/Component/Console/Application->run(Object(Symfony/Component/Console/Input/ArgvInput), Object(Symfony/Component/Console/Output/ConsoleOutput))
#44 C:/Users/admin/Desktop/flutter/ecommerce_java/lib/ecommerce-project/artisan(35): Illuminate/Foundation/Console/Kernel->handle(Object(Symfony/Component/Console/Input/ArgvInput), Object(Symfony/Component/Console/Output/ConsoleOutput))
#45 {main}
"} 
[2026-07-06 16:39:43] local.ERROR: SQLSTATE[HY000]: General error: 1824 Failed to open the referenced table 'orders' (Connection: mysql, SQL: alter table `order_items` add constraint `order_items_order_id_foreign` foreign key (`order_id`) references `orders` (`id`) on delete cascade) {"exception":"[object] (Illuminate\\Database\\QueryException(code: HY000): SQLSTATE[HY000]: General error: 1824 Failed to open the referenced table 'orders' (Connection: mysql, SQL: alter table `order_items` add constraint `order_items_order_id_foreign` foreign key (`order_id`) references `orders` (`id`) on delete cascade) at C:/Users/admin/Desktop/flutter/ecommerce_java/lib/ecommerce-project/vendor/laravel/framework/src/Illuminate/Database/Connection.php:829)
[stacktrace]
#0 C:/Users/admin/Desktop/flutter/ecommerce_java/lib/ecommerce-project/vendor/laravel/framework/src/Illuminate/Database/Connection.php(783): Illuminate/Database/Connection->runQueryCallback('alter table `or...', Array, Object(Closure))
#1 C:/Users/admin/Desktop/flutter/ecommerce_java/lib/ecommerce-project/vendor/laravel/framework/src/Illuminate/Database/Connection.php(576): Illuminate/Database/Connection->run('alter table `or...', Array, Object(Closure))
#2 C:/Users/admin/Desktop/flutter/ecommerce_java/lib/ecommerce-project/vendor/laravel/framework/src/Illuminate/Database/Schema/Blueprint.php(110): Illuminate/Database/Connection->statement('alter table `or...')
#3 C:/Users/admin/Desktop/flutter/ecommerce_java/lib/ecommerce-project/vendor/laravel/framework/src/Illuminate/Database/Schema/Builder.php(602): Illuminate/Database/Schema/Blueprint->build(Object(Illuminate/Database/MySqlConnection), Object(Illuminate/Database/Schema/Grammars/MySqlGrammar))
#4 C:/Users/admin/Desktop/flutter/ecommerce_java/lib/ecommerce-project/vendor/laravel/framework/src/Illuminate/Database/Schema/Builder.php(456): Illuminate/Database/Schema/Builder->build(Object(Illuminate/Database/Schema/Blueprint))
#5 C:/Users/admin/Desktop/flutter/ecommerce_java/lib/ecommerce-project/vendor/laravel/framework/src/Illuminate/Support/Facades/Facade.php(355): Illuminate/Database/Schema/Builder->create('order_items', Object(Closure))
#6 C:/Users/admin/Desktop/flutter/ecommerce_java/lib/ecommerce-project/database/migrations/2026_07_06_122554_create_order_items_table.php(14): Illuminate/Support/Facades/Facade::__callStatic('create', Array)
#7 C:/Users/admin/Desktop/flutter/ecommerce_java/lib/ecommerce-project/vendor/laravel/framework/src/Illuminate/Database/Migrations/Migrator.php(501): Illuminate/Database/Migrations/Migration@anonymous->up()
#8 C:/Users/admin/Desktop/flutter/ecommerce_java/lib/ecommerce-project/vendor/laravel/framework/src/Illuminate/Database/Migrations/Migrator.php(418): Illuminate/Database/Migrations/Migrator->runMethod(Object(Illuminate/Database/MySqlConnection), Object(Illuminate/Database/Migrations/Migration@anonymous), 'up')
#9 C:/Users/admin/Desktop/flutter/ecommerce_java/lib/ecommerce-project/vendor/laravel/framework/src/Illuminate/Database/Migrations/Migrator.php(427): Illuminate/Database/Migrations/Migrator->Illuminate/Database/Migrations/{closure}()
#10 C:/Users/admin/Desktop/flutter/ecommerce_java/lib/ecommerce-project/vendor/laravel/framework/src/Illuminate/Database/Migrations/Migrator.php(224): Illuminate/Database/Migrations/Migrator->runMigration(Object(Illuminate/Database/Migrations/Migration@anonymous), 'up')
#11 C:/Users/admin/Desktop/flutter/ecommerce_java/lib/ecommerce-project/vendor/laravel/framework/src/Illuminate/Console/View/Components/Task.php(37): Illuminate/Database/Migrations/Migrator->Illuminate/Database/Migrations/{closure}()
#12 C:/Users/admin/Desktop/flutter/ecommerce_java/lib/ecommerce-project/vendor/laravel/framework/src/Illuminate/Database/Migrations/Migrator.php(783): Illuminate/Console/View/Components/Task->render('2026_07_06_1225...', Object(Closure))
#13 C:/Users/admin/Desktop/flutter/ecommerce_java/lib/ecommerce-project/vendor/laravel/framework/src/Illuminate/Database/Migrations/Migrator.php(224): Illuminate/Database/Migrations/Migrator->write('Illuminate//Cons...', '2026_07_06_1225...', Object(Closure))
#14 C:/Users/admin/Desktop/flutter/ecommerce_java/lib/ecommerce-project/vendor/laravel/framework/src/Illuminate/Database/Migrations/Migrator.php(189): Illuminate/Database/Migrations/Migrator->runUp('C://Users//admin//...', 1, false)
#15 C:/Users/admin/Desktop/flutter/ecommerce_java/lib/ecommerce-project/vendor/laravel/framework/src/Illuminate/Database/Migrations/Migrator.php(132): Illuminate/Database/Migrations/Migrator->runPending(Array, Array)
#16 C:/Users/admin/Desktop/flutter/ecommerce_java/lib/ecommerce-project/vendor/laravel/framework/src/Illuminate/Database/Console/Migrations/MigrateCommand.php(90): Illuminate/Database/Migrations/Migrator->run(Array, Array)
#17 C:/Users/admin/Desktop/flutter/ecommerce_java/lib/ecommerce-project/vendor/laravel/framework/src/Illuminate/Database/Migrations/Migrator.php(641): Illuminate/Database/Console/Migrations/MigrateCommand->Illuminate/Database/Console/Migrations/{closure}()
#18 C:/Users/admin/Desktop/flutter/ecommerce_java/lib/ecommerce-project/vendor/laravel/framework/src/Illuminate/Database/Console/Migrations/MigrateCommand.php(83): Illuminate/Database/Migrations/Migrator->usingConnection(NULL, Object(Closure))
#19 C:/Users/admin/Desktop/flutter/ecommerce_java/lib/ecommerce-project/vendor/laravel/framework/src/Illuminate/Container/BoundMethod.php(36): Illuminate/Database/Console/Migrations/MigrateCommand->handle()
#20 C:/Users/admin/Desktop/flutter/ecommerce_java/lib/ecommerce-project/vendor/laravel/framework/src/Illuminate/Container/Util.php(41): Illuminate/Container/BoundMethod::Illuminate/Container/{closure}()
#21 C:/Users/admin/Desktop/flutter/ecommerce_java/lib/ecommerce-project/vendor/laravel/framework/src/Illuminate/Container/BoundMethod.php(93): Illuminate/Container/Util::unwrapIfClosure(Object(Closure))
#22 C:/Users/admin/Desktop/flutter/ecommerce_java/lib/ecommerce-project/vendor/laravel/framework/src/Illuminate/Container/BoundMethod.php(35): Illuminate/Container/BoundMethod::callBoundMethod(Object(Illuminate/Foundation/Application), Array, Object(Closure))
#23 C:/Users/admin/Desktop/flutter/ecommerce_java/lib/ecommerce-project/vendor/laravel/framework/src/Illuminate/Container/Container.php(662): Illuminate/Container/BoundMethod::call(Object(Illuminate/Foundation/Application), Array, Array, NULL)
#24 C:/Users/admin/Desktop/flutter/ecommerce_java/lib/ecommerce-project/vendor/laravel/framework/src/Illuminate/Console/Command.php(211): Illuminate/Container/Container->call(Array)
#25 C:/Users/admin/Desktop/flutter/ecommerce_java/lib/ecommerce-project/vendor/symfony/console/Command/Command.php(326): Illuminate/Console/Command->execute(Object(Symfony/Component/Console/Input/ArrayInput), Object(Illuminate/Console/OutputStyle))
#26 C:/Users/admin/Desktop/flutter/ecommerce_java/lib/ecommerce-project/vendor/laravel/framework/src/Illuminate/Console/Command.php(180): Symfony/Component/Console/Command/Command->run(Object(Symfony/Component/Console/Input/ArrayInput), Object(Illuminate/Console/OutputStyle))
#27 C:/Users/admin/Desktop/flutter/ecommerce_java/lib/ecommerce-project/vendor/laravel/framework/src/Illuminate/Console/Concerns/CallsCommands.php(67): Illuminate/Console/Command->run(Object(Symfony/Component/Console/Input/ArrayInput), Object(Illuminate/Console/OutputStyle))
#28 C:/Users/admin/Desktop/flutter/ecommerce_java/lib/ecommerce-project/vendor/laravel/framework/src/Illuminate/Console/Concerns/CallsCommands.php(28): Illuminate/Console/Command->runCommand('migrate', Array, Object(Illuminate/Console/OutputStyle))
#29 C:/Users/admin/Desktop/flutter/ecommerce_java/lib/ecommerce-project/vendor/laravel/framework/src/Illuminate/Database/Console/Migrations/FreshCommand.php(53): Illuminate/Console/Command->call('migrate', Array)
#30 C:/Users/admin/Desktop/flutter/ecommerce_java/lib/ecommerce-project/vendor/laravel/framework/src/Illuminate/Container/BoundMethod.php(36): Illuminate/Database/Console/Migrations/FreshCommand->handle()
#31 C:/Users/admin/Desktop/flutter/ecommerce_java/lib/ecommerce-project/vendor/laravel/framework/src/Illuminate/Container/Util.php(41): Illuminate/Container/BoundMethod::Illuminate/Container/{closure}()
#32 C:/Users/admin/Desktop/flutter/ecommerce_java/lib/ecommerce-project/vendor/laravel/framework/src/Illuminate/Container/BoundMethod.php(93): Illuminate/Container/Util::unwrapIfClosure(Object(Closure))
#33 C:/Users/admin/Desktop/flutter/ecommerce_java/lib/ecommerce-project/vendor/laravel/framework/src/Illuminate/Container/BoundMethod.php(35): Illuminate/Container/BoundMethod::callBoundMethod(Object(Illuminate/Foundation/Application), Array, Object(Closure))
#34 C:/Users/admin/Desktop/flutter/ecommerce_java/lib/ecommerce-project/vendor/laravel/framework/src/Illuminate/Container/Container.php(662): Illuminate/Container/BoundMethod::call(Object(Illuminate/Foundation/Application), Array, Array, NULL)
#35 C:/Users/admin/Desktop/flutter/ecommerce_java/lib/ecommerce-project/vendor/laravel/framework/src/Illuminate/Console/Command.php(211): Illuminate/Container/Container->call(Array)
#36 C:/Users/admin/Desktop/flutter/ecommerce_java/lib/ecommerce-project/vendor/symfony/console/Command/Command.php(326): Illuminate/Console/Command->execute(Object(Symfony/Component/Console/Input/ArgvInput), Object(Illuminate/Console/OutputStyle))
#37 C:/Users/admin/Desktop/flutter/ecommerce_java/lib/ecommerce-project/vendor/laravel/framework/src/Illuminate/Console/Command.php(180): Symfony/Component/Console/Command/Command->run(Object(Symfony/Component/Console/Input/ArgvInput), Object(Illuminate/Console/OutputStyle))
#38 C:/Users/admin/Desktop/flutter/ecommerce_java/lib/ecommerce-project/vendor/symfony/console/Application.php(1121): Illuminate/Console/Command->run(Object(Symfony/Component/Console/Input/ArgvInput), Object(Symfony/Component/Console/Output/ConsoleOutput))
#39 C:/Users/admin/Desktop/flutter/ecommerce_java/lib/ecommerce-project/vendor/symfony/console/Application.php(324): Symfony/Component/Console/Application->doRunCommand(Object(Illuminate/Database/Console/Migrations/FreshCommand), Object(Symfony/Component/Console/Input/ArgvInput), Object(Symfony/Component/Console/Output/ConsoleOutput))
#40 C:/Users/admin/Desktop/flutter/ecommerce_java/lib/ecommerce-project/vendor/symfony/console/Application.php(175): Symfony/Component/Console/Application->doRun(Object(Symfony/Component/Console/Input/ArgvInput), Object(Symfony/Component/Console/Output/ConsoleOutput))
#41 C:/Users/admin/Desktop/flutter/ecommerce_java/lib/ecommerce-project/vendor/laravel/framework/src/Illuminate/Foundation/Console/Kernel.php(201): Symfony/Component/Console/Application->run(Object(Symfony/Component/Console/Input/ArgvInput), Object(Symfony/Component/Console/Output/ConsoleOutput))
#42 C:/Users/admin/Desktop/flutter/ecommerce_java/lib/ecommerce-project/artisan(35): Illuminate/Foundation/Console/Kernel->handle(Object(Symfony/Component/Console/Input/ArgvInput), Object(Symfony/Component/Console/Output/ConsoleOutput))
#43 {main}

[previous exception] [object] (PDOException(code: HY000): SQLSTATE[HY000]: General error: 1824 Failed to open the referenced table 'orders' at C:/Users/admin/Desktop/flutter/ecommerce_java/lib/ecommerce-project/vendor/laravel/framework/src/Illuminate/Database/Connection.php:587)
[stacktrace]
#0 C:/Users/admin/Desktop/flutter/ecommerce_java/lib/ecommerce-project/vendor/laravel/framework/src/Illuminate/Database/Connection.php(587): PDOStatement->execute()
#1 C:/Users/admin/Desktop/flutter/ecommerce_java/lib/ecommerce-project/vendor/laravel/framework/src/Illuminate/Database/Connection.php(816): Illuminate/Database/Connection->Illuminate/Database/{closure}('alter table `or...', Array)
#2 C:/Users/admin/Desktop/flutter/ecommerce_java/lib/ecommerce-project/vendor/laravel/framework/src/Illuminate/Database/Connection.php(783): Illuminate/Database/Connection->runQueryCallback('alter table `or...', Array, Object(Closure))
#3 C:/Users/admin/Desktop/flutter/ecommerce_java/lib/ecommerce-project/vendor/laravel/framework/src/Illuminate/Database/Connection.php(576): Illuminate/Database/Connection->run('alter table `or...', Array, Object(Closure))
#4 C:/Users/admin/Desktop/flutter/ecommerce_java/lib/ecommerce-project/vendor/laravel/framework/src/Illuminate/Database/Schema/Blueprint.php(110): Illuminate/Database/Connection->statement('alter table `or...')
#5 C:/Users/admin/Desktop/flutter/ecommerce_java/lib/ecommerce-project/vendor/laravel/framework/src/Illuminate/Database/Schema/Builder.php(602): Illuminate/Database/Schema/Blueprint->build(Object(Illuminate/Database/MySqlConnection), Object(Illuminate/Database/Schema/Grammars/MySqlGrammar))
#6 C:/Users/admin/Desktop/flutter/ecommerce_java/lib/ecommerce-project/vendor/laravel/framework/src/Illuminate/Database/Schema/Builder.php(456): Illuminate/Database/Schema/Builder->build(Object(Illuminate/Database/Schema/Blueprint))
#7 C:/Users/admin/Desktop/flutter/ecommerce_java/lib/ecommerce-project/vendor/laravel/framework/src/Illuminate/Support/Facades/Facade.php(355): Illuminate/Database/Schema/Builder->create('order_items', Object(Closure))
#8 C:/Users/admin/Desktop/flutter/ecommerce_java/lib/ecommerce-project/database/migrations/2026_07_06_122554_create_order_items_table.php(14): Illuminate/Support/Facades/Facade::__callStatic('create', Array)
#9 C:/Users/admin/Desktop/flutter/ecommerce_java/lib/ecommerce-project/vendor/laravel/framework/src/Illuminate/Database/Migrations/Migrator.php(501): Illuminate/Database/Migrations/Migration@anonymous->up()
#10 C:/Users/admin/Desktop/flutter/ecommerce_java/lib/ecommerce-project/vendor/laravel/framework/src/Illuminate/Database/Migrations/Migrator.php(418): Illuminate/Database/Migrations/Migrator->runMethod(Object(Illuminate/Database/MySqlConnection), Object(Illuminate/Database/Migrations/Migration@anonymous), 'up')
#11 C:/Users/admin/Desktop/flutter/ecommerce_java/lib/ecommerce-project/vendor/laravel/framework/src/Illuminate/Database/Migrations/Migrator.php(427): Illuminate/Database/Migrations/Migrator->Illuminate/Database/Migrations/{closure}()
#12 C:/Users/admin/Desktop/flutter/ecommerce_java/lib/ecommerce-project/vendor/laravel/framework/src/Illuminate/Database/Migrations/Migrator.php(224): Illuminate/Database/Migrations/Migrator->runMigration(Object(Illuminate/Database/Migrations/Migration@anonymous), 'up')
#13 C:/Users/admin/Desktop/flutter/ecommerce_java/lib/ecommerce-project/vendor/laravel/framework/src/Illuminate/Console/View/Components/Task.php(37): Illuminate/Database/Migrations/Migrator->Illuminate/Database/Migrations/{closure}()
#14 C:/Users/admin/Desktop/flutter/ecommerce_java/lib/ecommerce-project/vendor/laravel/framework/src/Illuminate/Database/Migrations/Migrator.php(783): Illuminate/Console/View/Components/Task->render('2026_07_06_1225...', Object(Closure))
#15 C:/Users/admin/Desktop/flutter/ecommerce_java/lib/ecommerce-project/vendor/laravel/framework/src/Illuminate/Database/Migrations/Migrator.php(224): Illuminate/Database/Migrations/Migrator->write('Illuminate//Cons...', '2026_07_06_1225...', Object(Closure))
#16 C:/Users/admin/Desktop/flutter/ecommerce_java/lib/ecommerce-project/vendor/laravel/framework/src/Illuminate/Database/Migrations/Migrator.php(189): Illuminate/Database/Migrations/Migrator->runUp('C://Users//admin//...', 1, false)
#17 C:/Users/admin/Desktop/flutter/ecommerce_java/lib/ecommerce-project/vendor/laravel/framework/src/Illuminate/Database/Migrations/Migrator.php(132): Illuminate/Database/Migrations/Migrator->runPending(Array, Array)
#18 C:/Users/admin/Desktop/flutter/ecommerce_java/lib/ecommerce-project/vendor/laravel/framework/src/Illuminate/Database/Console/Migrations/MigrateCommand.php(90): Illuminate/Database/Migrations/Migrator->run(Array, Array)
#19 C:/Users/admin/Desktop/flutter/ecommerce_java/lib/ecommerce-project/vendor/laravel/framework/src/Illuminate/Database/Migrations/Migrator.php(641): Illuminate/Database/Console/Migrations/MigrateCommand->Illuminate/Database/Console/Migrations/{closure}()
#20 C:/Users/admin/Desktop/flutter/ecommerce_java/lib/ecommerce-project/vendor/laravel/framework/src/Illuminate/Database/Console/Migrations/MigrateCommand.php(83): Illuminate/Database/Migrations/Migrator->usingConnection(NULL, Object(Closure))
#21 C:/Users/admin/Desktop/flutter/ecommerce_java/lib/ecommerce-project/vendor/laravel/framework/src/Illuminate/Container/BoundMethod.php(36): Illuminate/Database/Console/Migrations/MigrateCommand->handle()
#22 C:/Users/admin/Desktop/flutter/ecommerce_java/lib/ecommerce-project/vendor/laravel/framework/src/Illuminate/Container/Util.php(41): Illuminate/Container/BoundMethod::Illuminate/Container/{closure}()
#23 C:/Users/admin/Desktop/flutter/ecommerce_java/lib/ecommerce-project/vendor/laravel/framework/src/Illuminate/Container/BoundMethod.php(93): Illuminate/Container/Util::unwrapIfClosure(Object(Closure))
#24 C:/Users/admin/Desktop/flutter/ecommerce_java/lib/ecommerce-project/vendor/laravel/framework/src/Illuminate/Container/BoundMethod.php(35): Illuminate/Container/BoundMethod::callBoundMethod(Object(Illuminate/Foundation/Application), Array, Object(Closure))
#25 C:/Users/admin/Desktop/flutter/ecommerce_java/lib/ecommerce-project/vendor/laravel/framework/src/Illuminate/Container/Container.php(662): Illuminate/Container/BoundMethod::call(Object(Illuminate/Foundation/Application), Array, Array, NULL)
#26 C:/Users/admin/Desktop/flutter/ecommerce_java/lib/ecommerce-project/vendor/laravel/framework/src/Illuminate/Console/Command.php(211): Illuminate/Container/Container->call(Array)
#27 C:/Users/admin/Desktop/flutter/ecommerce_java/lib/ecommerce-project/vendor/symfony/console/Command/Command.php(326): Illuminate/Console/Command->execute(Object(Symfony/Component/Console/Input/ArrayInput), Object(Illuminate/Console/OutputStyle))
#28 C:/Users/admin/Desktop/flutter/ecommerce_java/lib/ecommerce-project/vendor/laravel/framework/src/Illuminate/Console/Command.php(180): Symfony/Component/Console/Command/Command->run(Object(Symfony/Component/Console/Input/ArrayInput), Object(Illuminate/Console/OutputStyle))
#29 C:/Users/admin/Desktop/flutter/ecommerce_java/lib/ecommerce-project/vendor/laravel/framework/src/Illuminate/Console/Concerns/CallsCommands.php(67): Illuminate/Console/Command->run(Object(Symfony/Component/Console/Input/ArrayInput), Object(Illuminate/Console/OutputStyle))
#30 C:/Users/admin/Desktop/flutter/ecommerce_java/lib/ecommerce-project/vendor/laravel/framework/src/Illuminate/Console/Concerns/CallsCommands.php(28): Illuminate/Console/Command->runCommand('migrate', Array, Object(Illuminate/Console/OutputStyle))
#31 C:/Users/admin/Desktop/flutter/ecommerce_java/lib/ecommerce-project/vendor/laravel/framework/src/Illuminate/Database/Console/Migrations/FreshCommand.php(53): Illuminate/Console/Command->call('migrate', Array)
#32 C:/Users/admin/Desktop/flutter/ecommerce_java/lib/ecommerce-project/vendor/laravel/framework/src/Illuminate/Container/BoundMethod.php(36): Illuminate/Database/Console/Migrations/FreshCommand->handle()
#33 C:/Users/admin/Desktop/flutter/ecommerce_java/lib/ecommerce-project/vendor/laravel/framework/src/Illuminate/Container/Util.php(41): Illuminate/Container/BoundMethod::Illuminate/Container/{closure}()
#34 C:/Users/admin/Desktop/flutter/ecommerce_java/lib/ecommerce-project/vendor/laravel/framework/src/Illuminate/Container/BoundMethod.php(93): Illuminate/Container/Util::unwrapIfClosure(Object(Closure))
#35 C:/Users/admin/Desktop/flutter/ecommerce_java/lib/ecommerce-project/vendor/laravel/framework/src/Illuminate/Container/BoundMethod.php(35): Illuminate/Container/BoundMethod::callBoundMethod(Object(Illuminate/Foundation/Application), Array, Object(Closure))
#36 C:/Users/admin/Desktop/flutter/ecommerce_java/lib/ecommerce-project/vendor/laravel/framework/src/Illuminate/Container/Container.php(662): Illuminate/Container/BoundMethod::call(Object(Illuminate/Foundation/Application), Array, Array, NULL)
#37 C:/Users/admin/Desktop/flutter/ecommerce_java/lib/ecommerce-project/vendor/laravel/framework/src/Illuminate/Console/Command.php(211): Illuminate/Container/Container->call(Array)
#38 C:/Users/admin/Desktop/flutter/ecommerce_java/lib/ecommerce-project/vendor/symfony/console/Command/Command.php(326): Illuminate/Console/Command->execute(Object(Symfony/Component/Console/Input/ArgvInput), Object(Illuminate/Console/OutputStyle))
#39 C:/Users/admin/Desktop/flutter/ecommerce_java/lib/ecommerce-project/vendor/laravel/framework/src/Illuminate/Console/Command.php(180): Symfony/Component/Console/Command/Command->run(Object(Symfony/Component/Console/Input/ArgvInput), Object(Illuminate/Console/OutputStyle))
#40 C:/Users/admin/Desktop/flutter/ecommerce_java/lib/ecommerce-project/vendor/symfony/console/Application.php(1121): Illuminate/Console/Command->run(Object(Symfony/Component/Console/Input/ArgvInput), Object(Symfony/Component/Console/Output/ConsoleOutput))
#41 C:/Users/admin/Desktop/flutter/ecommerce_java/lib/ecommerce-project/vendor/symfony/console/Application.php(324): Symfony/Component/Console/Application->doRunCommand(Object(Illuminate/Database/Console/Migrations/FreshCommand), Object(Symfony/Component/Console/Input/ArgvInput), Object(Symfony/Component/Console/Output/ConsoleOutput))
#42 C:/Users/admin/Desktop/flutter/ecommerce_java/lib/ecommerce-project/vendor/symfony/console/Application.php(175): Symfony/Component/Console/Application->doRun(Object(Symfony/Component/Console/Input/ArgvInput), Object(Symfony/Component/Console/Output/ConsoleOutput))
#43 C:/Users/admin/Desktop/flutter/ecommerce_java/lib/ecommerce-project/vendor/laravel/framework/src/Illuminate/Foundation/Console/Kernel.php(201): Symfony/Component/Console/Application->run(Object(Symfony/Component/Console/Input/ArgvInput), Object(Symfony/Component/Console/Output/ConsoleOutput))
#44 C:/Users/admin/Desktop/flutter/ecommerce_java/lib/ecommerce-project/artisan(35): Illuminate/Foundation/Console/Kernel->handle(Object(Symfony/Component/Console/Input/ArgvInput), Object(Symfony/Component/Console/Output/ConsoleOutput))
#45 {main}
"} 
[2026-07-06 16:40:30] local.ERROR: SQLSTATE[HY000]: General error: 1824 Failed to open the referenced table 'products' (Connection: mysql, SQL: alter table `reviews` add constraint `reviews_product_id_foreign` foreign key (`product_id`) references `products` (`id`) on delete cascade) {"exception":"[object] (Illuminate\\Database\\QueryException(code: HY000): SQLSTATE[HY000]: General error: 1824 Failed to open the referenced table 'products' (Connection: mysql, SQL: alter table `reviews` add constraint `reviews_product_id_foreign` foreign key (`product_id`) references `products` (`id`) on delete cascade) at C:/Users/admin/Desktop/flutter/ecommerce_java/lib/ecommerce-project/vendor/laravel/framework/src/Illuminate/Database/Connection.php:829)
[stacktrace]
#0 C:/Users/admin/Desktop/flutter/ecommerce_java/lib/ecommerce-project/vendor/laravel/framework/src/Illuminate/Database/Connection.php(783): Illuminate/Database/Connection->runQueryCallback('alter table `re...', Array, Object(Closure))
#1 C:/Users/admin/Desktop/flutter/ecommerce_java/lib/ecommerce-project/vendor/laravel/framework/src/Illuminate/Database/Connection.php(576): Illuminate/Database/Connection->run('alter table `re...', Array, Object(Closure))
#2 C:/Users/admin/Desktop/flutter/ecommerce_java/lib/ecommerce-project/vendor/laravel/framework/src/Illuminate/Database/Schema/Blueprint.php(110): Illuminate/Database/Connection->statement('alter table `re...')
#3 C:/Users/admin/Desktop/flutter/ecommerce_java/lib/ecommerce-project/vendor/laravel/framework/src/Illuminate/Database/Schema/Builder.php(602): Illuminate/Database/Schema/Blueprint->build(Object(Illuminate/Database/MySqlConnection), Object(Illuminate/Database/Schema/Grammars/MySqlGrammar))
#4 C:/Users/admin/Desktop/flutter/ecommerce_java/lib/ecommerce-project/vendor/laravel/framework/src/Illuminate/Database/Schema/Builder.php(456): Illuminate/Database/Schema/Builder->build(Object(Illuminate/Database/Schema/Blueprint))
#5 C:/Users/admin/Desktop/flutter/ecommerce_java/lib/ecommerce-project/vendor/laravel/framework/src/Illuminate/Support/Facades/Facade.php(355): Illuminate/Database/Schema/Builder->create('reviews', Object(Closure))
#6 C:/Users/admin/Desktop/flutter/ecommerce_java/lib/ecommerce-project/database/migrations/2026_07_06_122556_create_reviews_table.php(14): Illuminate/Support/Facades/Facade::__callStatic('create', Array)
#7 C:/Users/admin/Desktop/flutter/ecommerce_java/lib/ecommerce-project/vendor/laravel/framework/src/Illuminate/Database/Migrations/Migrator.php(501): Illuminate/Database/Migrations/Migration@anonymous->up()
#8 C:/Users/admin/Desktop/flutter/ecommerce_java/lib/ecommerce-project/vendor/laravel/framework/src/Illuminate/Database/Migrations/Migrator.php(418): Illuminate/Database/Migrations/Migrator->runMethod(Object(Illuminate/Database/MySqlConnection), Object(Illuminate/Database/Migrations/Migration@anonymous), 'up')
#9 C:/Users/admin/Desktop/flutter/ecommerce_java/lib/ecommerce-project/vendor/laravel/framework/src/Illuminate/Database/Migrations/Migrator.php(427): Illuminate/Database/Migrations/Migrator->Illuminate/Database/Migrations/{closure}()
#10 C:/Users/admin/Desktop/flutter/ecommerce_java/lib/ecommerce-project/vendor/laravel/framework/src/Illuminate/Database/Migrations/Migrator.php(224): Illuminate/Database/Migrations/Migrator->runMigration(Object(Illuminate/Database/Migrations/Migration@anonymous), 'up')
#11 C:/Users/admin/Desktop/flutter/ecommerce_java/lib/ecommerce-project/vendor/laravel/framework/src/Illuminate/Console/View/Components/Task.php(37): Illuminate/Database/Migrations/Migrator->Illuminate/Database/Migrations/{closure}()
#12 C:/Users/admin/Desktop/flutter/ecommerce_java/lib/ecommerce-project/vendor/laravel/framework/src/Illuminate/Database/Migrations/Migrator.php(783): Illuminate/Console/View/Components/Task->render('2026_07_06_1225...', Object(Closure))
#13 C:/Users/admin/Desktop/flutter/ecommerce_java/lib/ecommerce-project/vendor/laravel/framework/src/Illuminate/Database/Migrations/Migrator.php(224): Illuminate/Database/Migrations/Migrator->write('Illuminate//Cons...', '2026_07_06_1225...', Object(Closure))
#14 C:/Users/admin/Desktop/flutter/ecommerce_java/lib/ecommerce-project/vendor/laravel/framework/src/Illuminate/Database/Migrations/Migrator.php(189): Illuminate/Database/Migrations/Migrator->runUp('C://Users//admin//...', 1, false)
#15 C:/Users/admin/Desktop/flutter/ecommerce_java/lib/ecommerce-project/vendor/laravel/framework/src/Illuminate/Database/Migrations/Migrator.php(132): Illuminate/Database/Migrations/Migrator->runPending(Array, Array)
#16 C:/Users/admin/Desktop/flutter/ecommerce_java/lib/ecommerce-project/vendor/laravel/framework/src/Illuminate/Database/Console/Migrations/MigrateCommand.php(90): Illuminate/Database/Migrations/Migrator->run(Array, Array)
#17 C:/Users/admin/Desktop/flutter/ecommerce_java/lib/ecommerce-project/vendor/laravel/framework/src/Illuminate/Database/Migrations/Migrator.php(641): Illuminate/Database/Console/Migrations/MigrateCommand->Illuminate/Database/Console/Migrations/{closure}()
#18 C:/Users/admin/Desktop/flutter/ecommerce_java/lib/ecommerce-project/vendor/laravel/framework/src/Illuminate/Database/Console/Migrations/MigrateCommand.php(83): Illuminate/Database/Migrations/Migrator->usingConnection(NULL, Object(Closure))
#19 C:/Users/admin/Desktop/flutter/ecommerce_java/lib/ecommerce-project/vendor/laravel/framework/src/Illuminate/Container/BoundMethod.php(36): Illuminate/Database/Console/Migrations/MigrateCommand->handle()
#20 C:/Users/admin/Desktop/flutter/ecommerce_java/lib/ecommerce-project/vendor/laravel/framework/src/Illuminate/Container/Util.php(41): Illuminate/Container/BoundMethod::Illuminate/Container/{closure}()
#21 C:/Users/admin/Desktop/flutter/ecommerce_java/lib/ecommerce-project/vendor/laravel/framework/src/Illuminate/Container/BoundMethod.php(93): Illuminate/Container/Util::unwrapIfClosure(Object(Closure))
#22 C:/Users/admin/Desktop/flutter/ecommerce_java/lib/ecommerce-project/vendor/laravel/framework/src/Illuminate/Container/BoundMethod.php(35): Illuminate/Container/BoundMethod::callBoundMethod(Object(Illuminate/Foundation/Application), Array, Object(Closure))
#23 C:/Users/admin/Desktop/flutter/ecommerce_java/lib/ecommerce-project/vendor/laravel/framework/src/Illuminate/Container/Container.php(662): Illuminate/Container/BoundMethod::call(Object(Illuminate/Foundation/Application), Array, Array, NULL)
#24 C:/Users/admin/Desktop/flutter/ecommerce_java/lib/ecommerce-project/vendor/laravel/framework/src/Illuminate/Console/Command.php(211): Illuminate/Container/Container->call(Array)
#25 C:/Users/admin/Desktop/flutter/ecommerce_java/lib/ecommerce-project/vendor/symfony/console/Command/Command.php(326): Illuminate/Console/Command->execute(Object(Symfony/Component/Console/Input/ArrayInput), Object(Illuminate/Console/OutputStyle))
#26 C:/Users/admin/Desktop/flutter/ecommerce_java/lib/ecommerce-project/vendor/laravel/framework/src/Illuminate/Console/Command.php(180): Symfony/Component/Console/Command/Command->run(Object(Symfony/Component/Console/Input/ArrayInput), Object(Illuminate/Console/OutputStyle))
#27 C:/Users/admin/Desktop/flutter/ecommerce_java/lib/ecommerce-project/vendor/laravel/framework/src/Illuminate/Console/Concerns/CallsCommands.php(67): Illuminate/Console/Command->run(Object(Symfony/Component/Console/Input/ArrayInput), Object(Illuminate/Console/OutputStyle))
#28 C:/Users/admin/Desktop/flutter/ecommerce_java/lib/ecommerce-project/vendor/laravel/framework/src/Illuminate/Console/Concerns/CallsCommands.php(28): Illuminate/Console/Command->runCommand('migrate', Array, Object(Illuminate/Console/OutputStyle))
#29 C:/Users/admin/Desktop/flutter/ecommerce_java/lib/ecommerce-project/vendor/laravel/framework/src/Illuminate/Database/Console/Migrations/FreshCommand.php(53): Illuminate/Console/Command->call('migrate', Array)
#30 C:/Users/admin/Desktop/flutter/ecommerce_java/lib/ecommerce-project/vendor/laravel/framework/src/Illuminate/Container/BoundMethod.php(36): Illuminate/Database/Console/Migrations/FreshCommand->handle()
#31 C:/Users/admin/Desktop/flutter/ecommerce_java/lib/ecommerce-project/vendor/laravel/framework/src/Illuminate/Container/Util.php(41): Illuminate/Container/BoundMethod::Illuminate/Container/{closure}()
#32 C:/Users/admin/Desktop/flutter/ecommerce_java/lib/ecommerce-project/vendor/laravel/framework/src/Illuminate/Container/BoundMethod.php(93): Illuminate/Container/Util::unwrapIfClosure(Object(Closure))
#33 C:/Users/admin/Desktop/flutter/ecommerce_java/lib/ecommerce-project/vendor/laravel/framework/src/Illuminate/Container/BoundMethod.php(35): Illuminate/Container/BoundMethod::callBoundMethod(Object(Illuminate/Foundation/Application), Array, Object(Closure))
#34 C:/Users/admin/Desktop/flutter/ecommerce_java/lib/ecommerce-project/vendor/laravel/framework/src/Illuminate/Container/Container.php(662): Illuminate/Container/BoundMethod::call(Object(Illuminate/Foundation/Application), Array, Array, NULL)
#35 C:/Users/admin/Desktop/flutter/ecommerce_java/lib/ecommerce-project/vendor/laravel/framework/src/Illuminate/Console/Command.php(211): Illuminate/Container/Container->call(Array)
#36 C:/Users/admin/Desktop/flutter/ecommerce_java/lib/ecommerce-project/vendor/symfony/console/Command/Command.php(326): Illuminate/Console/Command->execute(Object(Symfony/Component/Console/Input/ArgvInput), Object(Illuminate/Console/OutputStyle))
#37 C:/Users/admin/Desktop/flutter/ecommerce_java/lib/ecommerce-project/vendor/laravel/framework/src/Illuminate/Console/Command.php(180): Symfony/Component/Console/Command/Command->run(Object(Symfony/Component/Console/Input/ArgvInput), Object(Illuminate/Console/OutputStyle))
#38 C:/Users/admin/Desktop/flutter/ecommerce_java/lib/ecommerce-project/vendor/symfony/console/Application.php(1121): Illuminate/Console/Command->run(Object(Symfony/Component/Console/Input/ArgvInput), Object(Symfony/Component/Console/Output/ConsoleOutput))
#39 C:/Users/admin/Desktop/flutter/ecommerce_java/lib/ecommerce-project/vendor/symfony/console/Application.php(324): Symfony/Component/Console/Application->doRunCommand(Object(Illuminate/Database/Console/Migrations/FreshCommand), Object(Symfony/Component/Console/Input/ArgvInput), Object(Symfony/Component/Console/Output/ConsoleOutput))
#40 C:/Users/admin/Desktop/flutter/ecommerce_java/lib/ecommerce-project/vendor/symfony/console/Application.php(175): Symfony/Component/Console/Application->doRun(Object(Symfony/Component/Console/Input/ArgvInput), Object(Symfony/Component/Console/Output/ConsoleOutput))
#41 C:/Users/admin/Desktop/flutter/ecommerce_java/lib/ecommerce-project/vendor/laravel/framework/src/Illuminate/Foundation/Console/Kernel.php(201): Symfony/Component/Console/Application->run(Object(Symfony/Component/Console/Input/ArgvInput), Object(Symfony/Component/Console/Output/ConsoleOutput))
#42 C:/Users/admin/Desktop/flutter/ecommerce_java/lib/ecommerce-project/artisan(35): Illuminate/Foundation/Console/Kernel->handle(Object(Symfony/Component/Console/Input/ArgvInput), Object(Symfony/Component/Console/Output/ConsoleOutput))
#43 {main}

[previous exception] [object] (PDOException(code: HY000): SQLSTATE[HY000]: General error: 1824 Failed to open the referenced table 'products' at C:/Users/admin/Desktop/flutter/ecommerce_java/lib/ecommerce-project/vendor/laravel/framework/src/Illuminate/Database/Connection.php:587)
[stacktrace]
#0 C:/Users/admin/Desktop/flutter/ecommerce_java/lib/ecommerce-project/vendor/laravel/framework/src/Illuminate/Database/Connection.php(587): PDOStatement->execute()
#1 C:/Users/admin/Desktop/flutter/ecommerce_java/lib/ecommerce-project/vendor/laravel/framework/src/Illuminate/Database/Connection.php(816): Illuminate/Database/Connection->Illuminate/Database/{closure}('alter table `re...', Array)
#2 C:/Users/admin/Desktop/flutter/ecommerce_java/lib/ecommerce-project/vendor/laravel/framework/src/Illuminate/Database/Connection.php(783): Illuminate/Database/Connection->runQueryCallback('alter table `re...', Array, Object(Closure))
#3 C:/Users/admin/Desktop/flutter/ecommerce_java/lib/ecommerce-project/vendor/laravel/framework/src/Illuminate/Database/Connection.php(576): Illuminate/Database/Connection->run('alter table `re...', Array, Object(Closure))
#4 C:/Users/admin/Desktop/flutter/ecommerce_java/lib/ecommerce-project/vendor/laravel/framework/src/Illuminate/Database/Schema/Blueprint.php(110): Illuminate/Database/Connection->statement('alter table `re...')
#5 C:/Users/admin/Desktop/flutter/ecommerce_java/lib/ecommerce-project/vendor/laravel/framework/src/Illuminate/Database/Schema/Builder.php(602): Illuminate/Database/Schema/Blueprint->build(Object(Illuminate/Database/MySqlConnection), Object(Illuminate/Database/Schema/Grammars/MySqlGrammar))
#6 C:/Users/admin/Desktop/flutter/ecommerce_java/lib/ecommerce-project/vendor/laravel/framework/src/Illuminate/Database/Schema/Builder.php(456): Illuminate/Database/Schema/Builder->build(Object(Illuminate/Database/Schema/Blueprint))
#7 C:/Users/admin/Desktop/flutter/ecommerce_java/lib/ecommerce-project/vendor/laravel/framework/src/Illuminate/Support/Facades/Facade.php(355): Illuminate/Database/Schema/Builder->create('reviews', Object(Closure))
#8 C:/Users/admin/Desktop/flutter/ecommerce_java/lib/ecommerce-project/database/migrations/2026_07_06_122556_create_reviews_table.php(14): Illuminate/Support/Facades/Facade::__callStatic('create', Array)
#9 C:/Users/admin/Desktop/flutter/ecommerce_java/lib/ecommerce-project/vendor/laravel/framework/src/Illuminate/Database/Migrations/Migrator.php(501): Illuminate/Database/Migrations/Migration@anonymous->up()
#10 C:/Users/admin/Desktop/flutter/ecommerce_java/lib/ecommerce-project/vendor/laravel/framework/src/Illuminate/Database/Migrations/Migrator.php(418): Illuminate/Database/Migrations/Migrator->runMethod(Object(Illuminate/Database/MySqlConnection), Object(Illuminate/Database/Migrations/Migration@anonymous), 'up')
#11 C:/Users/admin/Desktop/flutter/ecommerce_java/lib/ecommerce-project/vendor/laravel/framework/src/Illuminate/Database/Migrations/Migrator.php(427): Illuminate/Database/Migrations/Migrator->Illuminate/Database/Migrations/{closure}()
#12 C:/Users/admin/Desktop/flutter/ecommerce_java/lib/ecommerce-project/vendor/laravel/framework/src/Illuminate/Database/Migrations/Migrator.php(224): Illuminate/Database/Migrations/Migrator->runMigration(Object(Illuminate/Database/Migrations/Migration@anonymous), 'up')
#13 C:/Users/admin/Desktop/flutter/ecommerce_java/lib/ecommerce-project/vendor/laravel/framework/src/Illuminate/Console/View/Components/Task.php(37): Illuminate/Database/Migrations/Migrator->Illuminate/Database/Migrations/{closure}()
#14 C:/Users/admin/Desktop/flutter/ecommerce_java/lib/ecommerce-project/vendor/laravel/framework/src/Illuminate/Database/Migrations/Migrator.php(783): Illuminate/Console/View/Components/Task->render('2026_07_06_1225...', Object(Closure))
#15 C:/Users/admin/Desktop/flutter/ecommerce_java/lib/ecommerce-project/vendor/laravel/framework/src/Illuminate/Database/Migrations/Migrator.php(224): Illuminate/Database/Migrations/Migrator->write('Illuminate//Cons...', '2026_07_06_1225...', Object(Closure))
#16 C:/Users/admin/Desktop/flutter/ecommerce_java/lib/ecommerce-project/vendor/laravel/framework/src/Illuminate/Database/Migrations/Migrator.php(189): Illuminate/Database/Migrations/Migrator->runUp('C://Users//admin//...', 1, false)
#17 C:/Users/admin/Desktop/flutter/ecommerce_java/lib/ecommerce-project/vendor/laravel/framework/src/Illuminate/Database/Migrations/Migrator.php(132): Illuminate/Database/Migrations/Migrator->runPending(Array, Array)
#18 C:/Users/admin/Desktop/flutter/ecommerce_java/lib/ecommerce-project/vendor/laravel/framework/src/Illuminate/Database/Console/Migrations/MigrateCommand.php(90): Illuminate/Database/Migrations/Migrator->run(Array, Array)
#19 C:/Users/admin/Desktop/flutter/ecommerce_java/lib/ecommerce-project/vendor/laravel/framework/src/Illuminate/Database/Migrations/Migrator.php(641): Illuminate/Database/Console/Migrations/MigrateCommand->Illuminate/Database/Console/Migrations/{closure}()
#20 C:/Users/admin/Desktop/flutter/ecommerce_java/lib/ecommerce-project/vendor/laravel/framework/src/Illuminate/Database/Console/Migrations/MigrateCommand.php(83): Illuminate/Database/Migrations/Migrator->usingConnection(NULL, Object(Closure))
#21 C:/Users/admin/Desktop/flutter/ecommerce_java/lib/ecommerce-project/vendor/laravel/framework/src/Illuminate/Container/BoundMethod.php(36): Illuminate/Database/Console/Migrations/MigrateCommand->handle()
#22 C:/Users/admin/Desktop/flutter/ecommerce_java/lib/ecommerce-project/vendor/laravel/framework/src/Illuminate/Container/Util.php(41): Illuminate/Container/BoundMethod::Illuminate/Container/{closure}()
#23 C:/Users/admin/Desktop/flutter/ecommerce_java/lib/ecommerce-project/vendor/laravel/framework/src/Illuminate/Container/BoundMethod.php(93): Illuminate/Container/Util::unwrapIfClosure(Object(Closure))
#24 C:/Users/admin/Desktop/flutter/ecommerce_java/lib/ecommerce-project/vendor/laravel/framework/src/Illuminate/Container/BoundMethod.php(35): Illuminate/Container/BoundMethod::callBoundMethod(Object(Illuminate/Foundation/Application), Array, Object(Closure))
#25 C:/Users/admin/Desktop/flutter/ecommerce_java/lib/ecommerce-project/vendor/laravel/framework/src/Illuminate/Container/Container.php(662): Illuminate/Container/BoundMethod::call(Object(Illuminate/Foundation/Application), Array, Array, NULL)
#26 C:/Users/admin/Desktop/flutter/ecommerce_java/lib/ecommerce-project/vendor/laravel/framework/src/Illuminate/Console/Command.php(211): Illuminate/Container/Container->call(Array)
#27 C:/Users/admin/Desktop/flutter/ecommerce_java/lib/ecommerce-project/vendor/symfony/console/Command/Command.php(326): Illuminate/Console/Command->execute(Object(Symfony/Component/Console/Input/ArrayInput), Object(Illuminate/Console/OutputStyle))
#28 C:/Users/admin/Desktop/flutter/ecommerce_java/lib/ecommerce-project/vendor/laravel/framework/src/Illuminate/Console/Command.php(180): Symfony/Component/Console/Command/Command->run(Object(Symfony/Component/Console/Input/ArrayInput), Object(Illuminate/Console/OutputStyle))
#29 C:/Users/admin/Desktop/flutter/ecommerce_java/lib/ecommerce-project/vendor/laravel/framework/src/Illuminate/Console/Concerns/CallsCommands.php(67): Illuminate/Console/Command->run(Object(Symfony/Component/Console/Input/ArrayInput), Object(Illuminate/Console/OutputStyle))
#30 C:/Users/admin/Desktop/flutter/ecommerce_java/lib/ecommerce-project/vendor/laravel/framework/src/Illuminate/Console/Concerns/CallsCommands.php(28): Illuminate/Console/Command->runCommand('migrate', Array, Object(Illuminate/Console/OutputStyle))
#31 C:/Users/admin/Desktop/flutter/ecommerce_java/lib/ecommerce-project/vendor/laravel/framework/src/Illuminate/Database/Console/Migrations/FreshCommand.php(53): Illuminate/Console/Command->call('migrate', Array)
#32 C:/Users/admin/Desktop/flutter/ecommerce_java/lib/ecommerce-project/vendor/laravel/framework/src/Illuminate/Container/BoundMethod.php(36): Illuminate/Database/Console/Migrations/FreshCommand->handle()
#33 C:/Users/admin/Desktop/flutter/ecommerce_java/lib/ecommerce-project/vendor/laravel/framework/src/Illuminate/Container/Util.php(41): Illuminate/Container/BoundMethod::Illuminate/Container/{closure}()
#34 C:/Users/admin/Desktop/flutter/ecommerce_java/lib/ecommerce-project/vendor/laravel/framework/src/Illuminate/Container/BoundMethod.php(93): Illuminate/Container/Util::unwrapIfClosure(Object(Closure))
#35 C:/Users/admin/Desktop/flutter/ecommerce_java/lib/ecommerce-project/vendor/laravel/framework/src/Illuminate/Container/BoundMethod.php(35): Illuminate/Container/BoundMethod::callBoundMethod(Object(Illuminate/Foundation/Application), Array, Object(Closure))
#36 C:/Users/admin/Desktop/flutter/ecommerce_java/lib/ecommerce-project/vendor/laravel/framework/src/Illuminate/Container/Container.php(662): Illuminate/Container/BoundMethod::call(Object(Illuminate/Foundation/Application), Array, Array, NULL)
#37 C:/Users/admin/Desktop/flutter/ecommerce_java/lib/ecommerce-project/vendor/laravel/framework/src/Illuminate/Console/Command.php(211): Illuminate/Container/Container->call(Array)
#38 C:/Users/admin/Desktop/flutter/ecommerce_java/lib/ecommerce-project/vendor/symfony/console/Command/Command.php(326): Illuminate/Console/Command->execute(Object(Symfony/Component/Console/Input/ArgvInput), Object(Illuminate/Console/OutputStyle))
#39 C:/Users/admin/Desktop/flutter/ecommerce_java/lib/ecommerce-project/vendor/laravel/framework/src/Illuminate/Console/Command.php(180): Symfony/Component/Console/Command/Command->run(Object(Symfony/Component/Console/Input/ArgvInput), Object(Illuminate/Console/OutputStyle))
#40 C:/Users/admin/Desktop/flutter/ecommerce_java/lib/ecommerce-project/vendor/symfony/console/Application.php(1121): Illuminate/Console/Command->run(Object(Symfony/Component/Console/Input/ArgvInput), Object(Symfony/Component/Console/Output/ConsoleOutput))
#41 C:/Users/admin/Desktop/flutter/ecommerce_java/lib/ecommerce-project/vendor/symfony/console/Application.php(324): Symfony/Component/Console/Application->doRunCommand(Object(Illuminate/Database/Console/Migrations/FreshCommand), Object(Symfony/Component/Console/Input/ArgvInput), Object(Symfony/Component/Console/Output/ConsoleOutput))
#42 C:/Users/admin/Desktop/flutter/ecommerce_java/lib/ecommerce-project/vendor/symfony/console/Application.php(175): Symfony/Component/Console/Application->doRun(Object(Symfony/Component/Console/Input/ArgvInput), Object(Symfony/Component/Console/Output/ConsoleOutput))
#43 C:/Users/admin/Desktop/flutter/ecommerce_java/lib/ecommerce-project/vendor/laravel/framework/src/Illuminate/Foundation/Console/Kernel.php(201): Symfony/Component/Console/Application->run(Object(Symfony/Component/Console/Input/ArgvInput), Object(Symfony/Component/Console/Output/ConsoleOutput))
#44 C:/Users/admin/Desktop/flutter/ecommerce_java/lib/ecommerce-project/artisan(35): Illuminate/Foundation/Console/Kernel->handle(Object(Symfony/Component/Console/Input/ArgvInput), Object(Symfony/Component/Console/Output/ConsoleOutput))
#45 {main}
"} 
[2026-07-07 04:02:50] local.ERROR: SQLSTATE[42S02]: Base table or view not found: 1146 Table 'ecommerce.favorites' doesn't exist (Connection: mysql, SQL: insert into `favorites` (`user_id`, `product_id`, `updated_at`, `created_at`) values (8, 9, 2026-07-07 04:02:49, 2026-07-07 04:02:49)) {"exception":"[object] (Illuminate\\Database\\QueryException(code: 42S02): SQLSTATE[42S02]: Base table or view not found: 1146 Table 'ecommerce.favorites' doesn't exist (Connection: mysql, SQL: insert into `favorites` (`user_id`, `product_id`, `updated_at`, `created_at`) values (8, 9, 2026-07-07 04:02:49, 2026-07-07 04:02:49)) at C:/Users/admin/Desktop/flutter/ecommerce_java/lib/ecommerce-project/vendor/laravel/framework/src/Illuminate/Database/Connection.php:829)
[stacktrace]
#0 C:/Users/admin/Desktop/flutter/ecommerce_java/lib/ecommerce-project/vendor/laravel/framework/src/Illuminate/Database/Connection.php(783): Illuminate/Database/Connection->runQueryCallback('insert into `fa...', Array, Object(Closure))
#1 C:/Users/admin/Desktop/flutter/ecommerce_java/lib/ecommerce-project/vendor/laravel/framework/src/Illuminate/Database/MySqlConnection.php(34): Illuminate/Database/Connection->run('insert into `fa...', Array, Object(Closure))
#2 C:/Users/admin/Desktop/flutter/ecommerce_java/lib/ecommerce-project/vendor/laravel/framework/src/Illuminate/Database/Query/Processors/MySqlProcessor.php(35): Illuminate/Database/MySqlConnection->insert('insert into `fa...', Array, 'id')
#3 C:/Users/admin/Desktop/flutter/ecommerce_java/lib/ecommerce-project/vendor/laravel/framework/src/Illuminate/Database/Query/Builder.php(3549): Illuminate/Database/Query/Processors/MySqlProcessor->processInsertGetId(Object(Illuminate/Database/Query/Builder), 'insert into `fa...', Array, 'id')
#4 C:/Users/admin/Desktop/flutter/ecommerce_java/lib/ecommerce-project/vendor/laravel/framework/src/Illuminate/Database/Eloquent/Builder.php(1982): Illuminate/Database/Query/Builder->insertGetId(Array, 'id')
#5 C:/Users/admin/Desktop/flutter/ecommerce_java/lib/ecommerce-project/vendor/laravel/framework/src/Illuminate/Database/Eloquent/Model.php(1334): Illuminate/Database/Eloquent/Builder->__call('insertGetId', Array)
#6 C:/Users/admin/Desktop/flutter/ecommerce_java/lib/ecommerce-project/vendor/laravel/framework/src/Illuminate/Database/Eloquent/Model.php(1299): Illuminate/Database/Eloquent/Model->insertAndSetId(Object(Illuminate/Database/Eloquent/Builder), Array)
#7 C:/Users/admin/Desktop/flutter/ecommerce_java/lib/ecommerce-project/vendor/laravel/framework/src/Illuminate/Database/Eloquent/Model.php(1138): Illuminate/Database/Eloquent/Model->performInsert(Object(Illuminate/Database/Eloquent/Builder))
#8 C:/Users/admin/Desktop/flutter/ecommerce_java/lib/ecommerce-project/vendor/laravel/framework/src/Illuminate/Database/Eloquent/Factories/Factory.php(338): Illuminate/Database/Eloquent/Model->save()
#9 C:/Users/admin/Desktop/flutter/ecommerce_java/lib/ecommerce-project/vendor/laravel/framework/src/Illuminate/Collections/Traits/EnumeratesValues.php(240): Illuminate/Database/Eloquent/Factories/Factory->Illuminate/Database/Eloquent/Factories/{closure}(Object(App/Models/Favorite), 0)
#10 C:/Users/admin/Desktop/flutter/ecommerce_java/lib/ecommerce-project/vendor/laravel/framework/src/Illuminate/Database/Eloquent/Factories/Factory.php(333): Illuminate/Support/Collection->each(Object(Closure))
#11 C:/Users/admin/Desktop/flutter/ecommerce_java/lib/ecommerce-project/vendor/laravel/framework/src/Illuminate/Database/Eloquent/Factories/Factory.php(291): Illuminate/Database/Eloquent/Factories/Factory->store(Object(Illuminate/Database/Eloquent/Collection))
#12 C:/Users/admin/Desktop/flutter/ecommerce_java/lib/ecommerce-project/database/seeders/FavoriteSeeder.php(15): Illuminate/Database/Eloquent/Factories/Factory->create()
#13 C:/Users/admin/Desktop/flutter/ecommerce_java/lib/ecommerce-project/vendor/laravel/framework/src/Illuminate/Container/BoundMethod.php(36): Database/Seeders/FavoriteSeeder->run()
#14 C:/Users/admin/Desktop/flutter/ecommerce_java/lib/ecommerce-project/vendor/laravel/framework/src/Illuminate/Container/Util.php(41): Illuminate/Container/BoundMethod::Illuminate/Container/{closure}()
#15 C:/Users/admin/Desktop/flutter/ecommerce_java/lib/ecommerce-project/vendor/laravel/framework/src/Illuminate/Container/BoundMethod.php(93): Illuminate/Container/Util::unwrapIfClosure(Object(Closure))
#16 C:/Users/admin/Desktop/flutter/ecommerce_java/lib/ecommerce-project/vendor/laravel/framework/src/Illuminate/Container/BoundMethod.php(35): Illuminate/Container/BoundMethod::callBoundMethod(Object(Illuminate/Foundation/Application), Array, Object(Closure))
#17 C:/Users/admin/Desktop/flutter/ecommerce_java/lib/ecommerce-project/vendor/laravel/framework/src/Illuminate/Container/Container.php(662): Illuminate/Container/BoundMethod::call(Object(Illuminate/Foundation/Application), Array, Array, NULL)
#18 C:/Users/admin/Desktop/flutter/ecommerce_java/lib/ecommerce-project/vendor/laravel/framework/src/Illuminate/Database/Seeder.php(184): Illuminate/Container/Container->call(Array, Array)
#19 C:/Users/admin/Desktop/flutter/ecommerce_java/lib/ecommerce-project/vendor/laravel/framework/src/Illuminate/Database/Seeder.php(193): Illuminate/Database/Seeder->Illuminate/Database/{closure}()
#20 C:/Users/admin/Desktop/flutter/ecommerce_java/lib/ecommerce-project/vendor/laravel/framework/src/Illuminate/Database/Seeder.php(61): Illuminate/Database/Seeder->__invoke(Array)
#21 C:/Users/admin/Desktop/flutter/ecommerce_java/lib/ecommerce-project/database/seeders/DatabaseSeeder.php(13): Illuminate/Database/Seeder->call('Database//Seeder...')
#22 C:/Users/admin/Desktop/flutter/ecommerce_java/lib/ecommerce-project/vendor/laravel/framework/src/Illuminate/Container/BoundMethod.php(36): Database/Seeders/DatabaseSeeder->run()
#23 C:/Users/admin/Desktop/flutter/ecommerce_java/lib/ecommerce-project/vendor/laravel/framework/src/Illuminate/Container/Util.php(41): Illuminate/Container/BoundMethod::Illuminate/Container/{closure}()
#24 C:/Users/admin/Desktop/flutter/ecommerce_java/lib/ecommerce-project/vendor/laravel/framework/src/Illuminate/Container/BoundMethod.php(93): Illuminate/Container/Util::unwrapIfClosure(Object(Closure))
#25 C:/Users/admin/Desktop/flutter/ecommerce_java/lib/ecommerce-project/vendor/laravel/framework/src/Illuminate/Container/BoundMethod.php(35): Illuminate/Container/BoundMethod::callBoundMethod(Object(Illuminate/Foundation/Application), Array, Object(Closure))
#26 C:/Users/admin/Desktop/flutter/ecommerce_java/lib/ecommerce-project/vendor/laravel/framework/src/Illuminate/Container/Container.php(662): Illuminate/Container/BoundMethod::call(Object(Illuminate/Foundation/Application), Array, Array, NULL)
#27 C:/Users/admin/Desktop/flutter/ecommerce_java/lib/ecommerce-project/vendor/laravel/framework/src/Illuminate/Database/Seeder.php(184): Illuminate/Container/Container->call(Array, Array)
#28 C:/Users/admin/Desktop/flutter/ecommerce_java/lib/ecommerce-project/vendor/laravel/framework/src/Illuminate/Database/Seeder.php(193): Illuminate/Database/Seeder->Illuminate/Database/{closure}()
#29 C:/Users/admin/Desktop/flutter/ecommerce_java/lib/ecommerce-project/vendor/laravel/framework/src/Illuminate/Database/Console/Seeds/SeedCommand.php(70): Illuminate/Database/Seeder->__invoke()
#30 C:/Users/admin/Desktop/flutter/ecommerce_java/lib/ecommerce-project/vendor/laravel/framework/src/Illuminate/Database/Eloquent/Concerns/GuardsAttributes.php(155): Illuminate/Database/Console/Seeds/SeedCommand->Illuminate/Database/Console/Seeds/{closure}()
#31 C:/Users/admin/Desktop/flutter/ecommerce_java/lib/ecommerce-project/vendor/laravel/framework/src/Illuminate/Database/Console/Seeds/SeedCommand.php(69): Illuminate/Database/Eloquent/Model::unguarded(Object(Closure))
#32 C:/Users/admin/Desktop/flutter/ecommerce_java/lib/ecommerce-project/vendor/laravel/framework/src/Illuminate/Container/BoundMethod.php(36): Illuminate/Database/Console/Seeds/SeedCommand->handle()
#33 C:/Users/admin/Desktop/flutter/ecommerce_java/lib/ecommerce-project/vendor/laravel/framework/src/Illuminate/Container/Util.php(41): Illuminate/Container/BoundMethod::Illuminate/Container/{closure}()
#34 C:/Users/admin/Desktop/flutter/ecommerce_java/lib/ecommerce-project/vendor/laravel/framework/src/Illuminate/Container/BoundMethod.php(93): Illuminate/Container/Util::unwrapIfClosure(Object(Closure))
#35 C:/Users/admin/Desktop/flutter/ecommerce_java/lib/ecommerce-project/vendor/laravel/framework/src/Illuminate/Container/BoundMethod.php(35): Illuminate/Container/BoundMethod::callBoundMethod(Object(Illuminate/Foundation/Application), Array, Object(Closure))
#36 C:/Users/admin/Desktop/flutter/ecommerce_java/lib/ecommerce-project/vendor/laravel/framework/src/Illuminate/Container/Container.php(662): Illuminate/Container/BoundMethod::call(Object(Illuminate/Foundation/Application), Array, Array, NULL)
#37 C:/Users/admin/Desktop/flutter/ecommerce_java/lib/ecommerce-project/vendor/laravel/framework/src/Illuminate/Console/Command.php(211): Illuminate/Container/Container->call(Array)
#38 C:/Users/admin/Desktop/flutter/ecommerce_java/lib/ecommerce-project/vendor/symfony/console/Command/Command.php(326): Illuminate/Console/Command->execute(Object(Symfony/Component/Console/Input/ArgvInput), Object(Illuminate/Console/OutputStyle))
#39 C:/Users/admin/Desktop/flutter/ecommerce_java/lib/ecommerce-project/vendor/laravel/framework/src/Illuminate/Console/Command.php(180): Symfony/Component/Console/Command/Command->run(Object(Symfony/Component/Console/Input/ArgvInput), Object(Illuminate/Console/OutputStyle))
#40 C:/Users/admin/Desktop/flutter/ecommerce_java/lib/ecommerce-project/vendor/symfony/console/Application.php(1121): Illuminate/Console/Command->run(Object(Symfony/Component/Console/Input/ArgvInput), Object(Symfony/Component/Console/Output/ConsoleOutput))
#41 C:/Users/admin/Desktop/flutter/ecommerce_java/lib/ecommerce-project/vendor/symfony/console/Application.php(324): Symfony/Component/Console/Application->doRunCommand(Object(Illuminate/Database/Console/Seeds/SeedCommand), Object(Symfony/Component/Console/Input/ArgvInput), Object(Symfony/Component/Console/Output/ConsoleOutput))
#42 C:/Users/admin/Desktop/flutter/ecommerce_java/lib/ecommerce-project/vendor/symfony/console/Application.php(175): Symfony/Component/Console/Application->doRun(Object(Symfony/Component/Console/Input/ArgvInput), Object(Symfony/Component/Console/Output/ConsoleOutput))
#43 C:/Users/admin/Desktop/flutter/ecommerce_java/lib/ecommerce-project/vendor/laravel/framework/src/Illuminate/Foundation/Console/Kernel.php(201): Symfony/Component/Console/Application->run(Object(Symfony/Component/Console/Input/ArgvInput), Object(Symfony/Component/Console/Output/ConsoleOutput))
#44 C:/Users/admin/Desktop/flutter/ecommerce_java/lib/ecommerce-project/artisan(35): Illuminate/Foundation/Console/Kernel->handle(Object(Symfony/Component/Console/Input/ArgvInput), Object(Symfony/Component/Console/Output/ConsoleOutput))
#45 {main}

[previous exception] [object] (PDOException(code: 42S02): SQLSTATE[42S02]: Base table or view not found: 1146 Table 'ecommerce.favorites' doesn't exist at C:/Users/admin/Desktop/flutter/ecommerce_java/lib/ecommerce-project/vendor/laravel/framework/src/Illuminate/Database/MySqlConnection.php:39)
[stacktrace]
#0 C:/Users/admin/Desktop/flutter/ecommerce_java/lib/ecommerce-project/vendor/laravel/framework/src/Illuminate/Database/MySqlConnection.php(39): PDO->prepare('insert into `fa...')
#1 C:/Users/admin/Desktop/flutter/ecommerce_java/lib/ecommerce-project/vendor/laravel/framework/src/Illuminate/Database/Connection.php(816): Illuminate/Database/MySqlConnection->Illuminate/Database/{closure}('insert into `fa...', Array)
#2 C:/Users/admin/Desktop/flutter/ecommerce_java/lib/ecommerce-project/vendor/laravel/framework/src/Illuminate/Database/Connection.php(783): Illuminate/Database/Connection->runQueryCallback('insert into `fa...', Array, Object(Closure))
#3 C:/Users/admin/Desktop/flutter/ecommerce_java/lib/ecommerce-project/vendor/laravel/framework/src/Illuminate/Database/MySqlConnection.php(34): Illuminate/Database/Connection->run('insert into `fa...', Array, Object(Closure))
#4 C:/Users/admin/Desktop/flutter/ecommerce_java/lib/ecommerce-project/vendor/laravel/framework/src/Illuminate/Database/Query/Processors/MySqlProcessor.php(35): Illuminate/Database/MySqlConnection->insert('insert into `fa...', Array, 'id')
#5 C:/Users/admin/Desktop/flutter/ecommerce_java/lib/ecommerce-project/vendor/laravel/framework/src/Illuminate/Database/Query/Builder.php(3549): Illuminate/Database/Query/Processors/MySqlProcessor->processInsertGetId(Object(Illuminate/Database/Query/Builder), 'insert into `fa...', Array, 'id')
#6 C:/Users/admin/Desktop/flutter/ecommerce_java/lib/ecommerce-project/vendor/laravel/framework/src/Illuminate/Database/Eloquent/Builder.php(1982): Illuminate/Database/Query/Builder->insertGetId(Array, 'id')
#7 C:/Users/admin/Desktop/flutter/ecommerce_java/lib/ecommerce-project/vendor/laravel/framework/src/Illuminate/Database/Eloquent/Model.php(1334): Illuminate/Database/Eloquent/Builder->__call('insertGetId', Array)
#8 C:/Users/admin/Desktop/flutter/ecommerce_java/lib/ecommerce-project/vendor/laravel/framework/src/Illuminate/Database/Eloquent/Model.php(1299): Illuminate/Database/Eloquent/Model->insertAndSetId(Object(Illuminate/Database/Eloquent/Builder), Array)
#9 C:/Users/admin/Desktop/flutter/ecommerce_java/lib/ecommerce-project/vendor/laravel/framework/src/Illuminate/Database/Eloquent/Model.php(1138): Illuminate/Database/Eloquent/Model->performInsert(Object(Illuminate/Database/Eloquent/Builder))
#10 C:/Users/admin/Desktop/flutter/ecommerce_java/lib/ecommerce-project/vendor/laravel/framework/src/Illuminate/Database/Eloquent/Factories/Factory.php(338): Illuminate/Database/Eloquent/Model->save()
#11 C:/Users/admin/Desktop/flutter/ecommerce_java/lib/ecommerce-project/vendor/laravel/framework/src/Illuminate/Collections/Traits/EnumeratesValues.php(240): Illuminate/Database/Eloquent/Factories/Factory->Illuminate/Database/Eloquent/Factories/{closure}(Object(App/Models/Favorite), 0)
#12 C:/Users/admin/Desktop/flutter/ecommerce_java/lib/ecommerce-project/vendor/laravel/framework/src/Illuminate/Database/Eloquent/Factories/Factory.php(333): Illuminate/Support/Collection->each(Object(Closure))
#13 C:/Users/admin/Desktop/flutter/ecommerce_java/lib/ecommerce-project/vendor/laravel/framework/src/Illuminate/Database/Eloquent/Factories/Factory.php(291): Illuminate/Database/Eloquent/Factories/Factory->store(Object(Illuminate/Database/Eloquent/Collection))
#14 C:/Users/admin/Desktop/flutter/ecommerce_java/lib/ecommerce-project/database/seeders/FavoriteSeeder.php(15): Illuminate/Database/Eloquent/Factories/Factory->create()
#15 C:/Users/admin/Desktop/flutter/ecommerce_java/lib/ecommerce-project/vendor/laravel/framework/src/Illuminate/Container/BoundMethod.php(36): Database/Seeders/FavoriteSeeder->run()
#16 C:/Users/admin/Desktop/flutter/ecommerce_java/lib/ecommerce-project/vendor/laravel/framework/src/Illuminate/Container/Util.php(41): Illuminate/Container/BoundMethod::Illuminate/Container/{closure}()
#17 C:/Users/admin/Desktop/flutter/ecommerce_java/lib/ecommerce-project/vendor/laravel/framework/src/Illuminate/Container/BoundMethod.php(93): Illuminate/Container/Util::unwrapIfClosure(Object(Closure))
#18 C:/Users/admin/Desktop/flutter/ecommerce_java/lib/ecommerce-project/vendor/laravel/framework/src/Illuminate/Container/BoundMethod.php(35): Illuminate/Container/BoundMethod::callBoundMethod(Object(Illuminate/Foundation/Application), Array, Object(Closure))
#19 C:/Users/admin/Desktop/flutter/ecommerce_java/lib/ecommerce-project/vendor/laravel/framework/src/Illuminate/Container/Container.php(662): Illuminate/Container/BoundMethod::call(Object(Illuminate/Foundation/Application), Array, Array, NULL)
#20 C:/Users/admin/Desktop/flutter/ecommerce_java/lib/ecommerce-project/vendor/laravel/framework/src/Illuminate/Database/Seeder.php(184): Illuminate/Container/Container->call(Array, Array)
#21 C:/Users/admin/Desktop/flutter/ecommerce_java/lib/ecommerce-project/vendor/laravel/framework/src/Illuminate/Database/Seeder.php(193): Illuminate/Database/Seeder->Illuminate/Database/{closure}()
#22 C:/Users/admin/Desktop/flutter/ecommerce_java/lib/ecommerce-project/vendor/laravel/framework/src/Illuminate/Database/Seeder.php(61): Illuminate/Database/Seeder->__invoke(Array)
#23 C:/Users/admin/Desktop/flutter/ecommerce_java/lib/ecommerce-project/database/seeders/DatabaseSeeder.php(13): Illuminate/Database/Seeder->call('Database//Seeder...')
#24 C:/Users/admin/Desktop/flutter/ecommerce_java/lib/ecommerce-project/vendor/laravel/framework/src/Illuminate/Container/BoundMethod.php(36): Database/Seeders/DatabaseSeeder->run()
#25 C:/Users/admin/Desktop/flutter/ecommerce_java/lib/ecommerce-project/vendor/laravel/framework/src/Illuminate/Container/Util.php(41): Illuminate/Container/BoundMethod::Illuminate/Container/{closure}()
#26 C:/Users/admin/Desktop/flutter/ecommerce_java/lib/ecommerce-project/vendor/laravel/framework/src/Illuminate/Container/BoundMethod.php(93): Illuminate/Container/Util::unwrapIfClosure(Object(Closure))
#27 C:/Users/admin/Desktop/flutter/ecommerce_java/lib/ecommerce-project/vendor/laravel/framework/src/Illuminate/Container/BoundMethod.php(35): Illuminate/Container/BoundMethod::callBoundMethod(Object(Illuminate/Foundation/Application), Array, Object(Closure))
#28 C:/Users/admin/Desktop/flutter/ecommerce_java/lib/ecommerce-project/vendor/laravel/framework/src/Illuminate/Container/Container.php(662): Illuminate/Container/BoundMethod::call(Object(Illuminate/Foundation/Application), Array, Array, NULL)
#29 C:/Users/admin/Desktop/flutter/ecommerce_java/lib/ecommerce-project/vendor/laravel/framework/src/Illuminate/Database/Seeder.php(184): Illuminate/Container/Container->call(Array, Array)
#30 C:/Users/admin/Desktop/flutter/ecommerce_java/lib/ecommerce-project/vendor/laravel/framework/src/Illuminate/Database/Seeder.php(193): Illuminate/Database/Seeder->Illuminate/Database/{closure}()
#31 C:/Users/admin/Desktop/flutter/ecommerce_java/lib/ecommerce-project/vendor/laravel/framework/src/Illuminate/Database/Console/Seeds/SeedCommand.php(70): Illuminate/Database/Seeder->__invoke()
#32 C:/Users/admin/Desktop/flutter/ecommerce_java/lib/ecommerce-project/vendor/laravel/framework/src/Illuminate/Database/Eloquent/Concerns/GuardsAttributes.php(155): Illuminate/Database/Console/Seeds/SeedCommand->Illuminate/Database/Console/Seeds/{closure}()
#33 C:/Users/admin/Desktop/flutter/ecommerce_java/lib/ecommerce-project/vendor/laravel/framework/src/Illuminate/Database/Console/Seeds/SeedCommand.php(69): Illuminate/Database/Eloquent/Model::unguarded(Object(Closure))
#34 C:/Users/admin/Desktop/flutter/ecommerce_java/lib/ecommerce-project/vendor/laravel/framework/src/Illuminate/Container/BoundMethod.php(36): Illuminate/Database/Console/Seeds/SeedCommand->handle()
#35 C:/Users/admin/Desktop/flutter/ecommerce_java/lib/ecommerce-project/vendor/laravel/framework/src/Illuminate/Container/Util.php(41): Illuminate/Container/BoundMethod::Illuminate/Container/{closure}()
#36 C:/Users/admin/Desktop/flutter/ecommerce_java/lib/ecommerce-project/vendor/laravel/framework/src/Illuminate/Container/BoundMethod.php(93): Illuminate/Container/Util::unwrapIfClosure(Object(Closure))
#37 C:/Users/admin/Desktop/flutter/ecommerce_java/lib/ecommerce-project/vendor/laravel/framework/src/Illuminate/Container/BoundMethod.php(35): Illuminate/Container/BoundMethod::callBoundMethod(Object(Illuminate/Foundation/Application), Array, Object(Closure))
#38 C:/Users/admin/Desktop/flutter/ecommerce_java/lib/ecommerce-project/vendor/laravel/framework/src/Illuminate/Container/Container.php(662): Illuminate/Container/BoundMethod::call(Object(Illuminate/Foundation/Application), Array, Array, NULL)
#39 C:/Users/admin/Desktop/flutter/ecommerce_java/lib/ecommerce-project/vendor/laravel/framework/src/Illuminate/Console/Command.php(211): Illuminate/Container/Container->call(Array)
#40 C:/Users/admin/Desktop/flutter/ecommerce_java/lib/ecommerce-project/vendor/symfony/console/Command/Command.php(326): Illuminate/Console/Command->execute(Object(Symfony/Component/Console/Input/ArgvInput), Object(Illuminate/Console/OutputStyle))
#41 C:/Users/admin/Desktop/flutter/ecommerce_java/lib/ecommerce-project/vendor/laravel/framework/src/Illuminate/Console/Command.php(180): Symfony/Component/Console/Command/Command->run(Object(Symfony/Component/Console/Input/ArgvInput), Object(Illuminate/Console/OutputStyle))
#42 C:/Users/admin/Desktop/flutter/ecommerce_java/lib/ecommerce-project/vendor/symfony/console/Application.php(1121): Illuminate/Console/Command->run(Object(Symfony/Component/Console/Input/ArgvInput), Object(Symfony/Component/Console/Output/ConsoleOutput))
#43 C:/Users/admin/Desktop/flutter/ecommerce_java/lib/ecommerce-project/vendor/symfony/console/Application.php(324): Symfony/Component/Console/Application->doRunCommand(Object(Illuminate/Database/Console/Seeds/SeedCommand), Object(Symfony/Component/Console/Input/ArgvInput), Object(Symfony/Component/Console/Output/ConsoleOutput))
#44 C:/Users/admin/Desktop/flutter/ecommerce_java/lib/ecommerce-project/vendor/symfony/console/Application.php(175): Symfony/Component/Console/Application->doRun(Object(Symfony/Component/Console/Input/ArgvInput), Object(Symfony/Component/Console/Output/ConsoleOutput))
#45 C:/Users/admin/Desktop/flutter/ecommerce_java/lib/ecommerce-project/vendor/laravel/framework/src/Illuminate/Foundation/Console/Kernel.php(201): Symfony/Component/Console/Application->run(Object(Symfony/Component/Console/Input/ArgvInput), Object(Symfony/Component/Console/Output/ConsoleOutput))
#46 C:/Users/admin/Desktop/flutter/ecommerce_java/lib/ecommerce-project/artisan(35): Illuminate/Foundation/Console/Kernel->handle(Object(Symfony/Component/Console/Input/ArgvInput), Object(Symfony/Component/Console/Output/ConsoleOutput))
#47 {main}
"} 
[2026-07-07 04:06:35] local.ERROR: Class "App\Http\Controllers\Api\Auth" not found {"userId":1,"exception":"[object] (Error(code: 0): Class \"App\\Http\\Controllers\\Api\\Auth\" not found at C:/Users/admin/Desktop/flutter/ecommerce_java/lib/ecommerce-project/app/Http/Controllers/Api/FavoriteController.php:31)
[stacktrace]
#0 C:/Users/admin/Desktop/flutter/ecommerce_java/lib/ecommerce-project/vendor/laravel/framework/src/Illuminate/Routing/Controller.php(54): App/Http/Controllers/Api/FavoriteController->index()
#1 C:/Users/admin/Desktop/flutter/ecommerce_java/lib/ecommerce-project/vendor/laravel/framework/src/Illuminate/Routing/ControllerDispatcher.php(43): Illuminate/Routing/Controller->callAction('index', Array)
#2 C:/Users/admin/Desktop/flutter/ecommerce_java/lib/ecommerce-project/vendor/laravel/framework/src/Illuminate/Routing/Route.php(259): Illuminate/Routing/ControllerDispatcher->dispatch(Object(Illuminate/Routing/Route), Object(App/Http/Controllers/Api/FavoriteController), 'index')
#3 C:/Users/admin/Desktop/flutter/ecommerce_java/lib/ecommerce-project/vendor/laravel/framework/src/Illuminate/Routing/Route.php(205): Illuminate/Routing/Route->runController()
#4 C:/Users/admin/Desktop/flutter/ecommerce_java/lib/ecommerce-project/vendor/laravel/framework/src/Illuminate/Routing/Router.php(806): Illuminate/Routing/Route->run()
#5 C:/Users/admin/Desktop/flutter/ecommerce_java/lib/ecommerce-project/vendor/laravel/framework/src/Illuminate/Pipeline/Pipeline.php(144): Illuminate/Routing/Router->Illuminate/Routing/{closure}(Object(Illuminate/Http/Request))
#6 C:/Users/admin/Desktop/flutter/ecommerce_java/lib/ecommerce-project/vendor/laravel/framework/src/Illuminate/Routing/Middleware/SubstituteBindings.php(50): Illuminate/Pipeline/Pipeline->Illuminate/Pipeline/{closure}(Object(Illuminate/Http/Request))
#7 C:/Users/admin/Desktop/flutter/ecommerce_java/lib/ecommerce-project/vendor/laravel/framework/src/Illuminate/Pipeline/Pipeline.php(183): Illuminate/Routing/Middleware/SubstituteBindings->handle(Object(Illuminate/Http/Request), Object(Closure))
#8 C:/Users/admin/Desktop/flutter/ecommerce_java/lib/ecommerce-project/vendor/laravel/framework/src/Illuminate/Routing/Middleware/ThrottleRequests.php(159): Illuminate/Pipeline/Pipeline->Illuminate/Pipeline/{closure}(Object(Illuminate/Http/Request))
#9 C:/Users/admin/Desktop/flutter/ecommerce_java/lib/ecommerce-project/vendor/laravel/framework/src/Illuminate/Routing/Middleware/ThrottleRequests.php(125): Illuminate/Routing/Middleware/ThrottleRequests->handleRequest(Object(Illuminate/Http/Request), Object(Closure), Array)
#10 C:/Users/admin/Desktop/flutter/ecommerce_java/lib/ecommerce-project/vendor/laravel/framework/src/Illuminate/Routing/Middleware/ThrottleRequests.php(87): Illuminate/Routing/Middleware/ThrottleRequests->handleRequestUsingNamedLimiter(Object(Illuminate/Http/Request), Object(Closure), 'api', Object(Closure))
#11 C:/Users/admin/Desktop/flutter/ecommerce_java/lib/ecommerce-project/vendor/laravel/framework/src/Illuminate/Pipeline/Pipeline.php(183): Illuminate/Routing/Middleware/ThrottleRequests->handle(Object(Illuminate/Http/Request), Object(Closure), 'api')
#12 C:/Users/admin/Desktop/flutter/ecommerce_java/lib/ecommerce-project/vendor/laravel/framework/src/Illuminate/Auth/Middleware/Authenticate.php(57): Illuminate/Pipeline/Pipeline->Illuminate/Pipeline/{closure}(Object(Illuminate/Http/Request))
#13 C:/Users/admin/Desktop/flutter/ecommerce_java/lib/ecommerce-project/vendor/laravel/framework/src/Illuminate/Pipeline/Pipeline.php(183): Illuminate/Auth/Middleware/Authenticate->handle(Object(Illuminate/Http/Request), Object(Closure), 'sanctum')
#14 C:/Users/admin/Desktop/flutter/ecommerce_java/lib/ecommerce-project/vendor/laravel/framework/src/Illuminate/Pipeline/Pipeline.php(119): Illuminate/Pipeline/Pipeline->Illuminate/Pipeline/{closure}(Object(Illuminate/Http/Request))
#15 C:/Users/admin/Desktop/flutter/ecommerce_java/lib/ecommerce-project/vendor/laravel/framework/src/Illuminate/Routing/Router.php(805): Illuminate/Pipeline/Pipeline->then(Object(Closure))
#16 C:/Users/admin/Desktop/flutter/ecommerce_java/lib/ecommerce-project/vendor/laravel/framework/src/Illuminate/Routing/Router.php(784): Illuminate/Routing/Router->runRouteWithinStack(Object(Illuminate/Routing/Route), Object(Illuminate/Http/Request))
#17 C:/Users/admin/Desktop/flutter/ecommerce_java/lib/ecommerce-project/vendor/laravel/framework/src/Illuminate/Routing/Router.php(748): Illuminate/Routing/Router->runRoute(Object(Illuminate/Http/Request), Object(Illuminate/Routing/Route))
#18 C:/Users/admin/Desktop/flutter/ecommerce_java/lib/ecommerce-project/vendor/laravel/framework/src/Illuminate/Routing/Router.php(737): Illuminate/Routing/Router->dispatchToRoute(Object(Illuminate/Http/Request))
#19 C:/Users/admin/Desktop/flutter/ecommerce_java/lib/ecommerce-project/vendor/laravel/framework/src/Illuminate/Foundation/Http/Kernel.php(200): Illuminate/Routing/Router->dispatch(Object(Illuminate/Http/Request))
#20 C:/Users/admin/Desktop/flutter/ecommerce_java/lib/ecommerce-project/vendor/laravel/framework/src/Illuminate/Pipeline/Pipeline.php(144): Illuminate/Foundation/Http/Kernel->Illuminate/Foundation/Http/{closure}(Object(Illuminate/Http/Request))
#21 C:/Users/admin/Desktop/flutter/ecommerce_java/lib/ecommerce-project/vendor/laravel/framework/src/Illuminate/Foundation/Http/Middleware/TransformsRequest.php(21): Illuminate/Pipeline/Pipeline->Illuminate/Pipeline/{closure}(Object(Illuminate/Http/Request))
#22 C:/Users/admin/Desktop/flutter/ecommerce_java/lib/ecommerce-project/vendor/laravel/framework/src/Illuminate/Foundation/Http/Middleware/ConvertEmptyStringsToNull.php(31): Illuminate/Foundation/Http/Middleware/TransformsRequest->handle(Object(Illuminate/Http/Request), Object(Closure))
#23 C:/Users/admin/Desktop/flutter/ecommerce_java/lib/ecommerce-project/vendor/laravel/framework/src/Illuminate/Pipeline/Pipeline.php(183): Illuminate/Foundation/Http/Middleware/ConvertEmptyStringsToNull->handle(Object(Illuminate/Http/Request), Object(Closure))
#24 C:/Users/admin/Desktop/flutter/ecommerce_java/lib/ecommerce-project/vendor/laravel/framework/src/Illuminate/Foundation/Http/Middleware/TransformsRequest.php(21): Illuminate/Pipeline/Pipeline->Illuminate/Pipeline/{closure}(Object(Illuminate/Http/Request))
#25 C:/Users/admin/Desktop/flutter/ecommerce_java/lib/ecommerce-project/vendor/laravel/framework/src/Illuminate/Foundation/Http/Middleware/TrimStrings.php(40): Illuminate/Foundation/Http/Middleware/TransformsRequest->handle(Object(Illuminate/Http/Request), Object(Closure))
#26 C:/Users/admin/Desktop/flutter/ecommerce_java/lib/ecommerce-project/vendor/laravel/framework/src/Illuminate/Pipeline/Pipeline.php(183): Illuminate/Foundation/Http/Middleware/TrimStrings->handle(Object(Illuminate/Http/Request), Object(Closure))
#27 C:/Users/admin/Desktop/flutter/ecommerce_java/lib/ecommerce-project/vendor/laravel/framework/src/Illuminate/Foundation/Http/Middleware/ValidatePostSize.php(27): Illuminate/Pipeline/Pipeline->Illuminate/Pipeline/{closure}(Object(Illuminate/Http/Request))
#28 C:/Users/admin/Desktop/flutter/ecommerce_java/lib/ecommerce-project/vendor/laravel/framework/src/Illuminate/Pipeline/Pipeline.php(183): Illuminate/Foundation/Http/Middleware/ValidatePostSize->handle(Object(Illuminate/Http/Request), Object(Closure))
#29 C:/Users/admin/Desktop/flutter/ecommerce_java/lib/ecommerce-project/vendor/laravel/framework/src/Illuminate/Foundation/Http/Middleware/PreventRequestsDuringMaintenance.php(99): Illuminate/Pipeline/Pipeline->Illuminate/Pipeline/{closure}(Object(Illuminate/Http/Request))
#30 C:/Users/admin/Desktop/flutter/ecommerce_java/lib/ecommerce-project/vendor/laravel/framework/src/Illuminate/Pipeline/Pipeline.php(183): Illuminate/Foundation/Http/Middleware/PreventRequestsDuringMaintenance->handle(Object(Illuminate/Http/Request), Object(Closure))
#31 C:/Users/admin/Desktop/flutter/ecommerce_java/lib/ecommerce-project/vendor/laravel/framework/src/Illuminate/Http/Middleware/HandleCors.php(62): Illuminate/Pipeline/Pipeline->Illuminate/Pipeline/{closure}(Object(Illuminate/Http/Request))
#32 C:/Users/admin/Desktop/flutter/ecommerce_java/lib/ecommerce-project/vendor/laravel/framework/src/Illuminate/Pipeline/Pipeline.php(183): Illuminate/Http/Middleware/HandleCors->handle(Object(Illuminate/Http/Request), Object(Closure))
#33 C:/Users/admin/Desktop/flutter/ecommerce_java/lib/ecommerce-project/vendor/laravel/framework/src/Illuminate/Http/Middleware/TrustProxies.php(39): Illuminate/Pipeline/Pipeline->Illuminate/Pipeline/{closure}(Object(Illuminate/Http/Request))
#34 C:/Users/admin/Desktop/flutter/ecommerce_java/lib/ecommerce-project/vendor/laravel/framework/src/Illuminate/Pipeline/Pipeline.php(183): Illuminate/Http/Middleware/TrustProxies->handle(Object(Illuminate/Http/Request), Object(Closure))
#35 C:/Users/admin/Desktop/flutter/ecommerce_java/lib/ecommerce-project/vendor/laravel/framework/src/Illuminate/Pipeline/Pipeline.php(119): Illuminate/Pipeline/Pipeline->Illuminate/Pipeline/{closure}(Object(Illuminate/Http/Request))
#36 C:/Users/admin/Desktop/flutter/ecommerce_java/lib/ecommerce-project/vendor/laravel/framework/src/Illuminate/Foundation/Http/Kernel.php(175): Illuminate/Pipeline/Pipeline->then(Object(Closure))
#37 C:/Users/admin/Desktop/flutter/ecommerce_java/lib/ecommerce-project/vendor/laravel/framework/src/Illuminate/Foundation/Http/Kernel.php(144): Illuminate/Foundation/Http/Kernel->sendRequestThroughRouter(Object(Illuminate/Http/Request))
#38 C:/Users/admin/Desktop/flutter/ecommerce_java/lib/ecommerce-project/public/index.php(51): Illuminate/Foundation/Http/Kernel->handle(Object(Illuminate/Http/Request))
#39 C:/Users/admin/Desktop/flutter/ecommerce_java/lib/ecommerce-project/vendor/laravel/framework/src/Illuminate/Foundation/resources/server.php(16): require_once('C://Users//admin//...')
#40 {main}
"} 
[2026-07-07 04:10:07] local.ERROR: syntax error, unexpected token ":", expecting "]" {"exception":"[object] (ParseError(code: 0): syntax error, unexpected token \":\", expecting \"]\" at C:/Users/admin/Desktop/flutter/ecommerce_java/lib/ecommerce-project/app/Http/Controllers/Api/FavoriteController.php:34)
[stacktrace]
#0 C:/Users/admin/Desktop/flutter/ecommerce_java/lib/ecommerce-project/vendor/composer/ClassLoader.php(427): Composer/Autoload/{closure}('C://Users//admin//...')
#1 [internal function]: Composer/Autoload/ClassLoader->loadClass('App//Http//Contro...')
#2 C:/Users/admin/Desktop/flutter/ecommerce_java/lib/ecommerce-project/vendor/laravel/framework/src/Illuminate/Routing/Route.php(1096): is_a('App//Http//Contro...', 'Illuminate//Rout...', true)
#3 C:/Users/admin/Desktop/flutter/ecommerce_java/lib/ecommerce-project/vendor/laravel/framework/src/Illuminate/Routing/Route.php(1035): Illuminate/Routing/Route->controllerMiddleware()
#4 C:/Users/admin/Desktop/flutter/ecommerce_java/lib/ecommerce-project/vendor/laravel/framework/src/Illuminate/Routing/Router.php(818): Illuminate/Routing/Route->gatherMiddleware()
#5 C:/Users/admin/Desktop/flutter/ecommerce_java/lib/ecommerce-project/vendor/laravel/framework/src/Illuminate/Routing/Router.php(800): Illuminate/Routing/Router->gatherRouteMiddleware(Object(Illuminate/Routing/Route))
#6 C:/Users/admin/Desktop/flutter/ecommerce_java/lib/ecommerce-project/vendor/laravel/framework/src/Illuminate/Routing/Router.php(784): Illuminate/Routing/Router->runRouteWithinStack(Object(Illuminate/Routing/Route), Object(Illuminate/Http/Request))
#7 C:/Users/admin/Desktop/flutter/ecommerce_java/lib/ecommerce-project/vendor/laravel/framework/src/Illuminate/Routing/Router.php(748): Illuminate/Routing/Router->runRoute(Object(Illuminate/Http/Request), Object(Illuminate/Routing/Route))
#8 C:/Users/admin/Desktop/flutter/ecommerce_java/lib/ecommerce-project/vendor/laravel/framework/src/Illuminate/Routing/Router.php(737): Illuminate/Routing/Router->dispatchToRoute(Object(Illuminate/Http/Request))
#9 C:/Users/admin/Desktop/flutter/ecommerce_java/lib/ecommerce-project/vendor/laravel/framework/src/Illuminate/Foundation/Http/Kernel.php(200): Illuminate/Routing/Router->dispatch(Object(Illuminate/Http/Request))
#10 C:/Users/admin/Desktop/flutter/ecommerce_java/lib/ecommerce-project/vendor/laravel/framework/src/Illuminate/Pipeline/Pipeline.php(144): Illuminate/Foundation/Http/Kernel->Illuminate/Foundation/Http/{closure}(Object(Illuminate/Http/Request))
#11 C:/Users/admin/Desktop/flutter/ecommerce_java/lib/ecommerce-project/vendor/laravel/framework/src/Illuminate/Foundation/Http/Middleware/TransformsRequest.php(21): Illuminate/Pipeline/Pipeline->Illuminate/Pipeline/{closure}(Object(Illuminate/Http/Request))
#12 C:/Users/admin/Desktop/flutter/ecommerce_java/lib/ecommerce-project/vendor/laravel/framework/src/Illuminate/Foundation/Http/Middleware/ConvertEmptyStringsToNull.php(31): Illuminate/Foundation/Http/Middleware/TransformsRequest->handle(Object(Illuminate/Http/Request), Object(Closure))
#13 C:/Users/admin/Desktop/flutter/ecommerce_java/lib/ecommerce-project/vendor/laravel/framework/src/Illuminate/Pipeline/Pipeline.php(183): Illuminate/Foundation/Http/Middleware/ConvertEmptyStringsToNull->handle(Object(Illuminate/Http/Request), Object(Closure))
#14 C:/Users/admin/Desktop/flutter/ecommerce_java/lib/ecommerce-project/vendor/laravel/framework/src/Illuminate/Foundation/Http/Middleware/TransformsRequest.php(21): Illuminate/Pipeline/Pipeline->Illuminate/Pipeline/{closure}(Object(Illuminate/Http/Request))
#15 C:/Users/admin/Desktop/flutter/ecommerce_java/lib/ecommerce-project/vendor/laravel/framework/src/Illuminate/Foundation/Http/Middleware/TrimStrings.php(40): Illuminate/Foundation/Http/Middleware/TransformsRequest->handle(Object(Illuminate/Http/Request), Object(Closure))
#16 C:/Users/admin/Desktop/flutter/ecommerce_java/lib/ecommerce-project/vendor/laravel/framework/src/Illuminate/Pipeline/Pipeline.php(183): Illuminate/Foundation/Http/Middleware/TrimStrings->handle(Object(Illuminate/Http/Request), Object(Closure))
#17 C:/Users/admin/Desktop/flutter/ecommerce_java/lib/ecommerce-project/vendor/laravel/framework/src/Illuminate/Foundation/Http/Middleware/ValidatePostSize.php(27): Illuminate/Pipeline/Pipeline->Illuminate/Pipeline/{closure}(Object(Illuminate/Http/Request))
#18 C:/Users/admin/Desktop/flutter/ecommerce_java/lib/ecommerce-project/vendor/laravel/framework/src/Illuminate/Pipeline/Pipeline.php(183): Illuminate/Foundation/Http/Middleware/ValidatePostSize->handle(Object(Illuminate/Http/Request), Object(Closure))
#19 C:/Users/admin/Desktop/flutter/ecommerce_java/lib/ecommerce-project/vendor/laravel/framework/src/Illuminate/Foundation/Http/Middleware/PreventRequestsDuringMaintenance.php(99): Illuminate/Pipeline/Pipeline->Illuminate/Pipeline/{closure}(Object(Illuminate/Http/Request))
#20 C:/Users/admin/Desktop/flutter/ecommerce_java/lib/ecommerce-project/vendor/laravel/framework/src/Illuminate/Pipeline/Pipeline.php(183): Illuminate/Foundation/Http/Middleware/PreventRequestsDuringMaintenance->handle(Object(Illuminate/Http/Request), Object(Closure))
#21 C:/Users/admin/Desktop/flutter/ecommerce_java/lib/ecommerce-project/vendor/laravel/framework/src/Illuminate/Http/Middleware/HandleCors.php(62): Illuminate/Pipeline/Pipeline->Illuminate/Pipeline/{closure}(Object(Illuminate/Http/Request))
#22 C:/Users/admin/Desktop/flutter/ecommerce_java/lib/ecommerce-project/vendor/laravel/framework/src/Illuminate/Pipeline/Pipeline.php(183): Illuminate/Http/Middleware/HandleCors->handle(Object(Illuminate/Http/Request), Object(Closure))
#23 C:/Users/admin/Desktop/flutter/ecommerce_java/lib/ecommerce-project/vendor/laravel/framework/src/Illuminate/Http/Middleware/TrustProxies.php(39): Illuminate/Pipeline/Pipeline->Illuminate/Pipeline/{closure}(Object(Illuminate/Http/Request))
#24 C:/Users/admin/Desktop/flutter/ecommerce_java/lib/ecommerce-project/vendor/laravel/framework/src/Illuminate/Pipeline/Pipeline.php(183): Illuminate/Http/Middleware/TrustProxies->handle(Object(Illuminate/Http/Request), Object(Closure))
#25 C:/Users/admin/Desktop/flutter/ecommerce_java/lib/ecommerce-project/vendor/laravel/framework/src/Illuminate/Pipeline/Pipeline.php(119): Illuminate/Pipeline/Pipeline->Illuminate/Pipeline/{closure}(Object(Illuminate/Http/Request))
#26 C:/Users/admin/Desktop/flutter/ecommerce_java/lib/ecommerce-project/vendor/laravel/framework/src/Illuminate/Foundation/Http/Kernel.php(175): Illuminate/Pipeline/Pipeline->then(Object(Closure))
#27 C:/Users/admin/Desktop/flutter/ecommerce_java/lib/ecommerce-project/vendor/laravel/framework/src/Illuminate/Foundation/Http/Kernel.php(144): Illuminate/Foundation/Http/Kernel->sendRequestThroughRouter(Object(Illuminate/Http/Request))
#28 C:/Users/admin/Desktop/flutter/ecommerce_java/lib/ecommerce-project/public/index.php(51): Illuminate/Foundation/Http/Kernel->handle(Object(Illuminate/Http/Request))
#29 C:/Users/admin/Desktop/flutter/ecommerce_java/lib/ecommerce-project/vendor/laravel/framework/src/Illuminate/Foundation/resources/server.php(16): require_once('C://Users//admin//...')
#30 {main}
"} 
[2026-07-07 04:10:11] local.ERROR: syntax error, unexpected token ":", expecting "]" {"exception":"[object] (ParseError(code: 0): syntax error, unexpected token \":\", expecting \"]\" at C:/Users/admin/Desktop/flutter/ecommerce_java/lib/ecommerce-project/app/Http/Controllers/Api/FavoriteController.php:34)
[stacktrace]
#0 C:/Users/admin/Desktop/flutter/ecommerce_java/lib/ecommerce-project/vendor/composer/ClassLoader.php(427): Composer/Autoload/{closure}('C://Users//admin//...')
#1 [internal function]: Composer/Autoload/ClassLoader->loadClass('App//Http//Contro...')
#2 C:/Users/admin/Desktop/flutter/ecommerce_java/lib/ecommerce-project/vendor/laravel/framework/src/Illuminate/Routing/Route.php(1096): is_a('App//Http//Contro...', 'Illuminate//Rout...', true)
#3 C:/Users/admin/Desktop/flutter/ecommerce_java/lib/ecommerce-project/vendor/laravel/framework/src/Illuminate/Routing/Route.php(1035): Illuminate/Routing/Route->controllerMiddleware()
#4 C:/Users/admin/Desktop/flutter/ecommerce_java/lib/ecommerce-project/vendor/laravel/framework/src/Illuminate/Routing/Router.php(818): Illuminate/Routing/Route->gatherMiddleware()
#5 C:/Users/admin/Desktop/flutter/ecommerce_java/lib/ecommerce-project/vendor/laravel/framework/src/Illuminate/Routing/Router.php(800): Illuminate/Routing/Router->gatherRouteMiddleware(Object(Illuminate/Routing/Route))
#6 C:/Users/admin/Desktop/flutter/ecommerce_java/lib/ecommerce-project/vendor/laravel/framework/src/Illuminate/Routing/Router.php(784): Illuminate/Routing/Router->runRouteWithinStack(Object(Illuminate/Routing/Route), Object(Illuminate/Http/Request))
#7 C:/Users/admin/Desktop/flutter/ecommerce_java/lib/ecommerce-project/vendor/laravel/framework/src/Illuminate/Routing/Router.php(748): Illuminate/Routing/Router->runRoute(Object(Illuminate/Http/Request), Object(Illuminate/Routing/Route))
#8 C:/Users/admin/Desktop/flutter/ecommerce_java/lib/ecommerce-project/vendor/laravel/framework/src/Illuminate/Routing/Router.php(737): Illuminate/Routing/Router->dispatchToRoute(Object(Illuminate/Http/Request))
#9 C:/Users/admin/Desktop/flutter/ecommerce_java/lib/ecommerce-project/vendor/laravel/framework/src/Illuminate/Foundation/Http/Kernel.php(200): Illuminate/Routing/Router->dispatch(Object(Illuminate/Http/Request))
#10 C:/Users/admin/Desktop/flutter/ecommerce_java/lib/ecommerce-project/vendor/laravel/framework/src/Illuminate/Pipeline/Pipeline.php(144): Illuminate/Foundation/Http/Kernel->Illuminate/Foundation/Http/{closure}(Object(Illuminate/Http/Request))
#11 C:/Users/admin/Desktop/flutter/ecommerce_java/lib/ecommerce-project/vendor/laravel/framework/src/Illuminate/Foundation/Http/Middleware/TransformsRequest.php(21): Illuminate/Pipeline/Pipeline->Illuminate/Pipeline/{closure}(Object(Illuminate/Http/Request))
#12 C:/Users/admin/Desktop/flutter/ecommerce_java/lib/ecommerce-project/vendor/laravel/framework/src/Illuminate/Foundation/Http/Middleware/ConvertEmptyStringsToNull.php(31): Illuminate/Foundation/Http/Middleware/TransformsRequest->handle(Object(Illuminate/Http/Request), Object(Closure))
#13 C:/Users/admin/Desktop/flutter/ecommerce_java/lib/ecommerce-project/vendor/laravel/framework/src/Illuminate/Pipeline/Pipeline.php(183): Illuminate/Foundation/Http/Middleware/ConvertEmptyStringsToNull->handle(Object(Illuminate/Http/Request), Object(Closure))
#14 C:/Users/admin/Desktop/flutter/ecommerce_java/lib/ecommerce-project/vendor/laravel/framework/src/Illuminate/Foundation/Http/Middleware/TransformsRequest.php(21): Illuminate/Pipeline/Pipeline->Illuminate/Pipeline/{closure}(Object(Illuminate/Http/Request))
#15 C:/Users/admin/Desktop/flutter/ecommerce_java/lib/ecommerce-project/vendor/laravel/framework/src/Illuminate/Foundation/Http/Middleware/TrimStrings.php(40): Illuminate/Foundation/Http/Middleware/TransformsRequest->handle(Object(Illuminate/Http/Request), Object(Closure))
#16 C:/Users/admin/Desktop/flutter/ecommerce_java/lib/ecommerce-project/vendor/laravel/framework/src/Illuminate/Pipeline/Pipeline.php(183): Illuminate/Foundation/Http/Middleware/TrimStrings->handle(Object(Illuminate/Http/Request), Object(Closure))
#17 C:/Users/admin/Desktop/flutter/ecommerce_java/lib/ecommerce-project/vendor/laravel/framework/src/Illuminate/Foundation/Http/Middleware/ValidatePostSize.php(27): Illuminate/Pipeline/Pipeline->Illuminate/Pipeline/{closure}(Object(Illuminate/Http/Request))
#18 C:/Users/admin/Desktop/flutter/ecommerce_java/lib/ecommerce-project/vendor/laravel/framework/src/Illuminate/Pipeline/Pipeline.php(183): Illuminate/Foundation/Http/Middleware/ValidatePostSize->handle(Object(Illuminate/Http/Request), Object(Closure))
#19 C:/Users/admin/Desktop/flutter/ecommerce_java/lib/ecommerce-project/vendor/laravel/framework/src/Illuminate/Foundation/Http/Middleware/PreventRequestsDuringMaintenance.php(99): Illuminate/Pipeline/Pipeline->Illuminate/Pipeline/{closure}(Object(Illuminate/Http/Request))
#20 C:/Users/admin/Desktop/flutter/ecommerce_java/lib/ecommerce-project/vendor/laravel/framework/src/Illuminate/Pipeline/Pipeline.php(183): Illuminate/Foundation/Http/Middleware/PreventRequestsDuringMaintenance->handle(Object(Illuminate/Http/Request), Object(Closure))
#21 C:/Users/admin/Desktop/flutter/ecommerce_java/lib/ecommerce-project/vendor/laravel/framework/src/Illuminate/Http/Middleware/HandleCors.php(62): Illuminate/Pipeline/Pipeline->Illuminate/Pipeline/{closure}(Object(Illuminate/Http/Request))
#22 C:/Users/admin/Desktop/flutter/ecommerce_java/lib/ecommerce-project/vendor/laravel/framework/src/Illuminate/Pipeline/Pipeline.php(183): Illuminate/Http/Middleware/HandleCors->handle(Object(Illuminate/Http/Request), Object(Closure))
#23 C:/Users/admin/Desktop/flutter/ecommerce_java/lib/ecommerce-project/vendor/laravel/framework/src/Illuminate/Http/Middleware/TrustProxies.php(39): Illuminate/Pipeline/Pipeline->Illuminate/Pipeline/{closure}(Object(Illuminate/Http/Request))
#24 C:/Users/admin/Desktop/flutter/ecommerce_java/lib/ecommerce-project/vendor/laravel/framework/src/Illuminate/Pipeline/Pipeline.php(183): Illuminate/Http/Middleware/TrustProxies->handle(Object(Illuminate/Http/Request), Object(Closure))
#25 C:/Users/admin/Desktop/flutter/ecommerce_java/lib/ecommerce-project/vendor/laravel/framework/src/Illuminate/Pipeline/Pipeline.php(119): Illuminate/Pipeline/Pipeline->Illuminate/Pipeline/{closure}(Object(Illuminate/Http/Request))
#26 C:/Users/admin/Desktop/flutter/ecommerce_java/lib/ecommerce-project/vendor/laravel/framework/src/Illuminate/Foundation/Http/Kernel.php(175): Illuminate/Pipeline/Pipeline->then(Object(Closure))
#27 C:/Users/admin/Desktop/flutter/ecommerce_java/lib/ecommerce-project/vendor/laravel/framework/src/Illuminate/Foundation/Http/Kernel.php(144): Illuminate/Foundation/Http/Kernel->sendRequestThroughRouter(Object(Illuminate/Http/Request))
#28 C:/Users/admin/Desktop/flutter/ecommerce_java/lib/ecommerce-project/public/index.php(51): Illuminate/Foundation/Http/Kernel->handle(Object(Illuminate/Http/Request))
#29 C:/Users/admin/Desktop/flutter/ecommerce_java/lib/ecommerce-project/vendor/laravel/framework/src/Illuminate/Foundation/resources/server.php(16): require_once('C://Users//admin//...')
#30 {main}
"} 
[2026-07-07 04:14:28] local.ERROR: syntax error, unexpected single-quoted string "status", expecting "]" {"exception":"[object] (ParseError(code: 0): syntax error, unexpected single-quoted string \"status\", expecting \"]\" at C:/Users/admin/Desktop/flutter/ecommerce_java/lib/ecommerce-project/app/Http/Controllers/Api/FavoriteController.php:50)
[stacktrace]
#0 C:/Users/admin/Desktop/flutter/ecommerce_java/lib/ecommerce-project/vendor/composer/ClassLoader.php(427): Composer/Autoload/{closure}('C://Users//admin//...')
#1 [internal function]: Composer/Autoload/ClassLoader->loadClass('App//Http//Contro...')
#2 C:/Users/admin/Desktop/flutter/ecommerce_java/lib/ecommerce-project/vendor/laravel/framework/src/Illuminate/Routing/Route.php(1096): is_a('App//Http//Contro...', 'Illuminate//Rout...', true)
#3 C:/Users/admin/Desktop/flutter/ecommerce_java/lib/ecommerce-project/vendor/laravel/framework/src/Illuminate/Routing/Route.php(1035): Illuminate/Routing/Route->controllerMiddleware()
#4 C:/Users/admin/Desktop/flutter/ecommerce_java/lib/ecommerce-project/vendor/laravel/framework/src/Illuminate/Routing/Router.php(818): Illuminate/Routing/Route->gatherMiddleware()
#5 C:/Users/admin/Desktop/flutter/ecommerce_java/lib/ecommerce-project/vendor/laravel/framework/src/Illuminate/Routing/Router.php(800): Illuminate/Routing/Router->gatherRouteMiddleware(Object(Illuminate/Routing/Route))
#6 C:/Users/admin/Desktop/flutter/ecommerce_java/lib/ecommerce-project/vendor/laravel/framework/src/Illuminate/Routing/Router.php(784): Illuminate/Routing/Router->runRouteWithinStack(Object(Illuminate/Routing/Route), Object(Illuminate/Http/Request))
#7 C:/Users/admin/Desktop/flutter/ecommerce_java/lib/ecommerce-project/vendor/laravel/framework/src/Illuminate/Routing/Router.php(748): Illuminate/Routing/Router->runRoute(Object(Illuminate/Http/Request), Object(Illuminate/Routing/Route))
#8 C:/Users/admin/Desktop/flutter/ecommerce_java/lib/ecommerce-project/vendor/laravel/framework/src/Illuminate/Routing/Router.php(737): Illuminate/Routing/Router->dispatchToRoute(Object(Illuminate/Http/Request))
#9 C:/Users/admin/Desktop/flutter/ecommerce_java/lib/ecommerce-project/vendor/laravel/framework/src/Illuminate/Foundation/Http/Kernel.php(200): Illuminate/Routing/Router->dispatch(Object(Illuminate/Http/Request))
#10 C:/Users/admin/Desktop/flutter/ecommerce_java/lib/ecommerce-project/vendor/laravel/framework/src/Illuminate/Pipeline/Pipeline.php(144): Illuminate/Foundation/Http/Kernel->Illuminate/Foundation/Http/{closure}(Object(Illuminate/Http/Request))
#11 C:/Users/admin/Desktop/flutter/ecommerce_java/lib/ecommerce-project/vendor/laravel/framework/src/Illuminate/Foundation/Http/Middleware/TransformsRequest.php(21): Illuminate/Pipeline/Pipeline->Illuminate/Pipeline/{closure}(Object(Illuminate/Http/Request))
#12 C:/Users/admin/Desktop/flutter/ecommerce_java/lib/ecommerce-project/vendor/laravel/framework/src/Illuminate/Foundation/Http/Middleware/ConvertEmptyStringsToNull.php(31): Illuminate/Foundation/Http/Middleware/TransformsRequest->handle(Object(Illuminate/Http/Request), Object(Closure))
#13 C:/Users/admin/Desktop/flutter/ecommerce_java/lib/ecommerce-project/vendor/laravel/framework/src/Illuminate/Pipeline/Pipeline.php(183): Illuminate/Foundation/Http/Middleware/ConvertEmptyStringsToNull->handle(Object(Illuminate/Http/Request), Object(Closure))
#14 C:/Users/admin/Desktop/flutter/ecommerce_java/lib/ecommerce-project/vendor/laravel/framework/src/Illuminate/Foundation/Http/Middleware/TransformsRequest.php(21): Illuminate/Pipeline/Pipeline->Illuminate/Pipeline/{closure}(Object(Illuminate/Http/Request))
#15 C:/Users/admin/Desktop/flutter/ecommerce_java/lib/ecommerce-project/vendor/laravel/framework/src/Illuminate/Foundation/Http/Middleware/TrimStrings.php(40): Illuminate/Foundation/Http/Middleware/TransformsRequest->handle(Object(Illuminate/Http/Request), Object(Closure))
#16 C:/Users/admin/Desktop/flutter/ecommerce_java/lib/ecommerce-project/vendor/laravel/framework/src/Illuminate/Pipeline/Pipeline.php(183): Illuminate/Foundation/Http/Middleware/TrimStrings->handle(Object(Illuminate/Http/Request), Object(Closure))
#17 C:/Users/admin/Desktop/flutter/ecommerce_java/lib/ecommerce-project/vendor/laravel/framework/src/Illuminate/Foundation/Http/Middleware/ValidatePostSize.php(27): Illuminate/Pipeline/Pipeline->Illuminate/Pipeline/{closure}(Object(Illuminate/Http/Request))
#18 C:/Users/admin/Desktop/flutter/ecommerce_java/lib/ecommerce-project/vendor/laravel/framework/src/Illuminate/Pipeline/Pipeline.php(183): Illuminate/Foundation/Http/Middleware/ValidatePostSize->handle(Object(Illuminate/Http/Request), Object(Closure))
#19 C:/Users/admin/Desktop/flutter/ecommerce_java/lib/ecommerce-project/vendor/laravel/framework/src/Illuminate/Foundation/Http/Middleware/PreventRequestsDuringMaintenance.php(99): Illuminate/Pipeline/Pipeline->Illuminate/Pipeline/{closure}(Object(Illuminate/Http/Request))
#20 C:/Users/admin/Desktop/flutter/ecommerce_java/lib/ecommerce-project/vendor/laravel/framework/src/Illuminate/Pipeline/Pipeline.php(183): Illuminate/Foundation/Http/Middleware/PreventRequestsDuringMaintenance->handle(Object(Illuminate/Http/Request), Object(Closure))
#21 C:/Users/admin/Desktop/flutter/ecommerce_java/lib/ecommerce-project/vendor/laravel/framework/src/Illuminate/Http/Middleware/HandleCors.php(62): Illuminate/Pipeline/Pipeline->Illuminate/Pipeline/{closure}(Object(Illuminate/Http/Request))
#22 C:/Users/admin/Desktop/flutter/ecommerce_java/lib/ecommerce-project/vendor/laravel/framework/src/Illuminate/Pipeline/Pipeline.php(183): Illuminate/Http/Middleware/HandleCors->handle(Object(Illuminate/Http/Request), Object(Closure))
#23 C:/Users/admin/Desktop/flutter/ecommerce_java/lib/ecommerce-project/vendor/laravel/framework/src/Illuminate/Http/Middleware/TrustProxies.php(39): Illuminate/Pipeline/Pipeline->Illuminate/Pipeline/{closure}(Object(Illuminate/Http/Request))
#24 C:/Users/admin/Desktop/flutter/ecommerce_java/lib/ecommerce-project/vendor/laravel/framework/src/Illuminate/Pipeline/Pipeline.php(183): Illuminate/Http/Middleware/TrustProxies->handle(Object(Illuminate/Http/Request), Object(Closure))
#25 C:/Users/admin/Desktop/flutter/ecommerce_java/lib/ecommerce-project/vendor/laravel/framework/src/Illuminate/Pipeline/Pipeline.php(119): Illuminate/Pipeline/Pipeline->Illuminate/Pipeline/{closure}(Object(Illuminate/Http/Request))
#26 C:/Users/admin/Desktop/flutter/ecommerce_java/lib/ecommerce-project/vendor/laravel/framework/src/Illuminate/Foundation/Http/Kernel.php(175): Illuminate/Pipeline/Pipeline->then(Object(Closure))
#27 C:/Users/admin/Desktop/flutter/ecommerce_java/lib/ecommerce-project/vendor/laravel/framework/src/Illuminate/Foundation/Http/Kernel.php(144): Illuminate/Foundation/Http/Kernel->sendRequestThroughRouter(Object(Illuminate/Http/Request))
#28 C:/Users/admin/Desktop/flutter/ecommerce_java/lib/ecommerce-project/public/index.php(51): Illuminate/Foundation/Http/Kernel->handle(Object(Illuminate/Http/Request))
#29 C:/Users/admin/Desktop/flutter/ecommerce_java/lib/ecommerce-project/vendor/laravel/framework/src/Illuminate/Foundation/resources/server.php(16): require_once('C://Users//admin//...')
#30 {main}
"} 
[2026-07-07 04:15:09] local.ERROR: syntax error, unexpected single-quoted string "status", expecting "]" {"exception":"[object] (ParseError(code: 0): syntax error, unexpected single-quoted string \"status\", expecting \"]\" at C:/Users/admin/Desktop/flutter/ecommerce_java/lib/ecommerce-project/app/Http/Controllers/Api/FavoriteController.php:50)
[stacktrace]
#0 C:/Users/admin/Desktop/flutter/ecommerce_java/lib/ecommerce-project/vendor/composer/ClassLoader.php(427): Composer/Autoload/{closure}('C://Users//admin//...')
#1 [internal function]: Composer/Autoload/ClassLoader->loadClass('App//Http//Contro...')
#2 C:/Users/admin/Desktop/flutter/ecommerce_java/lib/ecommerce-project/vendor/laravel/framework/src/Illuminate/Routing/Route.php(1096): is_a('App//Http//Contro...', 'Illuminate//Rout...', true)
#3 C:/Users/admin/Desktop/flutter/ecommerce_java/lib/ecommerce-project/vendor/laravel/framework/src/Illuminate/Routing/Route.php(1035): Illuminate/Routing/Route->controllerMiddleware()
#4 C:/Users/admin/Desktop/flutter/ecommerce_java/lib/ecommerce-project/vendor/laravel/framework/src/Illuminate/Routing/Router.php(818): Illuminate/Routing/Route->gatherMiddleware()
#5 C:/Users/admin/Desktop/flutter/ecommerce_java/lib/ecommerce-project/vendor/laravel/framework/src/Illuminate/Routing/Router.php(800): Illuminate/Routing/Router->gatherRouteMiddleware(Object(Illuminate/Routing/Route))
#6 C:/Users/admin/Desktop/flutter/ecommerce_java/lib/ecommerce-project/vendor/laravel/framework/src/Illuminate/Routing/Router.php(784): Illuminate/Routing/Router->runRouteWithinStack(Object(Illuminate/Routing/Route), Object(Illuminate/Http/Request))
#7 C:/Users/admin/Desktop/flutter/ecommerce_java/lib/ecommerce-project/vendor/laravel/framework/src/Illuminate/Routing/Router.php(748): Illuminate/Routing/Router->runRoute(Object(Illuminate/Http/Request), Object(Illuminate/Routing/Route))
#8 C:/Users/admin/Desktop/flutter/ecommerce_java/lib/ecommerce-project/vendor/laravel/framework/src/Illuminate/Routing/Router.php(737): Illuminate/Routing/Router->dispatchToRoute(Object(Illuminate/Http/Request))
#9 C:/Users/admin/Desktop/flutter/ecommerce_java/lib/ecommerce-project/vendor/laravel/framework/src/Illuminate/Foundation/Http/Kernel.php(200): Illuminate/Routing/Router->dispatch(Object(Illuminate/Http/Request))
#10 C:/Users/admin/Desktop/flutter/ecommerce_java/lib/ecommerce-project/vendor/laravel/framework/src/Illuminate/Pipeline/Pipeline.php(144): Illuminate/Foundation/Http/Kernel->Illuminate/Foundation/Http/{closure}(Object(Illuminate/Http/Request))
#11 C:/Users/admin/Desktop/flutter/ecommerce_java/lib/ecommerce-project/vendor/laravel/framework/src/Illuminate/Foundation/Http/Middleware/TransformsRequest.php(21): Illuminate/Pipeline/Pipeline->Illuminate/Pipeline/{closure}(Object(Illuminate/Http/Request))
#12 C:/Users/admin/Desktop/flutter/ecommerce_java/lib/ecommerce-project/vendor/laravel/framework/src/Illuminate/Foundation/Http/Middleware/ConvertEmptyStringsToNull.php(31): Illuminate/Foundation/Http/Middleware/TransformsRequest->handle(Object(Illuminate/Http/Request), Object(Closure))
#13 C:/Users/admin/Desktop/flutter/ecommerce_java/lib/ecommerce-project/vendor/laravel/framework/src/Illuminate/Pipeline/Pipeline.php(183): Illuminate/Foundation/Http/Middleware/ConvertEmptyStringsToNull->handle(Object(Illuminate/Http/Request), Object(Closure))
#14 C:/Users/admin/Desktop/flutter/ecommerce_java/lib/ecommerce-project/vendor/laravel/framework/src/Illuminate/Foundation/Http/Middleware/TransformsRequest.php(21): Illuminate/Pipeline/Pipeline->Illuminate/Pipeline/{closure}(Object(Illuminate/Http/Request))
#15 C:/Users/admin/Desktop/flutter/ecommerce_java/lib/ecommerce-project/vendor/laravel/framework/src/Illuminate/Foundation/Http/Middleware/TrimStrings.php(40): Illuminate/Foundation/Http/Middleware/TransformsRequest->handle(Object(Illuminate/Http/Request), Object(Closure))
#16 C:/Users/admin/Desktop/flutter/ecommerce_java/lib/ecommerce-project/vendor/laravel/framework/src/Illuminate/Pipeline/Pipeline.php(183): Illuminate/Foundation/Http/Middleware/TrimStrings->handle(Object(Illuminate/Http/Request), Object(Closure))
#17 C:/Users/admin/Desktop/flutter/ecommerce_java/lib/ecommerce-project/vendor/laravel/framework/src/Illuminate/Foundation/Http/Middleware/ValidatePostSize.php(27): Illuminate/Pipeline/Pipeline->Illuminate/Pipeline/{closure}(Object(Illuminate/Http/Request))
#18 C:/Users/admin/Desktop/flutter/ecommerce_java/lib/ecommerce-project/vendor/laravel/framework/src/Illuminate/Pipeline/Pipeline.php(183): Illuminate/Foundation/Http/Middleware/ValidatePostSize->handle(Object(Illuminate/Http/Request), Object(Closure))
#19 C:/Users/admin/Desktop/flutter/ecommerce_java/lib/ecommerce-project/vendor/laravel/framework/src/Illuminate/Foundation/Http/Middleware/PreventRequestsDuringMaintenance.php(99): Illuminate/Pipeline/Pipeline->Illuminate/Pipeline/{closure}(Object(Illuminate/Http/Request))
#20 C:/Users/admin/Desktop/flutter/ecommerce_java/lib/ecommerce-project/vendor/laravel/framework/src/Illuminate/Pipeline/Pipeline.php(183): Illuminate/Foundation/Http/Middleware/PreventRequestsDuringMaintenance->handle(Object(Illuminate/Http/Request), Object(Closure))
#21 C:/Users/admin/Desktop/flutter/ecommerce_java/lib/ecommerce-project/vendor/laravel/framework/src/Illuminate/Http/Middleware/HandleCors.php(62): Illuminate/Pipeline/Pipeline->Illuminate/Pipeline/{closure}(Object(Illuminate/Http/Request))
#22 C:/Users/admin/Desktop/flutter/ecommerce_java/lib/ecommerce-project/vendor/laravel/framework/src/Illuminate/Pipeline/Pipeline.php(183): Illuminate/Http/Middleware/HandleCors->handle(Object(Illuminate/Http/Request), Object(Closure))
#23 C:/Users/admin/Desktop/flutter/ecommerce_java/lib/ecommerce-project/vendor/laravel/framework/src/Illuminate/Http/Middleware/TrustProxies.php(39): Illuminate/Pipeline/Pipeline->Illuminate/Pipeline/{closure}(Object(Illuminate/Http/Request))
#24 C:/Users/admin/Desktop/flutter/ecommerce_java/lib/ecommerce-project/vendor/laravel/framework/src/Illuminate/Pipeline/Pipeline.php(183): Illuminate/Http/Middleware/TrustProxies->handle(Object(Illuminate/Http/Request), Object(Closure))
#25 C:/Users/admin/Desktop/flutter/ecommerce_java/lib/ecommerce-project/vendor/laravel/framework/src/Illuminate/Pipeline/Pipeline.php(119): Illuminate/Pipeline/Pipeline->Illuminate/Pipeline/{closure}(Object(Illuminate/Http/Request))
#26 C:/Users/admin/Desktop/flutter/ecommerce_java/lib/ecommerce-project/vendor/laravel/framework/src/Illuminate/Foundation/Http/Kernel.php(175): Illuminate/Pipeline/Pipeline->then(Object(Closure))
#27 C:/Users/admin/Desktop/flutter/ecommerce_java/lib/ecommerce-project/vendor/laravel/framework/src/Illuminate/Foundation/Http/Kernel.php(144): Illuminate/Foundation/Http/Kernel->sendRequestThroughRouter(Object(Illuminate/Http/Request))
#28 C:/Users/admin/Desktop/flutter/ecommerce_java/lib/ecommerce-project/public/index.php(51): Illuminate/Foundation/Http/Kernel->handle(Object(Illuminate/Http/Request))
#29 C:/Users/admin/Desktop/flutter/ecommerce_java/lib/ecommerce-project/vendor/laravel/framework/src/Illuminate/Foundation/resources/server.php(16): require_once('C://Users//admin//...')
#30 {main}
"} 
[2026-07-07 04:15:13] local.ERROR: syntax error, unexpected single-quoted string "status", expecting "]" {"exception":"[object] (ParseError(code: 0): syntax error, unexpected single-quoted string \"status\", expecting \"]\" at C:/Users/admin/Desktop/flutter/ecommerce_java/lib/ecommerce-project/app/Http/Controllers/Api/FavoriteController.php:50)
[stacktrace]
#0 C:/Users/admin/Desktop/flutter/ecommerce_java/lib/ecommerce-project/vendor/composer/ClassLoader.php(427): Composer/Autoload/{closure}('C://Users//admin//...')
#1 [internal function]: Composer/Autoload/ClassLoader->loadClass('App//Http//Contro...')
#2 C:/Users/admin/Desktop/flutter/ecommerce_java/lib/ecommerce-project/vendor/laravel/framework/src/Illuminate/Routing/Route.php(1096): is_a('App//Http//Contro...', 'Illuminate//Rout...', true)
#3 C:/Users/admin/Desktop/flutter/ecommerce_java/lib/ecommerce-project/vendor/laravel/framework/src/Illuminate/Routing/Route.php(1035): Illuminate/Routing/Route->controllerMiddleware()
#4 C:/Users/admin/Desktop/flutter/ecommerce_java/lib/ecommerce-project/vendor/laravel/framework/src/Illuminate/Routing/Router.php(818): Illuminate/Routing/Route->gatherMiddleware()
#5 C:/Users/admin/Desktop/flutter/ecommerce_java/lib/ecommerce-project/vendor/laravel/framework/src/Illuminate/Routing/Router.php(800): Illuminate/Routing/Router->gatherRouteMiddleware(Object(Illuminate/Routing/Route))
#6 C:/Users/admin/Desktop/flutter/ecommerce_java/lib/ecommerce-project/vendor/laravel/framework/src/Illuminate/Routing/Router.php(784): Illuminate/Routing/Router->runRouteWithinStack(Object(Illuminate/Routing/Route), Object(Illuminate/Http/Request))
#7 C:/Users/admin/Desktop/flutter/ecommerce_java/lib/ecommerce-project/vendor/laravel/framework/src/Illuminate/Routing/Router.php(748): Illuminate/Routing/Router->runRoute(Object(Illuminate/Http/Request), Object(Illuminate/Routing/Route))
#8 C:/Users/admin/Desktop/flutter/ecommerce_java/lib/ecommerce-project/vendor/laravel/framework/src/Illuminate/Routing/Router.php(737): Illuminate/Routing/Router->dispatchToRoute(Object(Illuminate/Http/Request))
#9 C:/Users/admin/Desktop/flutter/ecommerce_java/lib/ecommerce-project/vendor/laravel/framework/src/Illuminate/Foundation/Http/Kernel.php(200): Illuminate/Routing/Router->dispatch(Object(Illuminate/Http/Request))
#10 C:/Users/admin/Desktop/flutter/ecommerce_java/lib/ecommerce-project/vendor/laravel/framework/src/Illuminate/Pipeline/Pipeline.php(144): Illuminate/Foundation/Http/Kernel->Illuminate/Foundation/Http/{closure}(Object(Illuminate/Http/Request))
#11 C:/Users/admin/Desktop/flutter/ecommerce_java/lib/ecommerce-project/vendor/laravel/framework/src/Illuminate/Foundation/Http/Middleware/TransformsRequest.php(21): Illuminate/Pipeline/Pipeline->Illuminate/Pipeline/{closure}(Object(Illuminate/Http/Request))
#12 C:/Users/admin/Desktop/flutter/ecommerce_java/lib/ecommerce-project/vendor/laravel/framework/src/Illuminate/Foundation/Http/Middleware/ConvertEmptyStringsToNull.php(31): Illuminate/Foundation/Http/Middleware/TransformsRequest->handle(Object(Illuminate/Http/Request), Object(Closure))
#13 C:/Users/admin/Desktop/flutter/ecommerce_java/lib/ecommerce-project/vendor/laravel/framework/src/Illuminate/Pipeline/Pipeline.php(183): Illuminate/Foundation/Http/Middleware/ConvertEmptyStringsToNull->handle(Object(Illuminate/Http/Request), Object(Closure))
#14 C:/Users/admin/Desktop/flutter/ecommerce_java/lib/ecommerce-project/vendor/laravel/framework/src/Illuminate/Foundation/Http/Middleware/TransformsRequest.php(21): Illuminate/Pipeline/Pipeline->Illuminate/Pipeline/{closure}(Object(Illuminate/Http/Request))
#15 C:/Users/admin/Desktop/flutter/ecommerce_java/lib/ecommerce-project/vendor/laravel/framework/src/Illuminate/Foundation/Http/Middleware/TrimStrings.php(40): Illuminate/Foundation/Http/Middleware/TransformsRequest->handle(Object(Illuminate/Http/Request), Object(Closure))
#16 C:/Users/admin/Desktop/flutter/ecommerce_java/lib/ecommerce-project/vendor/laravel/framework/src/Illuminate/Pipeline/Pipeline.php(183): Illuminate/Foundation/Http/Middleware/TrimStrings->handle(Object(Illuminate/Http/Request), Object(Closure))
#17 C:/Users/admin/Desktop/flutter/ecommerce_java/lib/ecommerce-project/vendor/laravel/framework/src/Illuminate/Foundation/Http/Middleware/ValidatePostSize.php(27): Illuminate/Pipeline/Pipeline->Illuminate/Pipeline/{closure}(Object(Illuminate/Http/Request))
#18 C:/Users/admin/Desktop/flutter/ecommerce_java/lib/ecommerce-project/vendor/laravel/framework/src/Illuminate/Pipeline/Pipeline.php(183): Illuminate/Foundation/Http/Middleware/ValidatePostSize->handle(Object(Illuminate/Http/Request), Object(Closure))
#19 C:/Users/admin/Desktop/flutter/ecommerce_java/lib/ecommerce-project/vendor/laravel/framework/src/Illuminate/Foundation/Http/Middleware/PreventRequestsDuringMaintenance.php(99): Illuminate/Pipeline/Pipeline->Illuminate/Pipeline/{closure}(Object(Illuminate/Http/Request))
#20 C:/Users/admin/Desktop/flutter/ecommerce_java/lib/ecommerce-project/vendor/laravel/framework/src/Illuminate/Pipeline/Pipeline.php(183): Illuminate/Foundation/Http/Middleware/PreventRequestsDuringMaintenance->handle(Object(Illuminate/Http/Request), Object(Closure))
#21 C:/Users/admin/Desktop/flutter/ecommerce_java/lib/ecommerce-project/vendor/laravel/framework/src/Illuminate/Http/Middleware/HandleCors.php(62): Illuminate/Pipeline/Pipeline->Illuminate/Pipeline/{closure}(Object(Illuminate/Http/Request))
#22 C:/Users/admin/Desktop/flutter/ecommerce_java/lib/ecommerce-project/vendor/laravel/framework/src/Illuminate/Pipeline/Pipeline.php(183): Illuminate/Http/Middleware/HandleCors->handle(Object(Illuminate/Http/Request), Object(Closure))
#23 C:/Users/admin/Desktop/flutter/ecommerce_java/lib/ecommerce-project/vendor/laravel/framework/src/Illuminate/Http/Middleware/TrustProxies.php(39): Illuminate/Pipeline/Pipeline->Illuminate/Pipeline/{closure}(Object(Illuminate/Http/Request))
#24 C:/Users/admin/Desktop/flutter/ecommerce_java/lib/ecommerce-project/vendor/laravel/framework/src/Illuminate/Pipeline/Pipeline.php(183): Illuminate/Http/Middleware/TrustProxies->handle(Object(Illuminate/Http/Request), Object(Closure))
#25 C:/Users/admin/Desktop/flutter/ecommerce_java/lib/ecommerce-project/vendor/laravel/framework/src/Illuminate/Pipeline/Pipeline.php(119): Illuminate/Pipeline/Pipeline->Illuminate/Pipeline/{closure}(Object(Illuminate/Http/Request))
#26 C:/Users/admin/Desktop/flutter/ecommerce_java/lib/ecommerce-project/vendor/laravel/framework/src/Illuminate/Foundation/Http/Kernel.php(175): Illuminate/Pipeline/Pipeline->then(Object(Closure))
#27 C:/Users/admin/Desktop/flutter/ecommerce_java/lib/ecommerce-project/vendor/laravel/framework/src/Illuminate/Foundation/Http/Kernel.php(144): Illuminate/Foundation/Http/Kernel->sendRequestThroughRouter(Object(Illuminate/Http/Request))
#28 C:/Users/admin/Desktop/flutter/ecommerce_java/lib/ecommerce-project/public/index.php(51): Illuminate/Foundation/Http/Kernel->handle(Object(Illuminate/Http/Request))
#29 C:/Users/admin/Desktop/flutter/ecommerce_java/lib/ecommerce-project/vendor/laravel/framework/src/Illuminate/Foundation/resources/server.php(16): require_once('C://Users//admin//...')
#30 {main}
"} 
[2026-07-07 04:15:47] local.ERROR: syntax error, unexpected single-quoted string "status", expecting "]" {"exception":"[object] (ParseError(code: 0): syntax error, unexpected single-quoted string \"status\", expecting \"]\" at C:/Users/admin/Desktop/flutter/ecommerce_java/lib/ecommerce-project/app/Http/Controllers/Api/FavoriteController.php:50)
[stacktrace]
#0 C:/Users/admin/Desktop/flutter/ecommerce_java/lib/ecommerce-project/vendor/composer/ClassLoader.php(427): Composer/Autoload/{closure}('C://Users//admin//...')
#1 [internal function]: Composer/Autoload/ClassLoader->loadClass('App//Http//Contro...')
#2 C:/Users/admin/Desktop/flutter/ecommerce_java/lib/ecommerce-project/vendor/laravel/framework/src/Illuminate/Routing/Route.php(1096): is_a('App//Http//Contro...', 'Illuminate//Rout...', true)
#3 C:/Users/admin/Desktop/flutter/ecommerce_java/lib/ecommerce-project/vendor/laravel/framework/src/Illuminate/Routing/Route.php(1035): Illuminate/Routing/Route->controllerMiddleware()
#4 C:/Users/admin/Desktop/flutter/ecommerce_java/lib/ecommerce-project/vendor/laravel/framework/src/Illuminate/Routing/Router.php(818): Illuminate/Routing/Route->gatherMiddleware()
#5 C:/Users/admin/Desktop/flutter/ecommerce_java/lib/ecommerce-project/vendor/laravel/framework/src/Illuminate/Routing/Router.php(800): Illuminate/Routing/Router->gatherRouteMiddleware(Object(Illuminate/Routing/Route))
#6 C:/Users/admin/Desktop/flutter/ecommerce_java/lib/ecommerce-project/vendor/laravel/framework/src/Illuminate/Routing/Router.php(784): Illuminate/Routing/Router->runRouteWithinStack(Object(Illuminate/Routing/Route), Object(Illuminate/Http/Request))
#7 C:/Users/admin/Desktop/flutter/ecommerce_java/lib/ecommerce-project/vendor/laravel/framework/src/Illuminate/Routing/Router.php(748): Illuminate/Routing/Router->runRoute(Object(Illuminate/Http/Request), Object(Illuminate/Routing/Route))
#8 C:/Users/admin/Desktop/flutter/ecommerce_java/lib/ecommerce-project/vendor/laravel/framework/src/Illuminate/Routing/Router.php(737): Illuminate/Routing/Router->dispatchToRoute(Object(Illuminate/Http/Request))
#9 C:/Users/admin/Desktop/flutter/ecommerce_java/lib/ecommerce-project/vendor/laravel/framework/src/Illuminate/Foundation/Http/Kernel.php(200): Illuminate/Routing/Router->dispatch(Object(Illuminate/Http/Request))
#10 C:/Users/admin/Desktop/flutter/ecommerce_java/lib/ecommerce-project/vendor/laravel/framework/src/Illuminate/Pipeline/Pipeline.php(144): Illuminate/Foundation/Http/Kernel->Illuminate/Foundation/Http/{closure}(Object(Illuminate/Http/Request))
#11 C:/Users/admin/Desktop/flutter/ecommerce_java/lib/ecommerce-project/vendor/laravel/framework/src/Illuminate/Foundation/Http/Middleware/TransformsRequest.php(21): Illuminate/Pipeline/Pipeline->Illuminate/Pipeline/{closure}(Object(Illuminate/Http/Request))
#12 C:/Users/admin/Desktop/flutter/ecommerce_java/lib/ecommerce-project/vendor/laravel/framework/src/Illuminate/Foundation/Http/Middleware/ConvertEmptyStringsToNull.php(31): Illuminate/Foundation/Http/Middleware/TransformsRequest->handle(Object(Illuminate/Http/Request), Object(Closure))
#13 C:/Users/admin/Desktop/flutter/ecommerce_java/lib/ecommerce-project/vendor/laravel/framework/src/Illuminate/Pipeline/Pipeline.php(183): Illuminate/Foundation/Http/Middleware/ConvertEmptyStringsToNull->handle(Object(Illuminate/Http/Request), Object(Closure))
#14 C:/Users/admin/Desktop/flutter/ecommerce_java/lib/ecommerce-project/vendor/laravel/framework/src/Illuminate/Foundation/Http/Middleware/TransformsRequest.php(21): Illuminate/Pipeline/Pipeline->Illuminate/Pipeline/{closure}(Object(Illuminate/Http/Request))
#15 C:/Users/admin/Desktop/flutter/ecommerce_java/lib/ecommerce-project/vendor/laravel/framework/src/Illuminate/Foundation/Http/Middleware/TrimStrings.php(40): Illuminate/Foundation/Http/Middleware/TransformsRequest->handle(Object(Illuminate/Http/Request), Object(Closure))
#16 C:/Users/admin/Desktop/flutter/ecommerce_java/lib/ecommerce-project/vendor/laravel/framework/src/Illuminate/Pipeline/Pipeline.php(183): Illuminate/Foundation/Http/Middleware/TrimStrings->handle(Object(Illuminate/Http/Request), Object(Closure))
#17 C:/Users/admin/Desktop/flutter/ecommerce_java/lib/ecommerce-project/vendor/laravel/framework/src/Illuminate/Foundation/Http/Middleware/ValidatePostSize.php(27): Illuminate/Pipeline/Pipeline->Illuminate/Pipeline/{closure}(Object(Illuminate/Http/Request))
#18 C:/Users/admin/Desktop/flutter/ecommerce_java/lib/ecommerce-project/vendor/laravel/framework/src/Illuminate/Pipeline/Pipeline.php(183): Illuminate/Foundation/Http/Middleware/ValidatePostSize->handle(Object(Illuminate/Http/Request), Object(Closure))
#19 C:/Users/admin/Desktop/flutter/ecommerce_java/lib/ecommerce-project/vendor/laravel/framework/src/Illuminate/Foundation/Http/Middleware/PreventRequestsDuringMaintenance.php(99): Illuminate/Pipeline/Pipeline->Illuminate/Pipeline/{closure}(Object(Illuminate/Http/Request))
#20 C:/Users/admin/Desktop/flutter/ecommerce_java/lib/ecommerce-project/vendor/laravel/framework/src/Illuminate/Pipeline/Pipeline.php(183): Illuminate/Foundation/Http/Middleware/PreventRequestsDuringMaintenance->handle(Object(Illuminate/Http/Request), Object(Closure))
#21 C:/Users/admin/Desktop/flutter/ecommerce_java/lib/ecommerce-project/vendor/laravel/framework/src/Illuminate/Http/Middleware/HandleCors.php(62): Illuminate/Pipeline/Pipeline->Illuminate/Pipeline/{closure}(Object(Illuminate/Http/Request))
#22 C:/Users/admin/Desktop/flutter/ecommerce_java/lib/ecommerce-project/vendor/laravel/framework/src/Illuminate/Pipeline/Pipeline.php(183): Illuminate/Http/Middleware/HandleCors->handle(Object(Illuminate/Http/Request), Object(Closure))
#23 C:/Users/admin/Desktop/flutter/ecommerce_java/lib/ecommerce-project/vendor/laravel/framework/src/Illuminate/Http/Middleware/TrustProxies.php(39): Illuminate/Pipeline/Pipeline->Illuminate/Pipeline/{closure}(Object(Illuminate/Http/Request))
#24 C:/Users/admin/Desktop/flutter/ecommerce_java/lib/ecommerce-project/vendor/laravel/framework/src/Illuminate/Pipeline/Pipeline.php(183): Illuminate/Http/Middleware/TrustProxies->handle(Object(Illuminate/Http/Request), Object(Closure))
#25 C:/Users/admin/Desktop/flutter/ecommerce_java/lib/ecommerce-project/vendor/laravel/framework/src/Illuminate/Pipeline/Pipeline.php(119): Illuminate/Pipeline/Pipeline->Illuminate/Pipeline/{closure}(Object(Illuminate/Http/Request))
#26 C:/Users/admin/Desktop/flutter/ecommerce_java/lib/ecommerce-project/vendor/laravel/framework/src/Illuminate/Foundation/Http/Kernel.php(175): Illuminate/Pipeline/Pipeline->then(Object(Closure))
#27 C:/Users/admin/Desktop/flutter/ecommerce_java/lib/ecommerce-project/vendor/laravel/framework/src/Illuminate/Foundation/Http/Kernel.php(144): Illuminate/Foundation/Http/Kernel->sendRequestThroughRouter(Object(Illuminate/Http/Request))
#28 C:/Users/admin/Desktop/flutter/ecommerce_java/lib/ecommerce-project/public/index.php(51): Illuminate/Foundation/Http/Kernel->handle(Object(Illuminate/Http/Request))
#29 C:/Users/admin/Desktop/flutter/ecommerce_java/lib/ecommerce-project/vendor/laravel/framework/src/Illuminate/Foundation/resources/server.php(16): require_once('C://Users//admin//...')
#30 {main}
"} 
[2026-07-07 04:37:27] local.ERROR: Target class [CartController] does not exist. {"userId":1,"exception":"[object] (Illuminate\\Contracts\\Container\\BindingResolutionException(code: 0): Target class [CartController] does not exist. at C:/Users/admin/Desktop/flutter/ecommerce_java/lib/ecommerce-project/vendor/laravel/framework/src/Illuminate/Container/Container.php:914)
[stacktrace]
#0 C:/Users/admin/Desktop/flutter/ecommerce_java/lib/ecommerce-project/vendor/laravel/framework/src/Illuminate/Container/Container.php(795): Illuminate/Container/Container->build('CartController')
#1 C:/Users/admin/Desktop/flutter/ecommerce_java/lib/ecommerce-project/vendor/laravel/framework/src/Illuminate/Foundation/Application.php(986): Illuminate/Container/Container->resolve('CartController', Array, true)
#2 C:/Users/admin/Desktop/flutter/ecommerce_java/lib/ecommerce-project/vendor/laravel/framework/src/Illuminate/Container/Container.php(731): Illuminate/Foundation/Application->resolve('CartController', Array)
#3 C:/Users/admin/Desktop/flutter/ecommerce_java/lib/ecommerce-project/vendor/laravel/framework/src/Illuminate/Foundation/Application.php(971): Illuminate/Container/Container->make('CartController', Array)
#4 C:/Users/admin/Desktop/flutter/ecommerce_java/lib/ecommerce-project/vendor/laravel/framework/src/Illuminate/Routing/Route.php(278): Illuminate/Foundation/Application->make('CartController')
#5 C:/Users/admin/Desktop/flutter/ecommerce_java/lib/ecommerce-project/vendor/laravel/framework/src/Illuminate/Routing/Route.php(260): Illuminate/Routing/Route->getController()
#6 C:/Users/admin/Desktop/flutter/ecommerce_java/lib/ecommerce-project/vendor/laravel/framework/src/Illuminate/Routing/Route.php(205): Illuminate/Routing/Route->runController()
#7 C:/Users/admin/Desktop/flutter/ecommerce_java/lib/ecommerce-project/vendor/laravel/framework/src/Illuminate/Routing/Router.php(806): Illuminate/Routing/Route->run()
#8 C:/Users/admin/Desktop/flutter/ecommerce_java/lib/ecommerce-project/vendor/laravel/framework/src/Illuminate/Pipeline/Pipeline.php(144): Illuminate/Routing/Router->Illuminate/Routing/{closure}(Object(Illuminate/Http/Request))
#9 C:/Users/admin/Desktop/flutter/ecommerce_java/lib/ecommerce-project/vendor/laravel/framework/src/Illuminate/Routing/Middleware/SubstituteBindings.php(50): Illuminate/Pipeline/Pipeline->Illuminate/Pipeline/{closure}(Object(Illuminate/Http/Request))
#10 C:/Users/admin/Desktop/flutter/ecommerce_java/lib/ecommerce-project/vendor/laravel/framework/src/Illuminate/Pipeline/Pipeline.php(183): Illuminate/Routing/Middleware/SubstituteBindings->handle(Object(Illuminate/Http/Request), Object(Closure))
#11 C:/Users/admin/Desktop/flutter/ecommerce_java/lib/ecommerce-project/vendor/laravel/framework/src/Illuminate/Routing/Middleware/ThrottleRequests.php(159): Illuminate/Pipeline/Pipeline->Illuminate/Pipeline/{closure}(Object(Illuminate/Http/Request))
#12 C:/Users/admin/Desktop/flutter/ecommerce_java/lib/ecommerce-project/vendor/laravel/framework/src/Illuminate/Routing/Middleware/ThrottleRequests.php(125): Illuminate/Routing/Middleware/ThrottleRequests->handleRequest(Object(Illuminate/Http/Request), Object(Closure), Array)
#13 C:/Users/admin/Desktop/flutter/ecommerce_java/lib/ecommerce-project/vendor/laravel/framework/src/Illuminate/Routing/Middleware/ThrottleRequests.php(87): Illuminate/Routing/Middleware/ThrottleRequests->handleRequestUsingNamedLimiter(Object(Illuminate/Http/Request), Object(Closure), 'api', Object(Closure))
#14 C:/Users/admin/Desktop/flutter/ecommerce_java/lib/ecommerce-project/vendor/laravel/framework/src/Illuminate/Pipeline/Pipeline.php(183): Illuminate/Routing/Middleware/ThrottleRequests->handle(Object(Illuminate/Http/Request), Object(Closure), 'api')
#15 C:/Users/admin/Desktop/flutter/ecommerce_java/lib/ecommerce-project/vendor/laravel/framework/src/Illuminate/Auth/Middleware/Authenticate.php(57): Illuminate/Pipeline/Pipeline->Illuminate/Pipeline/{closure}(Object(Illuminate/Http/Request))
#16 C:/Users/admin/Desktop/flutter/ecommerce_java/lib/ecommerce-project/vendor/laravel/framework/src/Illuminate/Pipeline/Pipeline.php(183): Illuminate/Auth/Middleware/Authenticate->handle(Object(Illuminate/Http/Request), Object(Closure), 'sanctum')
#17 C:/Users/admin/Desktop/flutter/ecommerce_java/lib/ecommerce-project/vendor/laravel/framework/src/Illuminate/Pipeline/Pipeline.php(119): Illuminate/Pipeline/Pipeline->Illuminate/Pipeline/{closure}(Object(Illuminate/Http/Request))
#18 C:/Users/admin/Desktop/flutter/ecommerce_java/lib/ecommerce-project/vendor/laravel/framework/src/Illuminate/Routing/Router.php(805): Illuminate/Pipeline/Pipeline->then(Object(Closure))
#19 C:/Users/admin/Desktop/flutter/ecommerce_java/lib/ecommerce-project/vendor/laravel/framework/src/Illuminate/Routing/Router.php(784): Illuminate/Routing/Router->runRouteWithinStack(Object(Illuminate/Routing/Route), Object(Illuminate/Http/Request))
#20 C:/Users/admin/Desktop/flutter/ecommerce_java/lib/ecommerce-project/vendor/laravel/framework/src/Illuminate/Routing/Router.php(748): Illuminate/Routing/Router->runRoute(Object(Illuminate/Http/Request), Object(Illuminate/Routing/Route))
#21 C:/Users/admin/Desktop/flutter/ecommerce_java/lib/ecommerce-project/vendor/laravel/framework/src/Illuminate/Routing/Router.php(737): Illuminate/Routing/Router->dispatchToRoute(Object(Illuminate/Http/Request))
#22 C:/Users/admin/Desktop/flutter/ecommerce_java/lib/ecommerce-project/vendor/laravel/framework/src/Illuminate/Foundation/Http/Kernel.php(200): Illuminate/Routing/Router->dispatch(Object(Illuminate/Http/Request))
#23 C:/Users/admin/Desktop/flutter/ecommerce_java/lib/ecommerce-project/vendor/laravel/framework/src/Illuminate/Pipeline/Pipeline.php(144): Illuminate/Foundation/Http/Kernel->Illuminate/Foundation/Http/{closure}(Object(Illuminate/Http/Request))
#24 C:/Users/admin/Desktop/flutter/ecommerce_java/lib/ecommerce-project/vendor/laravel/framework/src/Illuminate/Foundation/Http/Middleware/TransformsRequest.php(21): Illuminate/Pipeline/Pipeline->Illuminate/Pipeline/{closure}(Object(Illuminate/Http/Request))
#25 C:/Users/admin/Desktop/flutter/ecommerce_java/lib/ecommerce-project/vendor/laravel/framework/src/Illuminate/Foundation/Http/Middleware/ConvertEmptyStringsToNull.php(31): Illuminate/Foundation/Http/Middleware/TransformsRequest->handle(Object(Illuminate/Http/Request), Object(Closure))
#26 C:/Users/admin/Desktop/flutter/ecommerce_java/lib/ecommerce-project/vendor/laravel/framework/src/Illuminate/Pipeline/Pipeline.php(183): Illuminate/Foundation/Http/Middleware/ConvertEmptyStringsToNull->handle(Object(Illuminate/Http/Request), Object(Closure))
#27 C:/Users/admin/Desktop/flutter/ecommerce_java/lib/ecommerce-project/vendor/laravel/framework/src/Illuminate/Foundation/Http/Middleware/TransformsRequest.php(21): Illuminate/Pipeline/Pipeline->Illuminate/Pipeline/{closure}(Object(Illuminate/Http/Request))
#28 C:/Users/admin/Desktop/flutter/ecommerce_java/lib/ecommerce-project/vendor/laravel/framework/src/Illuminate/Foundation/Http/Middleware/TrimStrings.php(40): Illuminate/Foundation/Http/Middleware/TransformsRequest->handle(Object(Illuminate/Http/Request), Object(Closure))
#29 C:/Users/admin/Desktop/flutter/ecommerce_java/lib/ecommerce-project/vendor/laravel/framework/src/Illuminate/Pipeline/Pipeline.php(183): Illuminate/Foundation/Http/Middleware/TrimStrings->handle(Object(Illuminate/Http/Request), Object(Closure))
#30 C:/Users/admin/Desktop/flutter/ecommerce_java/lib/ecommerce-project/vendor/laravel/framework/src/Illuminate/Foundation/Http/Middleware/ValidatePostSize.php(27): Illuminate/Pipeline/Pipeline->Illuminate/Pipeline/{closure}(Object(Illuminate/Http/Request))
#31 C:/Users/admin/Desktop/flutter/ecommerce_java/lib/ecommerce-project/vendor/laravel/framework/src/Illuminate/Pipeline/Pipeline.php(183): Illuminate/Foundation/Http/Middleware/ValidatePostSize->handle(Object(Illuminate/Http/Request), Object(Closure))
#32 C:/Users/admin/Desktop/flutter/ecommerce_java/lib/ecommerce-project/vendor/laravel/framework/src/Illuminate/Foundation/Http/Middleware/PreventRequestsDuringMaintenance.php(99): Illuminate/Pipeline/Pipeline->Illuminate/Pipeline/{closure}(Object(Illuminate/Http/Request))
#33 C:/Users/admin/Desktop/flutter/ecommerce_java/lib/ecommerce-project/vendor/laravel/framework/src/Illuminate/Pipeline/Pipeline.php(183): Illuminate/Foundation/Http/Middleware/PreventRequestsDuringMaintenance->handle(Object(Illuminate/Http/Request), Object(Closure))
#34 C:/Users/admin/Desktop/flutter/ecommerce_java/lib/ecommerce-project/vendor/laravel/framework/src/Illuminate/Http/Middleware/HandleCors.php(62): Illuminate/Pipeline/Pipeline->Illuminate/Pipeline/{closure}(Object(Illuminate/Http/Request))
#35 C:/Users/admin/Desktop/flutter/ecommerce_java/lib/ecommerce-project/vendor/laravel/framework/src/Illuminate/Pipeline/Pipeline.php(183): Illuminate/Http/Middleware/HandleCors->handle(Object(Illuminate/Http/Request), Object(Closure))
#36 C:/Users/admin/Desktop/flutter/ecommerce_java/lib/ecommerce-project/vendor/laravel/framework/src/Illuminate/Http/Middleware/TrustProxies.php(39): Illuminate/Pipeline/Pipeline->Illuminate/Pipeline/{closure}(Object(Illuminate/Http/Request))
#37 C:/Users/admin/Desktop/flutter/ecommerce_java/lib/ecommerce-project/vendor/laravel/framework/src/Illuminate/Pipeline/Pipeline.php(183): Illuminate/Http/Middleware/TrustProxies->handle(Object(Illuminate/Http/Request), Object(Closure))
#38 C:/Users/admin/Desktop/flutter/ecommerce_java/lib/ecommerce-project/vendor/laravel/framework/src/Illuminate/Pipeline/Pipeline.php(119): Illuminate/Pipeline/Pipeline->Illuminate/Pipeline/{closure}(Object(Illuminate/Http/Request))
#39 C:/Users/admin/Desktop/flutter/ecommerce_java/lib/ecommerce-project/vendor/laravel/framework/src/Illuminate/Foundation/Http/Kernel.php(175): Illuminate/Pipeline/Pipeline->then(Object(Closure))
#40 C:/Users/admin/Desktop/flutter/ecommerce_java/lib/ecommerce-project/vendor/laravel/framework/src/Illuminate/Foundation/Http/Kernel.php(144): Illuminate/Foundation/Http/Kernel->sendRequestThroughRouter(Object(Illuminate/Http/Request))
#41 C:/Users/admin/Desktop/flutter/ecommerce_java/lib/ecommerce-project/public/index.php(51): Illuminate/Foundation/Http/Kernel->handle(Object(Illuminate/Http/Request))
#42 C:/Users/admin/Desktop/flutter/ecommerce_java/lib/ecommerce-project/vendor/laravel/framework/src/Illuminate/Foundation/resources/server.php(16): require_once('C://Users//admin//...')
#43 {main}

[previous exception] [object] (ReflectionException(code: -1): Class \"CartController\" does not exist at C:/Users/admin/Desktop/flutter/ecommerce_java/lib/ecommerce-project/vendor/laravel/framework/src/Illuminate/Container/Container.php:912)
[stacktrace]
#0 C:/Users/admin/Desktop/flutter/ecommerce_java/lib/ecommerce-project/vendor/laravel/framework/src/Illuminate/Container/Container.php(912): ReflectionClass->__construct('CartController')
#1 C:/Users/admin/Desktop/flutter/ecommerce_java/lib/ecommerce-project/vendor/laravel/framework/src/Illuminate/Container/Container.php(795): Illuminate/Container/Container->build('CartController')
#2 C:/Users/admin/Desktop/flutter/ecommerce_java/lib/ecommerce-project/vendor/laravel/framework/src/Illuminate/Foundation/Application.php(986): Illuminate/Container/Container->resolve('CartController', Array, true)
#3 C:/Users/admin/Desktop/flutter/ecommerce_java/lib/ecommerce-project/vendor/laravel/framework/src/Illuminate/Container/Container.php(731): Illuminate/Foundation/Application->resolve('CartController', Array)
#4 C:/Users/admin/Desktop/flutter/ecommerce_java/lib/ecommerce-project/vendor/laravel/framework/src/Illuminate/Foundation/Application.php(971): Illuminate/Container/Container->make('CartController', Array)
#5 C:/Users/admin/Desktop/flutter/ecommerce_java/lib/ecommerce-project/vendor/laravel/framework/src/Illuminate/Routing/Route.php(278): Illuminate/Foundation/Application->make('CartController')
#6 C:/Users/admin/Desktop/flutter/ecommerce_java/lib/ecommerce-project/vendor/laravel/framework/src/Illuminate/Routing/Route.php(260): Illuminate/Routing/Route->getController()
#7 C:/Users/admin/Desktop/flutter/ecommerce_java/lib/ecommerce-project/vendor/laravel/framework/src/Illuminate/Routing/Route.php(205): Illuminate/Routing/Route->runController()
#8 C:/Users/admin/Desktop/flutter/ecommerce_java/lib/ecommerce-project/vendor/laravel/framework/src/Illuminate/Routing/Router.php(806): Illuminate/Routing/Route->run()
#9 C:/Users/admin/Desktop/flutter/ecommerce_java/lib/ecommerce-project/vendor/laravel/framework/src/Illuminate/Pipeline/Pipeline.php(144): Illuminate/Routing/Router->Illuminate/Routing/{closure}(Object(Illuminate/Http/Request))
#10 C:/Users/admin/Desktop/flutter/ecommerce_java/lib/ecommerce-project/vendor/laravel/framework/src/Illuminate/Routing/Middleware/SubstituteBindings.php(50): Illuminate/Pipeline/Pipeline->Illuminate/Pipeline/{closure}(Object(Illuminate/Http/Request))
#11 C:/Users/admin/Desktop/flutter/ecommerce_java/lib/ecommerce-project/vendor/laravel/framework/src/Illuminate/Pipeline/Pipeline.php(183): Illuminate/Routing/Middleware/SubstituteBindings->handle(Object(Illuminate/Http/Request), Object(Closure))
#12 C:/Users/admin/Desktop/flutter/ecommerce_java/lib/ecommerce-project/vendor/laravel/framework/src/Illuminate/Routing/Middleware/ThrottleRequests.php(159): Illuminate/Pipeline/Pipeline->Illuminate/Pipeline/{closure}(Object(Illuminate/Http/Request))
#13 C:/Users/admin/Desktop/flutter/ecommerce_java/lib/ecommerce-project/vendor/laravel/framework/src/Illuminate/Routing/Middleware/ThrottleRequests.php(125): Illuminate/Routing/Middleware/ThrottleRequests->handleRequest(Object(Illuminate/Http/Request), Object(Closure), Array)
#14 C:/Users/admin/Desktop/flutter/ecommerce_java/lib/ecommerce-project/vendor/laravel/framework/src/Illuminate/Routing/Middleware/ThrottleRequests.php(87): Illuminate/Routing/Middleware/ThrottleRequests->handleRequestUsingNamedLimiter(Object(Illuminate/Http/Request), Object(Closure), 'api', Object(Closure))
#15 C:/Users/admin/Desktop/flutter/ecommerce_java/lib/ecommerce-project/vendor/laravel/framework/src/Illuminate/Pipeline/Pipeline.php(183): Illuminate/Routing/Middleware/ThrottleRequests->handle(Object(Illuminate/Http/Request), Object(Closure), 'api')
#16 C:/Users/admin/Desktop/flutter/ecommerce_java/lib/ecommerce-project/vendor/laravel/framework/src/Illuminate/Auth/Middleware/Authenticate.php(57): Illuminate/Pipeline/Pipeline->Illuminate/Pipeline/{closure}(Object(Illuminate/Http/Request))
#17 C:/Users/admin/Desktop/flutter/ecommerce_java/lib/ecommerce-project/vendor/laravel/framework/src/Illuminate/Pipeline/Pipeline.php(183): Illuminate/Auth/Middleware/Authenticate->handle(Object(Illuminate/Http/Request), Object(Closure), 'sanctum')
#18 C:/Users/admin/Desktop/flutter/ecommerce_java/lib/ecommerce-project/vendor/laravel/framework/src/Illuminate/Pipeline/Pipeline.php(119): Illuminate/Pipeline/Pipeline->Illuminate/Pipeline/{closure}(Object(Illuminate/Http/Request))
#19 C:/Users/admin/Desktop/flutter/ecommerce_java/lib/ecommerce-project/vendor/laravel/framework/src/Illuminate/Routing/Router.php(805): Illuminate/Pipeline/Pipeline->then(Object(Closure))
#20 C:/Users/admin/Desktop/flutter/ecommerce_java/lib/ecommerce-project/vendor/laravel/framework/src/Illuminate/Routing/Router.php(784): Illuminate/Routing/Router->runRouteWithinStack(Object(Illuminate/Routing/Route), Object(Illuminate/Http/Request))
#21 C:/Users/admin/Desktop/flutter/ecommerce_java/lib/ecommerce-project/vendor/laravel/framework/src/Illuminate/Routing/Router.php(748): Illuminate/Routing/Router->runRoute(Object(Illuminate/Http/Request), Object(Illuminate/Routing/Route))
#22 C:/Users/admin/Desktop/flutter/ecommerce_java/lib/ecommerce-project/vendor/laravel/framework/src/Illuminate/Routing/Router.php(737): Illuminate/Routing/Router->dispatchToRoute(Object(Illuminate/Http/Request))
#23 C:/Users/admin/Desktop/flutter/ecommerce_java/lib/ecommerce-project/vendor/laravel/framework/src/Illuminate/Foundation/Http/Kernel.php(200): Illuminate/Routing/Router->dispatch(Object(Illuminate/Http/Request))
#24 C:/Users/admin/Desktop/flutter/ecommerce_java/lib/ecommerce-project/vendor/laravel/framework/src/Illuminate/Pipeline/Pipeline.php(144): Illuminate/Foundation/Http/Kernel->Illuminate/Foundation/Http/{closure}(Object(Illuminate/Http/Request))
#25 C:/Users/admin/Desktop/flutter/ecommerce_java/lib/ecommerce-project/vendor/laravel/framework/src/Illuminate/Foundation/Http/Middleware/TransformsRequest.php(21): Illuminate/Pipeline/Pipeline->Illuminate/Pipeline/{closure}(Object(Illuminate/Http/Request))
#26 C:/Users/admin/Desktop/flutter/ecommerce_java/lib/ecommerce-project/vendor/laravel/framework/src/Illuminate/Foundation/Http/Middleware/ConvertEmptyStringsToNull.php(31): Illuminate/Foundation/Http/Middleware/TransformsRequest->handle(Object(Illuminate/Http/Request), Object(Closure))
#27 C:/Users/admin/Desktop/flutter/ecommerce_java/lib/ecommerce-project/vendor/laravel/framework/src/Illuminate/Pipeline/Pipeline.php(183): Illuminate/Foundation/Http/Middleware/ConvertEmptyStringsToNull->handle(Object(Illuminate/Http/Request), Object(Closure))
#28 C:/Users/admin/Desktop/flutter/ecommerce_java/lib/ecommerce-project/vendor/laravel/framework/src/Illuminate/Foundation/Http/Middleware/TransformsRequest.php(21): Illuminate/Pipeline/Pipeline->Illuminate/Pipeline/{closure}(Object(Illuminate/Http/Request))
#29 C:/Users/admin/Desktop/flutter/ecommerce_java/lib/ecommerce-project/vendor/laravel/framework/src/Illuminate/Foundation/Http/Middleware/TrimStrings.php(40): Illuminate/Foundation/Http/Middleware/TransformsRequest->handle(Object(Illuminate/Http/Request), Object(Closure))
#30 C:/Users/admin/Desktop/flutter/ecommerce_java/lib/ecommerce-project/vendor/laravel/framework/src/Illuminate/Pipeline/Pipeline.php(183): Illuminate/Foundation/Http/Middleware/TrimStrings->handle(Object(Illuminate/Http/Request), Object(Closure))
#31 C:/Users/admin/Desktop/flutter/ecommerce_java/lib/ecommerce-project/vendor/laravel/framework/src/Illuminate/Foundation/Http/Middleware/ValidatePostSize.php(27): Illuminate/Pipeline/Pipeline->Illuminate/Pipeline/{closure}(Object(Illuminate/Http/Request))
#32 C:/Users/admin/Desktop/flutter/ecommerce_java/lib/ecommerce-project/vendor/laravel/framework/src/Illuminate/Pipeline/Pipeline.php(183): Illuminate/Foundation/Http/Middleware/ValidatePostSize->handle(Object(Illuminate/Http/Request), Object(Closure))
#33 C:/Users/admin/Desktop/flutter/ecommerce_java/lib/ecommerce-project/vendor/laravel/framework/src/Illuminate/Foundation/Http/Middleware/PreventRequestsDuringMaintenance.php(99): Illuminate/Pipeline/Pipeline->Illuminate/Pipeline/{closure}(Object(Illuminate/Http/Request))
#34 C:/Users/admin/Desktop/flutter/ecommerce_java/lib/ecommerce-project/vendor/laravel/framework/src/Illuminate/Pipeline/Pipeline.php(183): Illuminate/Foundation/Http/Middleware/PreventRequestsDuringMaintenance->handle(Object(Illuminate/Http/Request), Object(Closure))
#35 C:/Users/admin/Desktop/flutter/ecommerce_java/lib/ecommerce-project/vendor/laravel/framework/src/Illuminate/Http/Middleware/HandleCors.php(62): Illuminate/Pipeline/Pipeline->Illuminate/Pipeline/{closure}(Object(Illuminate/Http/Request))
#36 C:/Users/admin/Desktop/flutter/ecommerce_java/lib/ecommerce-project/vendor/laravel/framework/src/Illuminate/Pipeline/Pipeline.php(183): Illuminate/Http/Middleware/HandleCors->handle(Object(Illuminate/Http/Request), Object(Closure))
#37 C:/Users/admin/Desktop/flutter/ecommerce_java/lib/ecommerce-project/vendor/laravel/framework/src/Illuminate/Http/Middleware/TrustProxies.php(39): Illuminate/Pipeline/Pipeline->Illuminate/Pipeline/{closure}(Object(Illuminate/Http/Request))
#38 C:/Users/admin/Desktop/flutter/ecommerce_java/lib/ecommerce-project/vendor/laravel/framework/src/Illuminate/Pipeline/Pipeline.php(183): Illuminate/Http/Middleware/TrustProxies->handle(Object(Illuminate/Http/Request), Object(Closure))
#39 C:/Users/admin/Desktop/flutter/ecommerce_java/lib/ecommerce-project/vendor/laravel/framework/src/Illuminate/Pipeline/Pipeline.php(119): Illuminate/Pipeline/Pipeline->Illuminate/Pipeline/{closure}(Object(Illuminate/Http/Request))
#40 C:/Users/admin/Desktop/flutter/ecommerce_java/lib/ecommerce-project/vendor/laravel/framework/src/Illuminate/Foundation/Http/Kernel.php(175): Illuminate/Pipeline/Pipeline->then(Object(Closure))
#41 C:/Users/admin/Desktop/flutter/ecommerce_java/lib/ecommerce-project/vendor/laravel/framework/src/Illuminate/Foundation/Http/Kernel.php(144): Illuminate/Foundation/Http/Kernel->sendRequestThroughRouter(Object(Illuminate/Http/Request))
#42 C:/Users/admin/Desktop/flutter/ecommerce_java/lib/ecommerce-project/public/index.php(51): Illuminate/Foundation/Http/Kernel->handle(Object(Illuminate/Http/Request))
#43 C:/Users/admin/Desktop/flutter/ecommerce_java/lib/ecommerce-project/vendor/laravel/framework/src/Illuminate/Foundation/resources/server.php(16): require_once('C://Users//admin//...')
#44 {main}
"} 
[2026-07-07 04:38:02] local.ERROR: Undefined variable $request {"userId":1,"exception":"[object] (ErrorException(code: 0): Undefined variable $request at C:/Users/admin/Desktop/flutter/ecommerce_java/lib/ecommerce-project/app/Http/Controllers/Api/CartController.php:17)
[stacktrace]
#0 C:/Users/admin/Desktop/flutter/ecommerce_java/lib/ecommerce-project/vendor/laravel/framework/src/Illuminate/Foundation/Bootstrap/HandleExceptions.php(255): Illuminate/Foundation/Bootstrap/HandleExceptions->handleError(2, 'Undefined varia...', 'C://Users//admin//...', 17)
#1 C:/Users/admin/Desktop/flutter/ecommerce_java/lib/ecommerce-project/app/Http/Controllers/Api/CartController.php(17): Illuminate/Foundation/Bootstrap/HandleExceptions->Illuminate/Foundation/Bootstrap/{closure}(2, 'Undefined varia...', 'C://Users//admin//...', 17)
#2 C:/Users/admin/Desktop/flutter/ecommerce_java/lib/ecommerce-project/vendor/laravel/framework/src/Illuminate/Routing/Controller.php(54): App/Http/Controllers/Api/CartController->index()
#3 C:/Users/admin/Desktop/flutter/ecommerce_java/lib/ecommerce-project/vendor/laravel/framework/src/Illuminate/Routing/ControllerDispatcher.php(43): Illuminate/Routing/Controller->callAction('index', Array)
#4 C:/Users/admin/Desktop/flutter/ecommerce_java/lib/ecommerce-project/vendor/laravel/framework/src/Illuminate/Routing/Route.php(259): Illuminate/Routing/ControllerDispatcher->dispatch(Object(Illuminate/Routing/Route), Object(App/Http/Controllers/Api/CartController), 'index')
#5 C:/Users/admin/Desktop/flutter/ecommerce_java/lib/ecommerce-project/vendor/laravel/framework/src/Illuminate/Routing/Route.php(205): Illuminate/Routing/Route->runController()
#6 C:/Users/admin/Desktop/flutter/ecommerce_java/lib/ecommerce-project/vendor/laravel/framework/src/Illuminate/Routing/Router.php(806): Illuminate/Routing/Route->run()
#7 C:/Users/admin/Desktop/flutter/ecommerce_java/lib/ecommerce-project/vendor/laravel/framework/src/Illuminate/Pipeline/Pipeline.php(144): Illuminate/Routing/Router->Illuminate/Routing/{closure}(Object(Illuminate/Http/Request))
#8 C:/Users/admin/Desktop/flutter/ecommerce_java/lib/ecommerce-project/vendor/laravel/framework/src/Illuminate/Routing/Middleware/SubstituteBindings.php(50): Illuminate/Pipeline/Pipeline->Illuminate/Pipeline/{closure}(Object(Illuminate/Http/Request))
#9 C:/Users/admin/Desktop/flutter/ecommerce_java/lib/ecommerce-project/vendor/laravel/framework/src/Illuminate/Pipeline/Pipeline.php(183): Illuminate/Routing/Middleware/SubstituteBindings->handle(Object(Illuminate/Http/Request), Object(Closure))
#10 C:/Users/admin/Desktop/flutter/ecommerce_java/lib/ecommerce-project/vendor/laravel/framework/src/Illuminate/Routing/Middleware/ThrottleRequests.php(159): Illuminate/Pipeline/Pipeline->Illuminate/Pipeline/{closure}(Object(Illuminate/Http/Request))
#11 C:/Users/admin/Desktop/flutter/ecommerce_java/lib/ecommerce-project/vendor/laravel/framework/src/Illuminate/Routing/Middleware/ThrottleRequests.php(125): Illuminate/Routing/Middleware/ThrottleRequests->handleRequest(Object(Illuminate/Http/Request), Object(Closure), Array)
#12 C:/Users/admin/Desktop/flutter/ecommerce_java/lib/ecommerce-project/vendor/laravel/framework/src/Illuminate/Routing/Middleware/ThrottleRequests.php(87): Illuminate/Routing/Middleware/ThrottleRequests->handleRequestUsingNamedLimiter(Object(Illuminate/Http/Request), Object(Closure), 'api', Object(Closure))
#13 C:/Users/admin/Desktop/flutter/ecommerce_java/lib/ecommerce-project/vendor/laravel/framework/src/Illuminate/Pipeline/Pipeline.php(183): Illuminate/Routing/Middleware/ThrottleRequests->handle(Object(Illuminate/Http/Request), Object(Closure), 'api')
#14 C:/Users/admin/Desktop/flutter/ecommerce_java/lib/ecommerce-project/vendor/laravel/framework/src/Illuminate/Auth/Middleware/Authenticate.php(57): Illuminate/Pipeline/Pipeline->Illuminate/Pipeline/{closure}(Object(Illuminate/Http/Request))
#15 C:/Users/admin/Desktop/flutter/ecommerce_java/lib/ecommerce-project/vendor/laravel/framework/src/Illuminate/Pipeline/Pipeline.php(183): Illuminate/Auth/Middleware/Authenticate->handle(Object(Illuminate/Http/Request), Object(Closure), 'sanctum')
#16 C:/Users/admin/Desktop/flutter/ecommerce_java/lib/ecommerce-project/vendor/laravel/framework/src/Illuminate/Pipeline/Pipeline.php(119): Illuminate/Pipeline/Pipeline->Illuminate/Pipeline/{closure}(Object(Illuminate/Http/Request))
#17 C:/Users/admin/Desktop/flutter/ecommerce_java/lib/ecommerce-project/vendor/laravel/framework/src/Illuminate/Routing/Router.php(805): Illuminate/Pipeline/Pipeline->then(Object(Closure))
#18 C:/Users/admin/Desktop/flutter/ecommerce_java/lib/ecommerce-project/vendor/laravel/framework/src/Illuminate/Routing/Router.php(784): Illuminate/Routing/Router->runRouteWithinStack(Object(Illuminate/Routing/Route), Object(Illuminate/Http/Request))
#19 C:/Users/admin/Desktop/flutter/ecommerce_java/lib/ecommerce-project/vendor/laravel/framework/src/Illuminate/Routing/Router.php(748): Illuminate/Routing/Router->runRoute(Object(Illuminate/Http/Request), Object(Illuminate/Routing/Route))
#20 C:/Users/admin/Desktop/flutter/ecommerce_java/lib/ecommerce-project/vendor/laravel/framework/src/Illuminate/Routing/Router.php(737): Illuminate/Routing/Router->dispatchToRoute(Object(Illuminate/Http/Request))
#21 C:/Users/admin/Desktop/flutter/ecommerce_java/lib/ecommerce-project/vendor/laravel/framework/src/Illuminate/Foundation/Http/Kernel.php(200): Illuminate/Routing/Router->dispatch(Object(Illuminate/Http/Request))
#22 C:/Users/admin/Desktop/flutter/ecommerce_java/lib/ecommerce-project/vendor/laravel/framework/src/Illuminate/Pipeline/Pipeline.php(144): Illuminate/Foundation/Http/Kernel->Illuminate/Foundation/Http/{closure}(Object(Illuminate/Http/Request))
#23 C:/Users/admin/Desktop/flutter/ecommerce_java/lib/ecommerce-project/vendor/laravel/framework/src/Illuminate/Foundation/Http/Middleware/TransformsRequest.php(21): Illuminate/Pipeline/Pipeline->Illuminate/Pipeline/{closure}(Object(Illuminate/Http/Request))
#24 C:/Users/admin/Desktop/flutter/ecommerce_java/lib/ecommerce-project/vendor/laravel/framework/src/Illuminate/Foundation/Http/Middleware/ConvertEmptyStringsToNull.php(31): Illuminate/Foundation/Http/Middleware/TransformsRequest->handle(Object(Illuminate/Http/Request), Object(Closure))
#25 C:/Users/admin/Desktop/flutter/ecommerce_java/lib/ecommerce-project/vendor/laravel/framework/src/Illuminate/Pipeline/Pipeline.php(183): Illuminate/Foundation/Http/Middleware/ConvertEmptyStringsToNull->handle(Object(Illuminate/Http/Request), Object(Closure))
#26 C:/Users/admin/Desktop/flutter/ecommerce_java/lib/ecommerce-project/vendor/laravel/framework/src/Illuminate/Foundation/Http/Middleware/TransformsRequest.php(21): Illuminate/Pipeline/Pipeline->Illuminate/Pipeline/{closure}(Object(Illuminate/Http/Request))
#27 C:/Users/admin/Desktop/flutter/ecommerce_java/lib/ecommerce-project/vendor/laravel/framework/src/Illuminate/Foundation/Http/Middleware/TrimStrings.php(40): Illuminate/Foundation/Http/Middleware/TransformsRequest->handle(Object(Illuminate/Http/Request), Object(Closure))
#28 C:/Users/admin/Desktop/flutter/ecommerce_java/lib/ecommerce-project/vendor/laravel/framework/src/Illuminate/Pipeline/Pipeline.php(183): Illuminate/Foundation/Http/Middleware/TrimStrings->handle(Object(Illuminate/Http/Request), Object(Closure))
#29 C:/Users/admin/Desktop/flutter/ecommerce_java/lib/ecommerce-project/vendor/laravel/framework/src/Illuminate/Foundation/Http/Middleware/ValidatePostSize.php(27): Illuminate/Pipeline/Pipeline->Illuminate/Pipeline/{closure}(Object(Illuminate/Http/Request))
#30 C:/Users/admin/Desktop/flutter/ecommerce_java/lib/ecommerce-project/vendor/laravel/framework/src/Illuminate/Pipeline/Pipeline.php(183): Illuminate/Foundation/Http/Middleware/ValidatePostSize->handle(Object(Illuminate/Http/Request), Object(Closure))
#31 C:/Users/admin/Desktop/flutter/ecommerce_java/lib/ecommerce-project/vendor/laravel/framework/src/Illuminate/Foundation/Http/Middleware/PreventRequestsDuringMaintenance.php(99): Illuminate/Pipeline/Pipeline->Illuminate/Pipeline/{closure}(Object(Illuminate/Http/Request))
#32 C:/Users/admin/Desktop/flutter/ecommerce_java/lib/ecommerce-project/vendor/laravel/framework/src/Illuminate/Pipeline/Pipeline.php(183): Illuminate/Foundation/Http/Middleware/PreventRequestsDuringMaintenance->handle(Object(Illuminate/Http/Request), Object(Closure))
#33 C:/Users/admin/Desktop/flutter/ecommerce_java/lib/ecommerce-project/vendor/laravel/framework/src/Illuminate/Http/Middleware/HandleCors.php(62): Illuminate/Pipeline/Pipeline->Illuminate/Pipeline/{closure}(Object(Illuminate/Http/Request))
#34 C:/Users/admin/Desktop/flutter/ecommerce_java/lib/ecommerce-project/vendor/laravel/framework/src/Illuminate/Pipeline/Pipeline.php(183): Illuminate/Http/Middleware/HandleCors->handle(Object(Illuminate/Http/Request), Object(Closure))
#35 C:/Users/admin/Desktop/flutter/ecommerce_java/lib/ecommerce-project/vendor/laravel/framework/src/Illuminate/Http/Middleware/TrustProxies.php(39): Illuminate/Pipeline/Pipeline->Illuminate/Pipeline/{closure}(Object(Illuminate/Http/Request))
#36 C:/Users/admin/Desktop/flutter/ecommerce_java/lib/ecommerce-project/vendor/laravel/framework/src/Illuminate/Pipeline/Pipeline.php(183): Illuminate/Http/Middleware/TrustProxies->handle(Object(Illuminate/Http/Request), Object(Closure))
#37 C:/Users/admin/Desktop/flutter/ecommerce_java/lib/ecommerce-project/vendor/laravel/framework/src/Illuminate/Pipeline/Pipeline.php(119): Illuminate/Pipeline/Pipeline->Illuminate/Pipeline/{closure}(Object(Illuminate/Http/Request))
#38 C:/Users/admin/Desktop/flutter/ecommerce_java/lib/ecommerce-project/vendor/laravel/framework/src/Illuminate/Foundation/Http/Kernel.php(175): Illuminate/Pipeline/Pipeline->then(Object(Closure))
#39 C:/Users/admin/Desktop/flutter/ecommerce_java/lib/ecommerce-project/vendor/laravel/framework/src/Illuminate/Foundation/Http/Kernel.php(144): Illuminate/Foundation/Http/Kernel->sendRequestThroughRouter(Object(Illuminate/Http/Request))
#40 C:/Users/admin/Desktop/flutter/ecommerce_java/lib/ecommerce-project/public/index.php(51): Illuminate/Foundation/Http/Kernel->handle(Object(Illuminate/Http/Request))
#41 C:/Users/admin/Desktop/flutter/ecommerce_java/lib/ecommerce-project/vendor/laravel/framework/src/Illuminate/Foundation/resources/server.php(16): require_once('C://Users//admin//...')
#42 {main}
"} 
[2026-07-07 04:40:03] local.ERROR: Add [user_id] to fillable property to allow mass assignment on [App\Models\Cart]. {"userId":1,"exception":"[object] (Illuminate\\Database\\Eloquent\\MassAssignmentException(code: 0): Add [user_id] to fillable property to allow mass assignment on [App\\Models\\Cart]. at C:/Users/admin/Desktop/flutter/ecommerce_java/lib/ecommerce-project/vendor/laravel/framework/src/Illuminate/Database/Eloquent/Model.php:525)
[stacktrace]
#0 C:/Users/admin/Desktop/flutter/ecommerce_java/lib/ecommerce-project/vendor/laravel/framework/src/Illuminate/Database/Eloquent/Model.php(614): Illuminate/Database/Eloquent/Model->fill(Array)
#1 C:/Users/admin/Desktop/flutter/ecommerce_java/lib/ecommerce-project/vendor/laravel/framework/src/Illuminate/Database/Eloquent/Builder.php(1539): Illuminate/Database/Eloquent/Model->newInstance(Array)
#2 C:/Users/admin/Desktop/flutter/ecommerce_java/lib/ecommerce-project/vendor/laravel/framework/src/Illuminate/Database/Eloquent/Builder.php(1024): Illuminate/Database/Eloquent/Builder->newModelInstance(Array)
#3 C:/Users/admin/Desktop/flutter/ecommerce_java/lib/ecommerce-project/vendor/laravel/framework/src/Illuminate/Database/Eloquent/Builder.php(585): Illuminate/Database/Eloquent/Builder->create(Array)
#4 C:/Users/admin/Desktop/flutter/ecommerce_java/lib/ecommerce-project/vendor/laravel/framework/src/Illuminate/Database/Eloquent/Builder.php(1728): Illuminate/Database/Eloquent/Builder->Illuminate/Database/Eloquent/{closure}()
#5 C:/Users/admin/Desktop/flutter/ecommerce_java/lib/ecommerce-project/vendor/laravel/framework/src/Illuminate/Database/Eloquent/Builder.php(585): Illuminate/Database/Eloquent/Builder->withSavepointIfNeeded(Object(Closure))
#6 C:/Users/admin/Desktop/flutter/ecommerce_java/lib/ecommerce-project/vendor/laravel/framework/src/Illuminate/Database/Eloquent/Builder.php(572): Illuminate/Database/Eloquent/Builder->createOrFirst(Array, Array)
#7 C:/Users/admin/Desktop/flutter/ecommerce_java/lib/ecommerce-project/vendor/laravel/framework/src/Illuminate/Support/Traits/ForwardsCalls.php(23): Illuminate/Database/Eloquent/Builder->firstOrCreate(Array)
#8 C:/Users/admin/Desktop/flutter/ecommerce_java/lib/ecommerce-project/vendor/laravel/framework/src/Illuminate/Database/Eloquent/Model.php(2335): Illuminate/Database/Eloquent/Model->forwardCallTo(Object(Illuminate/Database/Eloquent/Builder), 'firstOrCreate', Array)
#9 C:/Users/admin/Desktop/flutter/ecommerce_java/lib/ecommerce-project/vendor/laravel/framework/src/Illuminate/Database/Eloquent/Model.php(2347): Illuminate/Database/Eloquent/Model->__call('firstOrCreate', Array)
#10 C:/Users/admin/Desktop/flutter/ecommerce_java/lib/ecommerce-project/app/Http/Controllers/Api/CartController.php(40): Illuminate/Database/Eloquent/Model::__callStatic('firstOrCreate', Array)
#11 C:/Users/admin/Desktop/flutter/ecommerce_java/lib/ecommerce-project/vendor/laravel/framework/src/Illuminate/Routing/Controller.php(54): App/Http/Controllers/Api/CartController->store(Object(Illuminate/Http/Request))
#12 C:/Users/admin/Desktop/flutter/ecommerce_java/lib/ecommerce-project/vendor/laravel/framework/src/Illuminate/Routing/ControllerDispatcher.php(43): Illuminate/Routing/Controller->callAction('store', Array)
#13 C:/Users/admin/Desktop/flutter/ecommerce_java/lib/ecommerce-project/vendor/laravel/framework/src/Illuminate/Routing/Route.php(259): Illuminate/Routing/ControllerDispatcher->dispatch(Object(Illuminate/Routing/Route), Object(App/Http/Controllers/Api/CartController), 'store')
#14 C:/Users/admin/Desktop/flutter/ecommerce_java/lib/ecommerce-project/vendor/laravel/framework/src/Illuminate/Routing/Route.php(205): Illuminate/Routing/Route->runController()
#15 C:/Users/admin/Desktop/flutter/ecommerce_java/lib/ecommerce-project/vendor/laravel/framework/src/Illuminate/Routing/Router.php(806): Illuminate/Routing/Route->run()
#16 C:/Users/admin/Desktop/flutter/ecommerce_java/lib/ecommerce-project/vendor/laravel/framework/src/Illuminate/Pipeline/Pipeline.php(144): Illuminate/Routing/Router->Illuminate/Routing/{closure}(Object(Illuminate/Http/Request))
#17 C:/Users/admin/Desktop/flutter/ecommerce_java/lib/ecommerce-project/vendor/laravel/framework/src/Illuminate/Routing/Middleware/SubstituteBindings.php(50): Illuminate/Pipeline/Pipeline->Illuminate/Pipeline/{closure}(Object(Illuminate/Http/Request))
#18 C:/Users/admin/Desktop/flutter/ecommerce_java/lib/ecommerce-project/vendor/laravel/framework/src/Illuminate/Pipeline/Pipeline.php(183): Illuminate/Routing/Middleware/SubstituteBindings->handle(Object(Illuminate/Http/Request), Object(Closure))
#19 C:/Users/admin/Desktop/flutter/ecommerce_java/lib/ecommerce-project/vendor/laravel/framework/src/Illuminate/Routing/Middleware/ThrottleRequests.php(159): Illuminate/Pipeline/Pipeline->Illuminate/Pipeline/{closure}(Object(Illuminate/Http/Request))
#20 C:/Users/admin/Desktop/flutter/ecommerce_java/lib/ecommerce-project/vendor/laravel/framework/src/Illuminate/Routing/Middleware/ThrottleRequests.php(125): Illuminate/Routing/Middleware/ThrottleRequests->handleRequest(Object(Illuminate/Http/Request), Object(Closure), Array)
#21 C:/Users/admin/Desktop/flutter/ecommerce_java/lib/ecommerce-project/vendor/laravel/framework/src/Illuminate/Routing/Middleware/ThrottleRequests.php(87): Illuminate/Routing/Middleware/ThrottleRequests->handleRequestUsingNamedLimiter(Object(Illuminate/Http/Request), Object(Closure), 'api', Object(Closure))
#22 C:/Users/admin/Desktop/flutter/ecommerce_java/lib/ecommerce-project/vendor/laravel/framework/src/Illuminate/Pipeline/Pipeline.php(183): Illuminate/Routing/Middleware/ThrottleRequests->handle(Object(Illuminate/Http/Request), Object(Closure), 'api')
#23 C:/Users/admin/Desktop/flutter/ecommerce_java/lib/ecommerce-project/vendor/laravel/framework/src/Illuminate/Auth/Middleware/Authenticate.php(57): Illuminate/Pipeline/Pipeline->Illuminate/Pipeline/{closure}(Object(Illuminate/Http/Request))
#24 C:/Users/admin/Desktop/flutter/ecommerce_java/lib/ecommerce-project/vendor/laravel/framework/src/Illuminate/Pipeline/Pipeline.php(183): Illuminate/Auth/Middleware/Authenticate->handle(Object(Illuminate/Http/Request), Object(Closure), 'sanctum')
#25 C:/Users/admin/Desktop/flutter/ecommerce_java/lib/ecommerce-project/vendor/laravel/framework/src/Illuminate/Pipeline/Pipeline.php(119): Illuminate/Pipeline/Pipeline->Illuminate/Pipeline/{closure}(Object(Illuminate/Http/Request))
#26 C:/Users/admin/Desktop/flutter/ecommerce_java/lib/ecommerce-project/vendor/laravel/framework/src/Illuminate/Routing/Router.php(805): Illuminate/Pipeline/Pipeline->then(Object(Closure))
#27 C:/Users/admin/Desktop/flutter/ecommerce_java/lib/ecommerce-project/vendor/laravel/framework/src/Illuminate/Routing/Router.php(784): Illuminate/Routing/Router->runRouteWithinStack(Object(Illuminate/Routing/Route), Object(Illuminate/Http/Request))
#28 C:/Users/admin/Desktop/flutter/ecommerce_java/lib/ecommerce-project/vendor/laravel/framework/src/Illuminate/Routing/Router.php(748): Illuminate/Routing/Router->runRoute(Object(Illuminate/Http/Request), Object(Illuminate/Routing/Route))
#29 C:/Users/admin/Desktop/flutter/ecommerce_java/lib/ecommerce-project/vendor/laravel/framework/src/Illuminate/Routing/Router.php(737): Illuminate/Routing/Router->dispatchToRoute(Object(Illuminate/Http/Request))
#30 C:/Users/admin/Desktop/flutter/ecommerce_java/lib/ecommerce-project/vendor/laravel/framework/src/Illuminate/Foundation/Http/Kernel.php(200): Illuminate/Routing/Router->dispatch(Object(Illuminate/Http/Request))
#31 C:/Users/admin/Desktop/flutter/ecommerce_java/lib/ecommerce-project/vendor/laravel/framework/src/Illuminate/Pipeline/Pipeline.php(144): Illuminate/Foundation/Http/Kernel->Illuminate/Foundation/Http/{closure}(Object(Illuminate/Http/Request))
#32 C:/Users/admin/Desktop/flutter/ecommerce_java/lib/ecommerce-project/vendor/laravel/framework/src/Illuminate/Foundation/Http/Middleware/TransformsRequest.php(21): Illuminate/Pipeline/Pipeline->Illuminate/Pipeline/{closure}(Object(Illuminate/Http/Request))
#33 C:/Users/admin/Desktop/flutter/ecommerce_java/lib/ecommerce-project/vendor/laravel/framework/src/Illuminate/Foundation/Http/Middleware/ConvertEmptyStringsToNull.php(31): Illuminate/Foundation/Http/Middleware/TransformsRequest->handle(Object(Illuminate/Http/Request), Object(Closure))
#34 C:/Users/admin/Desktop/flutter/ecommerce_java/lib/ecommerce-project/vendor/laravel/framework/src/Illuminate/Pipeline/Pipeline.php(183): Illuminate/Foundation/Http/Middleware/ConvertEmptyStringsToNull->handle(Object(Illuminate/Http/Request), Object(Closure))
#35 C:/Users/admin/Desktop/flutter/ecommerce_java/lib/ecommerce-project/vendor/laravel/framework/src/Illuminate/Foundation/Http/Middleware/TransformsRequest.php(21): Illuminate/Pipeline/Pipeline->Illuminate/Pipeline/{closure}(Object(Illuminate/Http/Request))
#36 C:/Users/admin/Desktop/flutter/ecommerce_java/lib/ecommerce-project/vendor/laravel/framework/src/Illuminate/Foundation/Http/Middleware/TrimStrings.php(40): Illuminate/Foundation/Http/Middleware/TransformsRequest->handle(Object(Illuminate/Http/Request), Object(Closure))
#37 C:/Users/admin/Desktop/flutter/ecommerce_java/lib/ecommerce-project/vendor/laravel/framework/src/Illuminate/Pipeline/Pipeline.php(183): Illuminate/Foundation/Http/Middleware/TrimStrings->handle(Object(Illuminate/Http/Request), Object(Closure))
#38 C:/Users/admin/Desktop/flutter/ecommerce_java/lib/ecommerce-project/vendor/laravel/framework/src/Illuminate/Foundation/Http/Middleware/ValidatePostSize.php(27): Illuminate/Pipeline/Pipeline->Illuminate/Pipeline/{closure}(Object(Illuminate/Http/Request))
#39 C:/Users/admin/Desktop/flutter/ecommerce_java/lib/ecommerce-project/vendor/laravel/framework/src/Illuminate/Pipeline/Pipeline.php(183): Illuminate/Foundation/Http/Middleware/ValidatePostSize->handle(Object(Illuminate/Http/Request), Object(Closure))
#40 C:/Users/admin/Desktop/flutter/ecommerce_java/lib/ecommerce-project/vendor/laravel/framework/src/Illuminate/Foundation/Http/Middleware/PreventRequestsDuringMaintenance.php(99): Illuminate/Pipeline/Pipeline->Illuminate/Pipeline/{closure}(Object(Illuminate/Http/Request))
#41 C:/Users/admin/Desktop/flutter/ecommerce_java/lib/ecommerce-project/vendor/laravel/framework/src/Illuminate/Pipeline/Pipeline.php(183): Illuminate/Foundation/Http/Middleware/PreventRequestsDuringMaintenance->handle(Object(Illuminate/Http/Request), Object(Closure))
#42 C:/Users/admin/Desktop/flutter/ecommerce_java/lib/ecommerce-project/vendor/laravel/framework/src/Illuminate/Http/Middleware/HandleCors.php(62): Illuminate/Pipeline/Pipeline->Illuminate/Pipeline/{closure}(Object(Illuminate/Http/Request))
#43 C:/Users/admin/Desktop/flutter/ecommerce_java/lib/ecommerce-project/vendor/laravel/framework/src/Illuminate/Pipeline/Pipeline.php(183): Illuminate/Http/Middleware/HandleCors->handle(Object(Illuminate/Http/Request), Object(Closure))
#44 C:/Users/admin/Desktop/flutter/ecommerce_java/lib/ecommerce-project/vendor/laravel/framework/src/Illuminate/Http/Middleware/TrustProxies.php(39): Illuminate/Pipeline/Pipeline->Illuminate/Pipeline/{closure}(Object(Illuminate/Http/Request))
#45 C:/Users/admin/Desktop/flutter/ecommerce_java/lib/ecommerce-project/vendor/laravel/framework/src/Illuminate/Pipeline/Pipeline.php(183): Illuminate/Http/Middleware/TrustProxies->handle(Object(Illuminate/Http/Request), Object(Closure))
#46 C:/Users/admin/Desktop/flutter/ecommerce_java/lib/ecommerce-project/vendor/laravel/framework/src/Illuminate/Pipeline/Pipeline.php(119): Illuminate/Pipeline/Pipeline->Illuminate/Pipeline/{closure}(Object(Illuminate/Http/Request))
#47 C:/Users/admin/Desktop/flutter/ecommerce_java/lib/ecommerce-project/vendor/laravel/framework/src/Illuminate/Foundation/Http/Kernel.php(175): Illuminate/Pipeline/Pipeline->then(Object(Closure))
#48 C:/Users/admin/Desktop/flutter/ecommerce_java/lib/ecommerce-project/vendor/laravel/framework/src/Illuminate/Foundation/Http/Kernel.php(144): Illuminate/Foundation/Http/Kernel->sendRequestThroughRouter(Object(Illuminate/Http/Request))
#49 C:/Users/admin/Desktop/flutter/ecommerce_java/lib/ecommerce-project/public/index.php(51): Illuminate/Foundation/Http/Kernel->handle(Object(Illuminate/Http/Request))
#50 C:/Users/admin/Desktop/flutter/ecommerce_java/lib/ecommerce-project/vendor/laravel/framework/src/Illuminate/Foundation/resources/server.php(16): require_once('C://Users//admin//...')
#51 {main}
"} 
[2026-07-07 04:40:38] local.ERROR: Add [user_id] to fillable property to allow mass assignment on [App\Models\Cart]. {"userId":1,"exception":"[object] (Illuminate\\Database\\Eloquent\\MassAssignmentException(code: 0): Add [user_id] to fillable property to allow mass assignment on [App\\Models\\Cart]. at C:/Users/admin/Desktop/flutter/ecommerce_java/lib/ecommerce-project/vendor/laravel/framework/src/Illuminate/Database/Eloquent/Model.php:525)
[stacktrace]
#0 C:/Users/admin/Desktop/flutter/ecommerce_java/lib/ecommerce-project/vendor/laravel/framework/src/Illuminate/Database/Eloquent/Model.php(614): Illuminate/Database/Eloquent/Model->fill(Array)
#1 C:/Users/admin/Desktop/flutter/ecommerce_java/lib/ecommerce-project/vendor/laravel/framework/src/Illuminate/Database/Eloquent/Builder.php(1539): Illuminate/Database/Eloquent/Model->newInstance(Array)
#2 C:/Users/admin/Desktop/flutter/ecommerce_java/lib/ecommerce-project/vendor/laravel/framework/src/Illuminate/Database/Eloquent/Builder.php(1024): Illuminate/Database/Eloquent/Builder->newModelInstance(Array)
#3 C:/Users/admin/Desktop/flutter/ecommerce_java/lib/ecommerce-project/vendor/laravel/framework/src/Illuminate/Database/Eloquent/Builder.php(585): Illuminate/Database/Eloquent/Builder->create(Array)
#4 C:/Users/admin/Desktop/flutter/ecommerce_java/lib/ecommerce-project/vendor/laravel/framework/src/Illuminate/Database/Eloquent/Builder.php(1728): Illuminate/Database/Eloquent/Builder->Illuminate/Database/Eloquent/{closure}()
#5 C:/Users/admin/Desktop/flutter/ecommerce_java/lib/ecommerce-project/vendor/laravel/framework/src/Illuminate/Database/Eloquent/Builder.php(585): Illuminate/Database/Eloquent/Builder->withSavepointIfNeeded(Object(Closure))
#6 C:/Users/admin/Desktop/flutter/ecommerce_java/lib/ecommerce-project/vendor/laravel/framework/src/Illuminate/Database/Eloquent/Builder.php(572): Illuminate/Database/Eloquent/Builder->createOrFirst(Array, Array)
#7 C:/Users/admin/Desktop/flutter/ecommerce_java/lib/ecommerce-project/vendor/laravel/framework/src/Illuminate/Support/Traits/ForwardsCalls.php(23): Illuminate/Database/Eloquent/Builder->firstOrCreate(Array)
#8 C:/Users/admin/Desktop/flutter/ecommerce_java/lib/ecommerce-project/vendor/laravel/framework/src/Illuminate/Database/Eloquent/Model.php(2335): Illuminate/Database/Eloquent/Model->forwardCallTo(Object(Illuminate/Database/Eloquent/Builder), 'firstOrCreate', Array)
#9 C:/Users/admin/Desktop/flutter/ecommerce_java/lib/ecommerce-project/vendor/laravel/framework/src/Illuminate/Database/Eloquent/Model.php(2347): Illuminate/Database/Eloquent/Model->__call('firstOrCreate', Array)
#10 C:/Users/admin/Desktop/flutter/ecommerce_java/lib/ecommerce-project/app/Http/Controllers/Api/CartController.php(40): Illuminate/Database/Eloquent/Model::__callStatic('firstOrCreate', Array)
#11 C:/Users/admin/Desktop/flutter/ecommerce_java/lib/ecommerce-project/vendor/laravel/framework/src/Illuminate/Routing/Controller.php(54): App/Http/Controllers/Api/CartController->store(Object(Illuminate/Http/Request))
#12 C:/Users/admin/Desktop/flutter/ecommerce_java/lib/ecommerce-project/vendor/laravel/framework/src/Illuminate/Routing/ControllerDispatcher.php(43): Illuminate/Routing/Controller->callAction('store', Array)
#13 C:/Users/admin/Desktop/flutter/ecommerce_java/lib/ecommerce-project/vendor/laravel/framework/src/Illuminate/Routing/Route.php(259): Illuminate/Routing/ControllerDispatcher->dispatch(Object(Illuminate/Routing/Route), Object(App/Http/Controllers/Api/CartController), 'store')
#14 C:/Users/admin/Desktop/flutter/ecommerce_java/lib/ecommerce-project/vendor/laravel/framework/src/Illuminate/Routing/Route.php(205): Illuminate/Routing/Route->runController()
#15 C:/Users/admin/Desktop/flutter/ecommerce_java/lib/ecommerce-project/vendor/laravel/framework/src/Illuminate/Routing/Router.php(806): Illuminate/Routing/Route->run()
#16 C:/Users/admin/Desktop/flutter/ecommerce_java/lib/ecommerce-project/vendor/laravel/framework/src/Illuminate/Pipeline/Pipeline.php(144): Illuminate/Routing/Router->Illuminate/Routing/{closure}(Object(Illuminate/Http/Request))
#17 C:/Users/admin/Desktop/flutter/ecommerce_java/lib/ecommerce-project/vendor/laravel/framework/src/Illuminate/Routing/Middleware/SubstituteBindings.php(50): Illuminate/Pipeline/Pipeline->Illuminate/Pipeline/{closure}(Object(Illuminate/Http/Request))
#18 C:/Users/admin/Desktop/flutter/ecommerce_java/lib/ecommerce-project/vendor/laravel/framework/src/Illuminate/Pipeline/Pipeline.php(183): Illuminate/Routing/Middleware/SubstituteBindings->handle(Object(Illuminate/Http/Request), Object(Closure))
#19 C:/Users/admin/Desktop/flutter/ecommerce_java/lib/ecommerce-project/vendor/laravel/framework/src/Illuminate/Routing/Middleware/ThrottleRequests.php(159): Illuminate/Pipeline/Pipeline->Illuminate/Pipeline/{closure}(Object(Illuminate/Http/Request))
#20 C:/Users/admin/Desktop/flutter/ecommerce_java/lib/ecommerce-project/vendor/laravel/framework/src/Illuminate/Routing/Middleware/ThrottleRequests.php(125): Illuminate/Routing/Middleware/ThrottleRequests->handleRequest(Object(Illuminate/Http/Request), Object(Closure), Array)
#21 C:/Users/admin/Desktop/flutter/ecommerce_java/lib/ecommerce-project/vendor/laravel/framework/src/Illuminate/Routing/Middleware/ThrottleRequests.php(87): Illuminate/Routing/Middleware/ThrottleRequests->handleRequestUsingNamedLimiter(Object(Illuminate/Http/Request), Object(Closure), 'api', Object(Closure))
#22 C:/Users/admin/Desktop/flutter/ecommerce_java/lib/ecommerce-project/vendor/laravel/framework/src/Illuminate/Pipeline/Pipeline.php(183): Illuminate/Routing/Middleware/ThrottleRequests->handle(Object(Illuminate/Http/Request), Object(Closure), 'api')
#23 C:/Users/admin/Desktop/flutter/ecommerce_java/lib/ecommerce-project/vendor/laravel/framework/src/Illuminate/Auth/Middleware/Authenticate.php(57): Illuminate/Pipeline/Pipeline->Illuminate/Pipeline/{closure}(Object(Illuminate/Http/Request))
#24 C:/Users/admin/Desktop/flutter/ecommerce_java/lib/ecommerce-project/vendor/laravel/framework/src/Illuminate/Pipeline/Pipeline.php(183): Illuminate/Auth/Middleware/Authenticate->handle(Object(Illuminate/Http/Request), Object(Closure), 'sanctum')
#25 C:/Users/admin/Desktop/flutter/ecommerce_java/lib/ecommerce-project/vendor/laravel/framework/src/Illuminate/Pipeline/Pipeline.php(119): Illuminate/Pipeline/Pipeline->Illuminate/Pipeline/{closure}(Object(Illuminate/Http/Request))
#26 C:/Users/admin/Desktop/flutter/ecommerce_java/lib/ecommerce-project/vendor/laravel/framework/src/Illuminate/Routing/Router.php(805): Illuminate/Pipeline/Pipeline->then(Object(Closure))
#27 C:/Users/admin/Desktop/flutter/ecommerce_java/lib/ecommerce-project/vendor/laravel/framework/src/Illuminate/Routing/Router.php(784): Illuminate/Routing/Router->runRouteWithinStack(Object(Illuminate/Routing/Route), Object(Illuminate/Http/Request))
#28 C:/Users/admin/Desktop/flutter/ecommerce_java/lib/ecommerce-project/vendor/laravel/framework/src/Illuminate/Routing/Router.php(748): Illuminate/Routing/Router->runRoute(Object(Illuminate/Http/Request), Object(Illuminate/Routing/Route))
#29 C:/Users/admin/Desktop/flutter/ecommerce_java/lib/ecommerce-project/vendor/laravel/framework/src/Illuminate/Routing/Router.php(737): Illuminate/Routing/Router->dispatchToRoute(Object(Illuminate/Http/Request))
#30 C:/Users/admin/Desktop/flutter/ecommerce_java/lib/ecommerce-project/vendor/laravel/framework/src/Illuminate/Foundation/Http/Kernel.php(200): Illuminate/Routing/Router->dispatch(Object(Illuminate/Http/Request))
#31 C:/Users/admin/Desktop/flutter/ecommerce_java/lib/ecommerce-project/vendor/laravel/framework/src/Illuminate/Pipeline/Pipeline.php(144): Illuminate/Foundation/Http/Kernel->Illuminate/Foundation/Http/{closure}(Object(Illuminate/Http/Request))
#32 C:/Users/admin/Desktop/flutter/ecommerce_java/lib/ecommerce-project/vendor/laravel/framework/src/Illuminate/Foundation/Http/Middleware/TransformsRequest.php(21): Illuminate/Pipeline/Pipeline->Illuminate/Pipeline/{closure}(Object(Illuminate/Http/Request))
#33 C:/Users/admin/Desktop/flutter/ecommerce_java/lib/ecommerce-project/vendor/laravel/framework/src/Illuminate/Foundation/Http/Middleware/ConvertEmptyStringsToNull.php(31): Illuminate/Foundation/Http/Middleware/TransformsRequest->handle(Object(Illuminate/Http/Request), Object(Closure))
#34 C:/Users/admin/Desktop/flutter/ecommerce_java/lib/ecommerce-project/vendor/laravel/framework/src/Illuminate/Pipeline/Pipeline.php(183): Illuminate/Foundation/Http/Middleware/ConvertEmptyStringsToNull->handle(Object(Illuminate/Http/Request), Object(Closure))
#35 C:/Users/admin/Desktop/flutter/ecommerce_java/lib/ecommerce-project/vendor/laravel/framework/src/Illuminate/Foundation/Http/Middleware/TransformsRequest.php(21): Illuminate/Pipeline/Pipeline->Illuminate/Pipeline/{closure}(Object(Illuminate/Http/Request))
#36 C:/Users/admin/Desktop/flutter/ecommerce_java/lib/ecommerce-project/vendor/laravel/framework/src/Illuminate/Foundation/Http/Middleware/TrimStrings.php(40): Illuminate/Foundation/Http/Middleware/TransformsRequest->handle(Object(Illuminate/Http/Request), Object(Closure))
#37 C:/Users/admin/Desktop/flutter/ecommerce_java/lib/ecommerce-project/vendor/laravel/framework/src/Illuminate/Pipeline/Pipeline.php(183): Illuminate/Foundation/Http/Middleware/TrimStrings->handle(Object(Illuminate/Http/Request), Object(Closure))
#38 C:/Users/admin/Desktop/flutter/ecommerce_java/lib/ecommerce-project/vendor/laravel/framework/src/Illuminate/Foundation/Http/Middleware/ValidatePostSize.php(27): Illuminate/Pipeline/Pipeline->Illuminate/Pipeline/{closure}(Object(Illuminate/Http/Request))
#39 C:/Users/admin/Desktop/flutter/ecommerce_java/lib/ecommerce-project/vendor/laravel/framework/src/Illuminate/Pipeline/Pipeline.php(183): Illuminate/Foundation/Http/Middleware/ValidatePostSize->handle(Object(Illuminate/Http/Request), Object(Closure))
#40 C:/Users/admin/Desktop/flutter/ecommerce_java/lib/ecommerce-project/vendor/laravel/framework/src/Illuminate/Foundation/Http/Middleware/PreventRequestsDuringMaintenance.php(99): Illuminate/Pipeline/Pipeline->Illuminate/Pipeline/{closure}(Object(Illuminate/Http/Request))
#41 C:/Users/admin/Desktop/flutter/ecommerce_java/lib/ecommerce-project/vendor/laravel/framework/src/Illuminate/Pipeline/Pipeline.php(183): Illuminate/Foundation/Http/Middleware/PreventRequestsDuringMaintenance->handle(Object(Illuminate/Http/Request), Object(Closure))
#42 C:/Users/admin/Desktop/flutter/ecommerce_java/lib/ecommerce-project/vendor/laravel/framework/src/Illuminate/Http/Middleware/HandleCors.php(62): Illuminate/Pipeline/Pipeline->Illuminate/Pipeline/{closure}(Object(Illuminate/Http/Request))
#43 C:/Users/admin/Desktop/flutter/ecommerce_java/lib/ecommerce-project/vendor/laravel/framework/src/Illuminate/Pipeline/Pipeline.php(183): Illuminate/Http/Middleware/HandleCors->handle(Object(Illuminate/Http/Request), Object(Closure))
#44 C:/Users/admin/Desktop/flutter/ecommerce_java/lib/ecommerce-project/vendor/laravel/framework/src/Illuminate/Http/Middleware/TrustProxies.php(39): Illuminate/Pipeline/Pipeline->Illuminate/Pipeline/{closure}(Object(Illuminate/Http/Request))
#45 C:/Users/admin/Desktop/flutter/ecommerce_java/lib/ecommerce-project/vendor/laravel/framework/src/Illuminate/Pipeline/Pipeline.php(183): Illuminate/Http/Middleware/TrustProxies->handle(Object(Illuminate/Http/Request), Object(Closure))
#46 C:/Users/admin/Desktop/flutter/ecommerce_java/lib/ecommerce-project/vendor/laravel/framework/src/Illuminate/Pipeline/Pipeline.php(119): Illuminate/Pipeline/Pipeline->Illuminate/Pipeline/{closure}(Object(Illuminate/Http/Request))
#47 C:/Users/admin/Desktop/flutter/ecommerce_java/lib/ecommerce-project/vendor/laravel/framework/src/Illuminate/Foundation/Http/Kernel.php(175): Illuminate/Pipeline/Pipeline->then(Object(Closure))
#48 C:/Users/admin/Desktop/flutter/ecommerce_java/lib/ecommerce-project/vendor/laravel/framework/src/Illuminate/Foundation/Http/Kernel.php(144): Illuminate/Foundation/Http/Kernel->sendRequestThroughRouter(Object(Illuminate/Http/Request))
#49 C:/Users/admin/Desktop/flutter/ecommerce_java/lib/ecommerce-project/public/index.php(51): Illuminate/Foundation/Http/Kernel->handle(Object(Illuminate/Http/Request))
#50 C:/Users/admin/Desktop/flutter/ecommerce_java/lib/ecommerce-project/vendor/laravel/framework/src/Illuminate/Foundation/resources/server.php(16): require_once('C://Users//admin//...')
#51 {main}
"} 
[2026-07-07 04:40:43] local.ERROR: Add [user_id] to fillable property to allow mass assignment on [App\Models\Cart]. {"userId":1,"exception":"[object] (Illuminate\\Database\\Eloquent\\MassAssignmentException(code: 0): Add [user_id] to fillable property to allow mass assignment on [App\\Models\\Cart]. at C:/Users/admin/Desktop/flutter/ecommerce_java/lib/ecommerce-project/vendor/laravel/framework/src/Illuminate/Database/Eloquent/Model.php:525)
[stacktrace]
#0 C:/Users/admin/Desktop/flutter/ecommerce_java/lib/ecommerce-project/vendor/laravel/framework/src/Illuminate/Database/Eloquent/Model.php(614): Illuminate/Database/Eloquent/Model->fill(Array)
#1 C:/Users/admin/Desktop/flutter/ecommerce_java/lib/ecommerce-project/vendor/laravel/framework/src/Illuminate/Database/Eloquent/Builder.php(1539): Illuminate/Database/Eloquent/Model->newInstance(Array)
#2 C:/Users/admin/Desktop/flutter/ecommerce_java/lib/ecommerce-project/vendor/laravel/framework/src/Illuminate/Database/Eloquent/Builder.php(1024): Illuminate/Database/Eloquent/Builder->newModelInstance(Array)
#3 C:/Users/admin/Desktop/flutter/ecommerce_java/lib/ecommerce-project/vendor/laravel/framework/src/Illuminate/Database/Eloquent/Builder.php(585): Illuminate/Database/Eloquent/Builder->create(Array)
#4 C:/Users/admin/Desktop/flutter/ecommerce_java/lib/ecommerce-project/vendor/laravel/framework/src/Illuminate/Database/Eloquent/Builder.php(1728): Illuminate/Database/Eloquent/Builder->Illuminate/Database/Eloquent/{closure}()
#5 C:/Users/admin/Desktop/flutter/ecommerce_java/lib/ecommerce-project/vendor/laravel/framework/src/Illuminate/Database/Eloquent/Builder.php(585): Illuminate/Database/Eloquent/Builder->withSavepointIfNeeded(Object(Closure))
#6 C:/Users/admin/Desktop/flutter/ecommerce_java/lib/ecommerce-project/vendor/laravel/framework/src/Illuminate/Database/Eloquent/Builder.php(572): Illuminate/Database/Eloquent/Builder->createOrFirst(Array, Array)
#7 C:/Users/admin/Desktop/flutter/ecommerce_java/lib/ecommerce-project/vendor/laravel/framework/src/Illuminate/Support/Traits/ForwardsCalls.php(23): Illuminate/Database/Eloquent/Builder->firstOrCreate(Array)
#8 C:/Users/admin/Desktop/flutter/ecommerce_java/lib/ecommerce-project/vendor/laravel/framework/src/Illuminate/Database/Eloquent/Model.php(2335): Illuminate/Database/Eloquent/Model->forwardCallTo(Object(Illuminate/Database/Eloquent/Builder), 'firstOrCreate', Array)
#9 C:/Users/admin/Desktop/flutter/ecommerce_java/lib/ecommerce-project/vendor/laravel/framework/src/Illuminate/Database/Eloquent/Model.php(2347): Illuminate/Database/Eloquent/Model->__call('firstOrCreate', Array)
#10 C:/Users/admin/Desktop/flutter/ecommerce_java/lib/ecommerce-project/app/Http/Controllers/Api/CartController.php(40): Illuminate/Database/Eloquent/Model::__callStatic('firstOrCreate', Array)
#11 C:/Users/admin/Desktop/flutter/ecommerce_java/lib/ecommerce-project/vendor/laravel/framework/src/Illuminate/Routing/Controller.php(54): App/Http/Controllers/Api/CartController->store(Object(Illuminate/Http/Request))
#12 C:/Users/admin/Desktop/flutter/ecommerce_java/lib/ecommerce-project/vendor/laravel/framework/src/Illuminate/Routing/ControllerDispatcher.php(43): Illuminate/Routing/Controller->callAction('store', Array)
#13 C:/Users/admin/Desktop/flutter/ecommerce_java/lib/ecommerce-project/vendor/laravel/framework/src/Illuminate/Routing/Route.php(259): Illuminate/Routing/ControllerDispatcher->dispatch(Object(Illuminate/Routing/Route), Object(App/Http/Controllers/Api/CartController), 'store')
#14 C:/Users/admin/Desktop/flutter/ecommerce_java/lib/ecommerce-project/vendor/laravel/framework/src/Illuminate/Routing/Route.php(205): Illuminate/Routing/Route->runController()
#15 C:/Users/admin/Desktop/flutter/ecommerce_java/lib/ecommerce-project/vendor/laravel/framework/src/Illuminate/Routing/Router.php(806): Illuminate/Routing/Route->run()
#16 C:/Users/admin/Desktop/flutter/ecommerce_java/lib/ecommerce-project/vendor/laravel/framework/src/Illuminate/Pipeline/Pipeline.php(144): Illuminate/Routing/Router->Illuminate/Routing/{closure}(Object(Illuminate/Http/Request))
#17 C:/Users/admin/Desktop/flutter/ecommerce_java/lib/ecommerce-project/vendor/laravel/framework/src/Illuminate/Routing/Middleware/SubstituteBindings.php(50): Illuminate/Pipeline/Pipeline->Illuminate/Pipeline/{closure}(Object(Illuminate/Http/Request))
#18 C:/Users/admin/Desktop/flutter/ecommerce_java/lib/ecommerce-project/vendor/laravel/framework/src/Illuminate/Pipeline/Pipeline.php(183): Illuminate/Routing/Middleware/SubstituteBindings->handle(Object(Illuminate/Http/Request), Object(Closure))
#19 C:/Users/admin/Desktop/flutter/ecommerce_java/lib/ecommerce-project/vendor/laravel/framework/src/Illuminate/Routing/Middleware/ThrottleRequests.php(159): Illuminate/Pipeline/Pipeline->Illuminate/Pipeline/{closure}(Object(Illuminate/Http/Request))
#20 C:/Users/admin/Desktop/flutter/ecommerce_java/lib/ecommerce-project/vendor/laravel/framework/src/Illuminate/Routing/Middleware/ThrottleRequests.php(125): Illuminate/Routing/Middleware/ThrottleRequests->handleRequest(Object(Illuminate/Http/Request), Object(Closure), Array)
#21 C:/Users/admin/Desktop/flutter/ecommerce_java/lib/ecommerce-project/vendor/laravel/framework/src/Illuminate/Routing/Middleware/ThrottleRequests.php(87): Illuminate/Routing/Middleware/ThrottleRequests->handleRequestUsingNamedLimiter(Object(Illuminate/Http/Request), Object(Closure), 'api', Object(Closure))
#22 C:/Users/admin/Desktop/flutter/ecommerce_java/lib/ecommerce-project/vendor/laravel/framework/src/Illuminate/Pipeline/Pipeline.php(183): Illuminate/Routing/Middleware/ThrottleRequests->handle(Object(Illuminate/Http/Request), Object(Closure), 'api')
#23 C:/Users/admin/Desktop/flutter/ecommerce_java/lib/ecommerce-project/vendor/laravel/framework/src/Illuminate/Auth/Middleware/Authenticate.php(57): Illuminate/Pipeline/Pipeline->Illuminate/Pipeline/{closure}(Object(Illuminate/Http/Request))
#24 C:/Users/admin/Desktop/flutter/ecommerce_java/lib/ecommerce-project/vendor/laravel/framework/src/Illuminate/Pipeline/Pipeline.php(183): Illuminate/Auth/Middleware/Authenticate->handle(Object(Illuminate/Http/Request), Object(Closure), 'sanctum')
#25 C:/Users/admin/Desktop/flutter/ecommerce_java/lib/ecommerce-project/vendor/laravel/framework/src/Illuminate/Pipeline/Pipeline.php(119): Illuminate/Pipeline/Pipeline->Illuminate/Pipeline/{closure}(Object(Illuminate/Http/Request))
#26 C:/Users/admin/Desktop/flutter/ecommerce_java/lib/ecommerce-project/vendor/laravel/framework/src/Illuminate/Routing/Router.php(805): Illuminate/Pipeline/Pipeline->then(Object(Closure))
#27 C:/Users/admin/Desktop/flutter/ecommerce_java/lib/ecommerce-project/vendor/laravel/framework/src/Illuminate/Routing/Router.php(784): Illuminate/Routing/Router->runRouteWithinStack(Object(Illuminate/Routing/Route), Object(Illuminate/Http/Request))
#28 C:/Users/admin/Desktop/flutter/ecommerce_java/lib/ecommerce-project/vendor/laravel/framework/src/Illuminate/Routing/Router.php(748): Illuminate/Routing/Router->runRoute(Object(Illuminate/Http/Request), Object(Illuminate/Routing/Route))
#29 C:/Users/admin/Desktop/flutter/ecommerce_java/lib/ecommerce-project/vendor/laravel/framework/src/Illuminate/Routing/Router.php(737): Illuminate/Routing/Router->dispatchToRoute(Object(Illuminate/Http/Request))
#30 C:/Users/admin/Desktop/flutter/ecommerce_java/lib/ecommerce-project/vendor/laravel/framework/src/Illuminate/Foundation/Http/Kernel.php(200): Illuminate/Routing/Router->dispatch(Object(Illuminate/Http/Request))
#31 C:/Users/admin/Desktop/flutter/ecommerce_java/lib/ecommerce-project/vendor/laravel/framework/src/Illuminate/Pipeline/Pipeline.php(144): Illuminate/Foundation/Http/Kernel->Illuminate/Foundation/Http/{closure}(Object(Illuminate/Http/Request))
#32 C:/Users/admin/Desktop/flutter/ecommerce_java/lib/ecommerce-project/vendor/laravel/framework/src/Illuminate/Foundation/Http/Middleware/TransformsRequest.php(21): Illuminate/Pipeline/Pipeline->Illuminate/Pipeline/{closure}(Object(Illuminate/Http/Request))
#33 C:/Users/admin/Desktop/flutter/ecommerce_java/lib/ecommerce-project/vendor/laravel/framework/src/Illuminate/Foundation/Http/Middleware/ConvertEmptyStringsToNull.php(31): Illuminate/Foundation/Http/Middleware/TransformsRequest->handle(Object(Illuminate/Http/Request), Object(Closure))
#34 C:/Users/admin/Desktop/flutter/ecommerce_java/lib/ecommerce-project/vendor/laravel/framework/src/Illuminate/Pipeline/Pipeline.php(183): Illuminate/Foundation/Http/Middleware/ConvertEmptyStringsToNull->handle(Object(Illuminate/Http/Request), Object(Closure))
#35 C:/Users/admin/Desktop/flutter/ecommerce_java/lib/ecommerce-project/vendor/laravel/framework/src/Illuminate/Foundation/Http/Middleware/TransformsRequest.php(21): Illuminate/Pipeline/Pipeline->Illuminate/Pipeline/{closure}(Object(Illuminate/Http/Request))
#36 C:/Users/admin/Desktop/flutter/ecommerce_java/lib/ecommerce-project/vendor/laravel/framework/src/Illuminate/Foundation/Http/Middleware/TrimStrings.php(40): Illuminate/Foundation/Http/Middleware/TransformsRequest->handle(Object(Illuminate/Http/Request), Object(Closure))
#37 C:/Users/admin/Desktop/flutter/ecommerce_java/lib/ecommerce-project/vendor/laravel/framework/src/Illuminate/Pipeline/Pipeline.php(183): Illuminate/Foundation/Http/Middleware/TrimStrings->handle(Object(Illuminate/Http/Request), Object(Closure))
#38 C:/Users/admin/Desktop/flutter/ecommerce_java/lib/ecommerce-project/vendor/laravel/framework/src/Illuminate/Foundation/Http/Middleware/ValidatePostSize.php(27): Illuminate/Pipeline/Pipeline->Illuminate/Pipeline/{closure}(Object(Illuminate/Http/Request))
#39 C:/Users/admin/Desktop/flutter/ecommerce_java/lib/ecommerce-project/vendor/laravel/framework/src/Illuminate/Pipeline/Pipeline.php(183): Illuminate/Foundation/Http/Middleware/ValidatePostSize->handle(Object(Illuminate/Http/Request), Object(Closure))
#40 C:/Users/admin/Desktop/flutter/ecommerce_java/lib/ecommerce-project/vendor/laravel/framework/src/Illuminate/Foundation/Http/Middleware/PreventRequestsDuringMaintenance.php(99): Illuminate/Pipeline/Pipeline->Illuminate/Pipeline/{closure}(Object(Illuminate/Http/Request))
#41 C:/Users/admin/Desktop/flutter/ecommerce_java/lib/ecommerce-project/vendor/laravel/framework/src/Illuminate/Pipeline/Pipeline.php(183): Illuminate/Foundation/Http/Middleware/PreventRequestsDuringMaintenance->handle(Object(Illuminate/Http/Request), Object(Closure))
#42 C:/Users/admin/Desktop/flutter/ecommerce_java/lib/ecommerce-project/vendor/laravel/framework/src/Illuminate/Http/Middleware/HandleCors.php(62): Illuminate/Pipeline/Pipeline->Illuminate/Pipeline/{closure}(Object(Illuminate/Http/Request))
#43 C:/Users/admin/Desktop/flutter/ecommerce_java/lib/ecommerce-project/vendor/laravel/framework/src/Illuminate/Pipeline/Pipeline.php(183): Illuminate/Http/Middleware/HandleCors->handle(Object(Illuminate/Http/Request), Object(Closure))
#44 C:/Users/admin/Desktop/flutter/ecommerce_java/lib/ecommerce-project/vendor/laravel/framework/src/Illuminate/Http/Middleware/TrustProxies.php(39): Illuminate/Pipeline/Pipeline->Illuminate/Pipeline/{closure}(Object(Illuminate/Http/Request))
#45 C:/Users/admin/Desktop/flutter/ecommerce_java/lib/ecommerce-project/vendor/laravel/framework/src/Illuminate/Pipeline/Pipeline.php(183): Illuminate/Http/Middleware/TrustProxies->handle(Object(Illuminate/Http/Request), Object(Closure))
#46 C:/Users/admin/Desktop/flutter/ecommerce_java/lib/ecommerce-project/vendor/laravel/framework/src/Illuminate/Pipeline/Pipeline.php(119): Illuminate/Pipeline/Pipeline->Illuminate/Pipeline/{closure}(Object(Illuminate/Http/Request))
#47 C:/Users/admin/Desktop/flutter/ecommerce_java/lib/ecommerce-project/vendor/laravel/framework/src/Illuminate/Foundation/Http/Kernel.php(175): Illuminate/Pipeline/Pipeline->then(Object(Closure))
#48 C:/Users/admin/Desktop/flutter/ecommerce_java/lib/ecommerce-project/vendor/laravel/framework/src/Illuminate/Foundation/Http/Kernel.php(144): Illuminate/Foundation/Http/Kernel->sendRequestThroughRouter(Object(Illuminate/Http/Request))
#49 C:/Users/admin/Desktop/flutter/ecommerce_java/lib/ecommerce-project/public/index.php(51): Illuminate/Foundation/Http/Kernel->handle(Object(Illuminate/Http/Request))
#50 C:/Users/admin/Desktop/flutter/ecommerce_java/lib/ecommerce-project/vendor/laravel/framework/src/Illuminate/Foundation/resources/server.php(16): require_once('C://Users//admin//...')
#51 {main}
"} 
[2026-07-07 04:41:52] local.ERROR: Cannot use Illuminate\Support\Facades\Model as Model because the name is already in use {"userId":1,"exception":"[object] (Symfony\\Component\\ErrorHandler\\Error\\FatalError(code: 0): Cannot use Illuminate\\Support\\Facades\\Model as Model because the name is already in use at C:/Users/admin/Desktop/flutter/ecommerce_java/lib/ecommerce-project/app/Models/CartItem.php:11)
[stacktrace]
#0 {main}
"} 
[2026-07-07 04:42:09] local.ERROR: Cannot use Illuminate\Support\Facades\Model as Model because the name is already in use {"userId":1,"exception":"[object] (Symfony\\Component\\ErrorHandler\\Error\\FatalError(code: 0): Cannot use Illuminate\\Support\\Facades\\Model as Model because the name is already in use at C:/Users/admin/Desktop/flutter/ecommerce_java/lib/ecommerce-project/app/Models/CartItem.php:11)
[stacktrace]
#0 {main}
"} 
[2026-07-07 04:42:57] local.ERROR: SQLSTATE[42S22]: Column not found: 1054 Unknown column 'price' in 'field list' (Connection: mysql, SQL: insert into `cart_items` (`cart_id`, `product_id`, `quantity`, `price`, `updated_at`, `created_at`) values (1, 99, 10, 386.94, 2026-07-07 04:42:57, 2026-07-07 04:42:57)) {"userId":1,"exception":"[object] (Illuminate\\Database\\QueryException(code: 42S22): SQLSTATE[42S22]: Column not found: 1054 Unknown column 'price' in 'field list' (Connection: mysql, SQL: insert into `cart_items` (`cart_id`, `product_id`, `quantity`, `price`, `updated_at`, `created_at`) values (1, 99, 10, 386.94, 2026-07-07 04:42:57, 2026-07-07 04:42:57)) at C:/Users/admin/Desktop/flutter/ecommerce_java/lib/ecommerce-project/vendor/laravel/framework/src/Illuminate/Database/Connection.php:829)
[stacktrace]
#0 C:/Users/admin/Desktop/flutter/ecommerce_java/lib/ecommerce-project/vendor/laravel/framework/src/Illuminate/Database/Connection.php(783): Illuminate/Database/Connection->runQueryCallback('insert into `ca...', Array, Object(Closure))
#1 C:/Users/admin/Desktop/flutter/ecommerce_java/lib/ecommerce-project/vendor/laravel/framework/src/Illuminate/Database/MySqlConnection.php(34): Illuminate/Database/Connection->run('insert into `ca...', Array, Object(Closure))
#2 C:/Users/admin/Desktop/flutter/ecommerce_java/lib/ecommerce-project/vendor/laravel/framework/src/Illuminate/Database/Query/Processors/MySqlProcessor.php(35): Illuminate/Database/MySqlConnection->insert('insert into `ca...', Array, 'id')
#3 C:/Users/admin/Desktop/flutter/ecommerce_java/lib/ecommerce-project/vendor/laravel/framework/src/Illuminate/Database/Query/Builder.php(3549): Illuminate/Database/Query/Processors/MySqlProcessor->processInsertGetId(Object(Illuminate/Database/Query/Builder), 'insert into `ca...', Array, 'id')
#4 C:/Users/admin/Desktop/flutter/ecommerce_java/lib/ecommerce-project/vendor/laravel/framework/src/Illuminate/Database/Eloquent/Builder.php(1982): Illuminate/Database/Query/Builder->insertGetId(Array, 'id')
#5 C:/Users/admin/Desktop/flutter/ecommerce_java/lib/ecommerce-project/vendor/laravel/framework/src/Illuminate/Database/Eloquent/Model.php(1334): Illuminate/Database/Eloquent/Builder->__call('insertGetId', Array)
#6 C:/Users/admin/Desktop/flutter/ecommerce_java/lib/ecommerce-project/vendor/laravel/framework/src/Illuminate/Database/Eloquent/Model.php(1299): Illuminate/Database/Eloquent/Model->insertAndSetId(Object(Illuminate/Database/Eloquent/Builder), Array)
#7 C:/Users/admin/Desktop/flutter/ecommerce_java/lib/ecommerce-project/vendor/laravel/framework/src/Illuminate/Database/Eloquent/Model.php(1138): Illuminate/Database/Eloquent/Model->performInsert(Object(Illuminate/Database/Eloquent/Builder))
#8 C:/Users/admin/Desktop/flutter/ecommerce_java/lib/ecommerce-project/vendor/laravel/framework/src/Illuminate/Database/Eloquent/Builder.php(1025): Illuminate/Database/Eloquent/Model->save()
#9 C:/Users/admin/Desktop/flutter/ecommerce_java/lib/ecommerce-project/vendor/laravel/framework/src/Illuminate/Support/helpers.php(320): Illuminate/Database/Eloquent/Builder->Illuminate/Database/Eloquent/{closure}(Object(App/Models/CartItem))
#10 C:/Users/admin/Desktop/flutter/ecommerce_java/lib/ecommerce-project/vendor/laravel/framework/src/Illuminate/Database/Eloquent/Builder.php(1024): tap(Object(App/Models/CartItem), Object(Closure))
#11 C:/Users/admin/Desktop/flutter/ecommerce_java/lib/ecommerce-project/vendor/laravel/framework/src/Illuminate/Support/Traits/ForwardsCalls.php(23): Illuminate/Database/Eloquent/Builder->create(Array)
#12 C:/Users/admin/Desktop/flutter/ecommerce_java/lib/ecommerce-project/vendor/laravel/framework/src/Illuminate/Database/Eloquent/Model.php(2335): Illuminate/Database/Eloquent/Model->forwardCallTo(Object(Illuminate/Database/Eloquent/Builder), 'create', Array)
#13 C:/Users/admin/Desktop/flutter/ecommerce_java/lib/ecommerce-project/vendor/laravel/framework/src/Illuminate/Database/Eloquent/Model.php(2347): Illuminate/Database/Eloquent/Model->__call('create', Array)
#14 C:/Users/admin/Desktop/flutter/ecommerce_java/lib/ecommerce-project/app/Http/Controllers/Api/CartController.php(50): Illuminate/Database/Eloquent/Model::__callStatic('create', Array)
#15 C:/Users/admin/Desktop/flutter/ecommerce_java/lib/ecommerce-project/vendor/laravel/framework/src/Illuminate/Routing/Controller.php(54): App/Http/Controllers/Api/CartController->store(Object(Illuminate/Http/Request))
#16 C:/Users/admin/Desktop/flutter/ecommerce_java/lib/ecommerce-project/vendor/laravel/framework/src/Illuminate/Routing/ControllerDispatcher.php(43): Illuminate/Routing/Controller->callAction('store', Array)
#17 C:/Users/admin/Desktop/flutter/ecommerce_java/lib/ecommerce-project/vendor/laravel/framework/src/Illuminate/Routing/Route.php(259): Illuminate/Routing/ControllerDispatcher->dispatch(Object(Illuminate/Routing/Route), Object(App/Http/Controllers/Api/CartController), 'store')
#18 C:/Users/admin/Desktop/flutter/ecommerce_java/lib/ecommerce-project/vendor/laravel/framework/src/Illuminate/Routing/Route.php(205): Illuminate/Routing/Route->runController()
#19 C:/Users/admin/Desktop/flutter/ecommerce_java/lib/ecommerce-project/vendor/laravel/framework/src/Illuminate/Routing/Router.php(806): Illuminate/Routing/Route->run()
#20 C:/Users/admin/Desktop/flutter/ecommerce_java/lib/ecommerce-project/vendor/laravel/framework/src/Illuminate/Pipeline/Pipeline.php(144): Illuminate/Routing/Router->Illuminate/Routing/{closure}(Object(Illuminate/Http/Request))
#21 C:/Users/admin/Desktop/flutter/ecommerce_java/lib/ecommerce-project/vendor/laravel/framework/src/Illuminate/Routing/Middleware/SubstituteBindings.php(50): Illuminate/Pipeline/Pipeline->Illuminate/Pipeline/{closure}(Object(Illuminate/Http/Request))
#22 C:/Users/admin/Desktop/flutter/ecommerce_java/lib/ecommerce-project/vendor/laravel/framework/src/Illuminate/Pipeline/Pipeline.php(183): Illuminate/Routing/Middleware/SubstituteBindings->handle(Object(Illuminate/Http/Request), Object(Closure))
#23 C:/Users/admin/Desktop/flutter/ecommerce_java/lib/ecommerce-project/vendor/laravel/framework/src/Illuminate/Routing/Middleware/ThrottleRequests.php(159): Illuminate/Pipeline/Pipeline->Illuminate/Pipeline/{closure}(Object(Illuminate/Http/Request))
#24 C:/Users/admin/Desktop/flutter/ecommerce_java/lib/ecommerce-project/vendor/laravel/framework/src/Illuminate/Routing/Middleware/ThrottleRequests.php(125): Illuminate/Routing/Middleware/ThrottleRequests->handleRequest(Object(Illuminate/Http/Request), Object(Closure), Array)
#25 C:/Users/admin/Desktop/flutter/ecommerce_java/lib/ecommerce-project/vendor/laravel/framework/src/Illuminate/Routing/Middleware/ThrottleRequests.php(87): Illuminate/Routing/Middleware/ThrottleRequests->handleRequestUsingNamedLimiter(Object(Illuminate/Http/Request), Object(Closure), 'api', Object(Closure))
#26 C:/Users/admin/Desktop/flutter/ecommerce_java/lib/ecommerce-project/vendor/laravel/framework/src/Illuminate/Pipeline/Pipeline.php(183): Illuminate/Routing/Middleware/ThrottleRequests->handle(Object(Illuminate/Http/Request), Object(Closure), 'api')
#27 C:/Users/admin/Desktop/flutter/ecommerce_java/lib/ecommerce-project/vendor/laravel/framework/src/Illuminate/Auth/Middleware/Authenticate.php(57): Illuminate/Pipeline/Pipeline->Illuminate/Pipeline/{closure}(Object(Illuminate/Http/Request))
#28 C:/Users/admin/Desktop/flutter/ecommerce_java/lib/ecommerce-project/vendor/laravel/framework/src/Illuminate/Pipeline/Pipeline.php(183): Illuminate/Auth/Middleware/Authenticate->handle(Object(Illuminate/Http/Request), Object(Closure), 'sanctum')
#29 C:/Users/admin/Desktop/flutter/ecommerce_java/lib/ecommerce-project/vendor/laravel/framework/src/Illuminate/Pipeline/Pipeline.php(119): Illuminate/Pipeline/Pipeline->Illuminate/Pipeline/{closure}(Object(Illuminate/Http/Request))
#30 C:/Users/admin/Desktop/flutter/ecommerce_java/lib/ecommerce-project/vendor/laravel/framework/src/Illuminate/Routing/Router.php(805): Illuminate/Pipeline/Pipeline->then(Object(Closure))
#31 C:/Users/admin/Desktop/flutter/ecommerce_java/lib/ecommerce-project/vendor/laravel/framework/src/Illuminate/Routing/Router.php(784): Illuminate/Routing/Router->runRouteWithinStack(Object(Illuminate/Routing/Route), Object(Illuminate/Http/Request))
#32 C:/Users/admin/Desktop/flutter/ecommerce_java/lib/ecommerce-project/vendor/laravel/framework/src/Illuminate/Routing/Router.php(748): Illuminate/Routing/Router->runRoute(Object(Illuminate/Http/Request), Object(Illuminate/Routing/Route))
#33 C:/Users/admin/Desktop/flutter/ecommerce_java/lib/ecommerce-project/vendor/laravel/framework/src/Illuminate/Routing/Router.php(737): Illuminate/Routing/Router->dispatchToRoute(Object(Illuminate/Http/Request))
#34 C:/Users/admin/Desktop/flutter/ecommerce_java/lib/ecommerce-project/vendor/laravel/framework/src/Illuminate/Foundation/Http/Kernel.php(200): Illuminate/Routing/Router->dispatch(Object(Illuminate/Http/Request))
#35 C:/Users/admin/Desktop/flutter/ecommerce_java/lib/ecommerce-project/vendor/laravel/framework/src/Illuminate/Pipeline/Pipeline.php(144): Illuminate/Foundation/Http/Kernel->Illuminate/Foundation/Http/{closure}(Object(Illuminate/Http/Request))
#36 C:/Users/admin/Desktop/flutter/ecommerce_java/lib/ecommerce-project/vendor/laravel/framework/src/Illuminate/Foundation/Http/Middleware/TransformsRequest.php(21): Illuminate/Pipeline/Pipeline->Illuminate/Pipeline/{closure}(Object(Illuminate/Http/Request))
#37 C:/Users/admin/Desktop/flutter/ecommerce_java/lib/ecommerce-project/vendor/laravel/framework/src/Illuminate/Foundation/Http/Middleware/ConvertEmptyStringsToNull.php(31): Illuminate/Foundation/Http/Middleware/TransformsRequest->handle(Object(Illuminate/Http/Request), Object(Closure))
#38 C:/Users/admin/Desktop/flutter/ecommerce_java/lib/ecommerce-project/vendor/laravel/framework/src/Illuminate/Pipeline/Pipeline.php(183): Illuminate/Foundation/Http/Middleware/ConvertEmptyStringsToNull->handle(Object(Illuminate/Http/Request), Object(Closure))
#39 C:/Users/admin/Desktop/flutter/ecommerce_java/lib/ecommerce-project/vendor/laravel/framework/src/Illuminate/Foundation/Http/Middleware/TransformsRequest.php(21): Illuminate/Pipeline/Pipeline->Illuminate/Pipeline/{closure}(Object(Illuminate/Http/Request))
#40 C:/Users/admin/Desktop/flutter/ecommerce_java/lib/ecommerce-project/vendor/laravel/framework/src/Illuminate/Foundation/Http/Middleware/TrimStrings.php(40): Illuminate/Foundation/Http/Middleware/TransformsRequest->handle(Object(Illuminate/Http/Request), Object(Closure))
#41 C:/Users/admin/Desktop/flutter/ecommerce_java/lib/ecommerce-project/vendor/laravel/framework/src/Illuminate/Pipeline/Pipeline.php(183): Illuminate/Foundation/Http/Middleware/TrimStrings->handle(Object(Illuminate/Http/Request), Object(Closure))
#42 C:/Users/admin/Desktop/flutter/ecommerce_java/lib/ecommerce-project/vendor/laravel/framework/src/Illuminate/Foundation/Http/Middleware/ValidatePostSize.php(27): Illuminate/Pipeline/Pipeline->Illuminate/Pipeline/{closure}(Object(Illuminate/Http/Request))
#43 C:/Users/admin/Desktop/flutter/ecommerce_java/lib/ecommerce-project/vendor/laravel/framework/src/Illuminate/Pipeline/Pipeline.php(183): Illuminate/Foundation/Http/Middleware/ValidatePostSize->handle(Object(Illuminate/Http/Request), Object(Closure))
#44 C:/Users/admin/Desktop/flutter/ecommerce_java/lib/ecommerce-project/vendor/laravel/framework/src/Illuminate/Foundation/Http/Middleware/PreventRequestsDuringMaintenance.php(99): Illuminate/Pipeline/Pipeline->Illuminate/Pipeline/{closure}(Object(Illuminate/Http/Request))
#45 C:/Users/admin/Desktop/flutter/ecommerce_java/lib/ecommerce-project/vendor/laravel/framework/src/Illuminate/Pipeline/Pipeline.php(183): Illuminate/Foundation/Http/Middleware/PreventRequestsDuringMaintenance->handle(Object(Illuminate/Http/Request), Object(Closure))
#46 C:/Users/admin/Desktop/flutter/ecommerce_java/lib/ecommerce-project/vendor/laravel/framework/src/Illuminate/Http/Middleware/HandleCors.php(62): Illuminate/Pipeline/Pipeline->Illuminate/Pipeline/{closure}(Object(Illuminate/Http/Request))
#47 C:/Users/admin/Desktop/flutter/ecommerce_java/lib/ecommerce-project/vendor/laravel/framework/src/Illuminate/Pipeline/Pipeline.php(183): Illuminate/Http/Middleware/HandleCors->handle(Object(Illuminate/Http/Request), Object(Closure))
#48 C:/Users/admin/Desktop/flutter/ecommerce_java/lib/ecommerce-project/vendor/laravel/framework/src/Illuminate/Http/Middleware/TrustProxies.php(39): Illuminate/Pipeline/Pipeline->Illuminate/Pipeline/{closure}(Object(Illuminate/Http/Request))
#49 C:/Users/admin/Desktop/flutter/ecommerce_java/lib/ecommerce-project/vendor/laravel/framework/src/Illuminate/Pipeline/Pipeline.php(183): Illuminate/Http/Middleware/TrustProxies->handle(Object(Illuminate/Http/Request), Object(Closure))
#50 C:/Users/admin/Desktop/flutter/ecommerce_java/lib/ecommerce-project/vendor/laravel/framework/src/Illuminate/Pipeline/Pipeline.php(119): Illuminate/Pipeline/Pipeline->Illuminate/Pipeline/{closure}(Object(Illuminate/Http/Request))
#51 C:/Users/admin/Desktop/flutter/ecommerce_java/lib/ecommerce-project/vendor/laravel/framework/src/Illuminate/Foundation/Http/Kernel.php(175): Illuminate/Pipeline/Pipeline->then(Object(Closure))
#52 C:/Users/admin/Desktop/flutter/ecommerce_java/lib/ecommerce-project/vendor/laravel/framework/src/Illuminate/Foundation/Http/Kernel.php(144): Illuminate/Foundation/Http/Kernel->sendRequestThroughRouter(Object(Illuminate/Http/Request))
#53 C:/Users/admin/Desktop/flutter/ecommerce_java/lib/ecommerce-project/public/index.php(51): Illuminate/Foundation/Http/Kernel->handle(Object(Illuminate/Http/Request))
#54 C:/Users/admin/Desktop/flutter/ecommerce_java/lib/ecommerce-project/vendor/laravel/framework/src/Illuminate/Foundation/resources/server.php(16): require_once('C://Users//admin//...')
#55 {main}

[previous exception] [object] (PDOException(code: 42S22): SQLSTATE[42S22]: Column not found: 1054 Unknown column 'price' in 'field list' at C:/Users/admin/Desktop/flutter/ecommerce_java/lib/ecommerce-project/vendor/laravel/framework/src/Illuminate/Database/MySqlConnection.php:39)
[stacktrace]
#0 C:/Users/admin/Desktop/flutter/ecommerce_java/lib/ecommerce-project/vendor/laravel/framework/src/Illuminate/Database/MySqlConnection.php(39): PDO->prepare('insert into `ca...')
#1 C:/Users/admin/Desktop/flutter/ecommerce_java/lib/ecommerce-project/vendor/laravel/framework/src/Illuminate/Database/Connection.php(816): Illuminate/Database/MySqlConnection->Illuminate/Database/{closure}('insert into `ca...', Array)
#2 C:/Users/admin/Desktop/flutter/ecommerce_java/lib/ecommerce-project/vendor/laravel/framework/src/Illuminate/Database/Connection.php(783): Illuminate/Database/Connection->runQueryCallback('insert into `ca...', Array, Object(Closure))
#3 C:/Users/admin/Desktop/flutter/ecommerce_java/lib/ecommerce-project/vendor/laravel/framework/src/Illuminate/Database/MySqlConnection.php(34): Illuminate/Database/Connection->run('insert into `ca...', Array, Object(Closure))
#4 C:/Users/admin/Desktop/flutter/ecommerce_java/lib/ecommerce-project/vendor/laravel/framework/src/Illuminate/Database/Query/Processors/MySqlProcessor.php(35): Illuminate/Database/MySqlConnection->insert('insert into `ca...', Array, 'id')
#5 C:/Users/admin/Desktop/flutter/ecommerce_java/lib/ecommerce-project/vendor/laravel/framework/src/Illuminate/Database/Query/Builder.php(3549): Illuminate/Database/Query/Processors/MySqlProcessor->processInsertGetId(Object(Illuminate/Database/Query/Builder), 'insert into `ca...', Array, 'id')
#6 C:/Users/admin/Desktop/flutter/ecommerce_java/lib/ecommerce-project/vendor/laravel/framework/src/Illuminate/Database/Eloquent/Builder.php(1982): Illuminate/Database/Query/Builder->insertGetId(Array, 'id')
#7 C:/Users/admin/Desktop/flutter/ecommerce_java/lib/ecommerce-project/vendor/laravel/framework/src/Illuminate/Database/Eloquent/Model.php(1334): Illuminate/Database/Eloquent/Builder->__call('insertGetId', Array)
#8 C:/Users/admin/Desktop/flutter/ecommerce_java/lib/ecommerce-project/vendor/laravel/framework/src/Illuminate/Database/Eloquent/Model.php(1299): Illuminate/Database/Eloquent/Model->insertAndSetId(Object(Illuminate/Database/Eloquent/Builder), Array)
#9 C:/Users/admin/Desktop/flutter/ecommerce_java/lib/ecommerce-project/vendor/laravel/framework/src/Illuminate/Database/Eloquent/Model.php(1138): Illuminate/Database/Eloquent/Model->performInsert(Object(Illuminate/Database/Eloquent/Builder))
#10 C:/Users/admin/Desktop/flutter/ecommerce_java/lib/ecommerce-project/vendor/laravel/framework/src/Illuminate/Database/Eloquent/Builder.php(1025): Illuminate/Database/Eloquent/Model->save()
#11 C:/Users/admin/Desktop/flutter/ecommerce_java/lib/ecommerce-project/vendor/laravel/framework/src/Illuminate/Support/helpers.php(320): Illuminate/Database/Eloquent/Builder->Illuminate/Database/Eloquent/{closure}(Object(App/Models/CartItem))
#12 C:/Users/admin/Desktop/flutter/ecommerce_java/lib/ecommerce-project/vendor/laravel/framework/src/Illuminate/Database/Eloquent/Builder.php(1024): tap(Object(App/Models/CartItem), Object(Closure))
#13 C:/Users/admin/Desktop/flutter/ecommerce_java/lib/ecommerce-project/vendor/laravel/framework/src/Illuminate/Support/Traits/ForwardsCalls.php(23): Illuminate/Database/Eloquent/Builder->create(Array)
#14 C:/Users/admin/Desktop/flutter/ecommerce_java/lib/ecommerce-project/vendor/laravel/framework/src/Illuminate/Database/Eloquent/Model.php(2335): Illuminate/Database/Eloquent/Model->forwardCallTo(Object(Illuminate/Database/Eloquent/Builder), 'create', Array)
#15 C:/Users/admin/Desktop/flutter/ecommerce_java/lib/ecommerce-project/vendor/laravel/framework/src/Illuminate/Database/Eloquent/Model.php(2347): Illuminate/Database/Eloquent/Model->__call('create', Array)
#16 C:/Users/admin/Desktop/flutter/ecommerce_java/lib/ecommerce-project/app/Http/Controllers/Api/CartController.php(50): Illuminate/Database/Eloquent/Model::__callStatic('create', Array)
#17 C:/Users/admin/Desktop/flutter/ecommerce_java/lib/ecommerce-project/vendor/laravel/framework/src/Illuminate/Routing/Controller.php(54): App/Http/Controllers/Api/CartController->store(Object(Illuminate/Http/Request))
#18 C:/Users/admin/Desktop/flutter/ecommerce_java/lib/ecommerce-project/vendor/laravel/framework/src/Illuminate/Routing/ControllerDispatcher.php(43): Illuminate/Routing/Controller->callAction('store', Array)
#19 C:/Users/admin/Desktop/flutter/ecommerce_java/lib/ecommerce-project/vendor/laravel/framework/src/Illuminate/Routing/Route.php(259): Illuminate/Routing/ControllerDispatcher->dispatch(Object(Illuminate/Routing/Route), Object(App/Http/Controllers/Api/CartController), 'store')
#20 C:/Users/admin/Desktop/flutter/ecommerce_java/lib/ecommerce-project/vendor/laravel/framework/src/Illuminate/Routing/Route.php(205): Illuminate/Routing/Route->runController()
#21 C:/Users/admin/Desktop/flutter/ecommerce_java/lib/ecommerce-project/vendor/laravel/framework/src/Illuminate/Routing/Router.php(806): Illuminate/Routing/Route->run()
#22 C:/Users/admin/Desktop/flutter/ecommerce_java/lib/ecommerce-project/vendor/laravel/framework/src/Illuminate/Pipeline/Pipeline.php(144): Illuminate/Routing/Router->Illuminate/Routing/{closure}(Object(Illuminate/Http/Request))
#23 C:/Users/admin/Desktop/flutter/ecommerce_java/lib/ecommerce-project/vendor/laravel/framework/src/Illuminate/Routing/Middleware/SubstituteBindings.php(50): Illuminate/Pipeline/Pipeline->Illuminate/Pipeline/{closure}(Object(Illuminate/Http/Request))
#24 C:/Users/admin/Desktop/flutter/ecommerce_java/lib/ecommerce-project/vendor/laravel/framework/src/Illuminate/Pipeline/Pipeline.php(183): Illuminate/Routing/Middleware/SubstituteBindings->handle(Object(Illuminate/Http/Request), Object(Closure))
#25 C:/Users/admin/Desktop/flutter/ecommerce_java/lib/ecommerce-project/vendor/laravel/framework/src/Illuminate/Routing/Middleware/ThrottleRequests.php(159): Illuminate/Pipeline/Pipeline->Illuminate/Pipeline/{closure}(Object(Illuminate/Http/Request))
#26 C:/Users/admin/Desktop/flutter/ecommerce_java/lib/ecommerce-project/vendor/laravel/framework/src/Illuminate/Routing/Middleware/ThrottleRequests.php(125): Illuminate/Routing/Middleware/ThrottleRequests->handleRequest(Object(Illuminate/Http/Request), Object(Closure), Array)
#27 C:/Users/admin/Desktop/flutter/ecommerce_java/lib/ecommerce-project/vendor/laravel/framework/src/Illuminate/Routing/Middleware/ThrottleRequests.php(87): Illuminate/Routing/Middleware/ThrottleRequests->handleRequestUsingNamedLimiter(Object(Illuminate/Http/Request), Object(Closure), 'api', Object(Closure))
#28 C:/Users/admin/Desktop/flutter/ecommerce_java/lib/ecommerce-project/vendor/laravel/framework/src/Illuminate/Pipeline/Pipeline.php(183): Illuminate/Routing/Middleware/ThrottleRequests->handle(Object(Illuminate/Http/Request), Object(Closure), 'api')
#29 C:/Users/admin/Desktop/flutter/ecommerce_java/lib/ecommerce-project/vendor/laravel/framework/src/Illuminate/Auth/Middleware/Authenticate.php(57): Illuminate/Pipeline/Pipeline->Illuminate/Pipeline/{closure}(Object(Illuminate/Http/Request))
#30 C:/Users/admin/Desktop/flutter/ecommerce_java/lib/ecommerce-project/vendor/laravel/framework/src/Illuminate/Pipeline/Pipeline.php(183): Illuminate/Auth/Middleware/Authenticate->handle(Object(Illuminate/Http/Request), Object(Closure), 'sanctum')
#31 C:/Users/admin/Desktop/flutter/ecommerce_java/lib/ecommerce-project/vendor/laravel/framework/src/Illuminate/Pipeline/Pipeline.php(119): Illuminate/Pipeline/Pipeline->Illuminate/Pipeline/{closure}(Object(Illuminate/Http/Request))
#32 C:/Users/admin/Desktop/flutter/ecommerce_java/lib/ecommerce-project/vendor/laravel/framework/src/Illuminate/Routing/Router.php(805): Illuminate/Pipeline/Pipeline->then(Object(Closure))
#33 C:/Users/admin/Desktop/flutter/ecommerce_java/lib/ecommerce-project/vendor/laravel/framework/src/Illuminate/Routing/Router.php(784): Illuminate/Routing/Router->runRouteWithinStack(Object(Illuminate/Routing/Route), Object(Illuminate/Http/Request))
#34 C:/Users/admin/Desktop/flutter/ecommerce_java/lib/ecommerce-project/vendor/laravel/framework/src/Illuminate/Routing/Router.php(748): Illuminate/Routing/Router->runRoute(Object(Illuminate/Http/Request), Object(Illuminate/Routing/Route))
#35 C:/Users/admin/Desktop/flutter/ecommerce_java/lib/ecommerce-project/vendor/laravel/framework/src/Illuminate/Routing/Router.php(737): Illuminate/Routing/Router->dispatchToRoute(Object(Illuminate/Http/Request))
#36 C:/Users/admin/Desktop/flutter/ecommerce_java/lib/ecommerce-project/vendor/laravel/framework/src/Illuminate/Foundation/Http/Kernel.php(200): Illuminate/Routing/Router->dispatch(Object(Illuminate/Http/Request))
#37 C:/Users/admin/Desktop/flutter/ecommerce_java/lib/ecommerce-project/vendor/laravel/framework/src/Illuminate/Pipeline/Pipeline.php(144): Illuminate/Foundation/Http/Kernel->Illuminate/Foundation/Http/{closure}(Object(Illuminate/Http/Request))
#38 C:/Users/admin/Desktop/flutter/ecommerce_java/lib/ecommerce-project/vendor/laravel/framework/src/Illuminate/Foundation/Http/Middleware/TransformsRequest.php(21): Illuminate/Pipeline/Pipeline->Illuminate/Pipeline/{closure}(Object(Illuminate/Http/Request))
#39 C:/Users/admin/Desktop/flutter/ecommerce_java/lib/ecommerce-project/vendor/laravel/framework/src/Illuminate/Foundation/Http/Middleware/ConvertEmptyStringsToNull.php(31): Illuminate/Foundation/Http/Middleware/TransformsRequest->handle(Object(Illuminate/Http/Request), Object(Closure))
#40 C:/Users/admin/Desktop/flutter/ecommerce_java/lib/ecommerce-project/vendor/laravel/framework/src/Illuminate/Pipeline/Pipeline.php(183): Illuminate/Foundation/Http/Middleware/ConvertEmptyStringsToNull->handle(Object(Illuminate/Http/Request), Object(Closure))
#41 C:/Users/admin/Desktop/flutter/ecommerce_java/lib/ecommerce-project/vendor/laravel/framework/src/Illuminate/Foundation/Http/Middleware/TransformsRequest.php(21): Illuminate/Pipeline/Pipeline->Illuminate/Pipeline/{closure}(Object(Illuminate/Http/Request))
#42 C:/Users/admin/Desktop/flutter/ecommerce_java/lib/ecommerce-project/vendor/laravel/framework/src/Illuminate/Foundation/Http/Middleware/TrimStrings.php(40): Illuminate/Foundation/Http/Middleware/TransformsRequest->handle(Object(Illuminate/Http/Request), Object(Closure))
#43 C:/Users/admin/Desktop/flutter/ecommerce_java/lib/ecommerce-project/vendor/laravel/framework/src/Illuminate/Pipeline/Pipeline.php(183): Illuminate/Foundation/Http/Middleware/TrimStrings->handle(Object(Illuminate/Http/Request), Object(Closure))
#44 C:/Users/admin/Desktop/flutter/ecommerce_java/lib/ecommerce-project/vendor/laravel/framework/src/Illuminate/Foundation/Http/Middleware/ValidatePostSize.php(27): Illuminate/Pipeline/Pipeline->Illuminate/Pipeline/{closure}(Object(Illuminate/Http/Request))
#45 C:/Users/admin/Desktop/flutter/ecommerce_java/lib/ecommerce-project/vendor/laravel/framework/src/Illuminate/Pipeline/Pipeline.php(183): Illuminate/Foundation/Http/Middleware/ValidatePostSize->handle(Object(Illuminate/Http/Request), Object(Closure))
#46 C:/Users/admin/Desktop/flutter/ecommerce_java/lib/ecommerce-project/vendor/laravel/framework/src/Illuminate/Foundation/Http/Middleware/PreventRequestsDuringMaintenance.php(99): Illuminate/Pipeline/Pipeline->Illuminate/Pipeline/{closure}(Object(Illuminate/Http/Request))
#47 C:/Users/admin/Desktop/flutter/ecommerce_java/lib/ecommerce-project/vendor/laravel/framework/src/Illuminate/Pipeline/Pipeline.php(183): Illuminate/Foundation/Http/Middleware/PreventRequestsDuringMaintenance->handle(Object(Illuminate/Http/Request), Object(Closure))
#48 C:/Users/admin/Desktop/flutter/ecommerce_java/lib/ecommerce-project/vendor/laravel/framework/src/Illuminate/Http/Middleware/HandleCors.php(62): Illuminate/Pipeline/Pipeline->Illuminate/Pipeline/{closure}(Object(Illuminate/Http/Request))
#49 C:/Users/admin/Desktop/flutter/ecommerce_java/lib/ecommerce-project/vendor/laravel/framework/src/Illuminate/Pipeline/Pipeline.php(183): Illuminate/Http/Middleware/HandleCors->handle(Object(Illuminate/Http/Request), Object(Closure))
#50 C:/Users/admin/Desktop/flutter/ecommerce_java/lib/ecommerce-project/vendor/laravel/framework/src/Illuminate/Http/Middleware/TrustProxies.php(39): Illuminate/Pipeline/Pipeline->Illuminate/Pipeline/{closure}(Object(Illuminate/Http/Request))
#51 C:/Users/admin/Desktop/flutter/ecommerce_java/lib/ecommerce-project/vendor/laravel/framework/src/Illuminate/Pipeline/Pipeline.php(183): Illuminate/Http/Middleware/TrustProxies->handle(Object(Illuminate/Http/Request), Object(Closure))
#52 C:/Users/admin/Desktop/flutter/ecommerce_java/lib/ecommerce-project/vendor/laravel/framework/src/Illuminate/Pipeline/Pipeline.php(119): Illuminate/Pipeline/Pipeline->Illuminate/Pipeline/{closure}(Object(Illuminate/Http/Request))
#53 C:/Users/admin/Desktop/flutter/ecommerce_java/lib/ecommerce-project/vendor/laravel/framework/src/Illuminate/Foundation/Http/Kernel.php(175): Illuminate/Pipeline/Pipeline->then(Object(Closure))
#54 C:/Users/admin/Desktop/flutter/ecommerce_java/lib/ecommerce-project/vendor/laravel/framework/src/Illuminate/Foundation/Http/Kernel.php(144): Illuminate/Foundation/Http/Kernel->sendRequestThroughRouter(Object(Illuminate/Http/Request))
#55 C:/Users/admin/Desktop/flutter/ecommerce_java/lib/ecommerce-project/public/index.php(51): Illuminate/Foundation/Http/Kernel->handle(Object(Illuminate/Http/Request))
#56 C:/Users/admin/Desktop/flutter/ecommerce_java/lib/ecommerce-project/vendor/laravel/framework/src/Illuminate/Foundation/resources/server.php(16): require_once('C://Users//admin//...')
#57 {main}
"} 
[2026-07-07 04:43:29] local.ERROR: Route [login] not defined. {"exception":"[object] (Symfony\\Component\\Routing\\Exception\\RouteNotFoundException(code: 0): Route [login] not defined. at C:/Users/admin/Desktop/flutter/ecommerce_java/lib/ecommerce-project/vendor/laravel/framework/src/Illuminate/Routing/UrlGenerator.php:477)
[stacktrace]
#0 C:/Users/admin/Desktop/flutter/ecommerce_java/lib/ecommerce-project/vendor/laravel/framework/src/Illuminate/Foundation/helpers.php(811): Illuminate/Routing/UrlGenerator->route('login', Array, true)
#1 C:/Users/admin/Desktop/flutter/ecommerce_java/lib/ecommerce-project/app/Http/Middleware/Authenticate.php(15): route('login')
#2 C:/Users/admin/Desktop/flutter/ecommerce_java/lib/ecommerce-project/vendor/laravel/framework/src/Illuminate/Auth/Middleware/Authenticate.php(96): App/Http/Middleware/Authenticate->redirectTo(Object(Illuminate/Http/Request))
#3 C:/Users/admin/Desktop/flutter/ecommerce_java/lib/ecommerce-project/vendor/laravel/framework/src/Illuminate/Auth/Middleware/Authenticate.php(81): Illuminate/Auth/Middleware/Authenticate->unauthenticated(Object(Illuminate/Http/Request), Array)
#4 C:/Users/admin/Desktop/flutter/ecommerce_java/lib/ecommerce-project/vendor/laravel/framework/src/Illuminate/Auth/Middleware/Authenticate.php(55): Illuminate/Auth/Middleware/Authenticate->authenticate(Object(Illuminate/Http/Request), Array)
#5 C:/Users/admin/Desktop/flutter/ecommerce_java/lib/ecommerce-project/vendor/laravel/framework/src/Illuminate/Pipeline/Pipeline.php(183): Illuminate/Auth/Middleware/Authenticate->handle(Object(Illuminate/Http/Request), Object(Closure), 'sanctum')
#6 C:/Users/admin/Desktop/flutter/ecommerce_java/lib/ecommerce-project/vendor/laravel/framework/src/Illuminate/Pipeline/Pipeline.php(119): Illuminate/Pipeline/Pipeline->Illuminate/Pipeline/{closure}(Object(Illuminate/Http/Request))
#7 C:/Users/admin/Desktop/flutter/ecommerce_java/lib/ecommerce-project/vendor/laravel/framework/src/Illuminate/Routing/Router.php(805): Illuminate/Pipeline/Pipeline->then(Object(Closure))
#8 C:/Users/admin/Desktop/flutter/ecommerce_java/lib/ecommerce-project/vendor/laravel/framework/src/Illuminate/Routing/Router.php(784): Illuminate/Routing/Router->runRouteWithinStack(Object(Illuminate/Routing/Route), Object(Illuminate/Http/Request))
#9 C:/Users/admin/Desktop/flutter/ecommerce_java/lib/ecommerce-project/vendor/laravel/framework/src/Illuminate/Routing/Router.php(748): Illuminate/Routing/Router->runRoute(Object(Illuminate/Http/Request), Object(Illuminate/Routing/Route))
#10 C:/Users/admin/Desktop/flutter/ecommerce_java/lib/ecommerce-project/vendor/laravel/framework/src/Illuminate/Routing/Router.php(737): Illuminate/Routing/Router->dispatchToRoute(Object(Illuminate/Http/Request))
#11 C:/Users/admin/Desktop/flutter/ecommerce_java/lib/ecommerce-project/vendor/laravel/framework/src/Illuminate/Foundation/Http/Kernel.php(200): Illuminate/Routing/Router->dispatch(Object(Illuminate/Http/Request))
#12 C:/Users/admin/Desktop/flutter/ecommerce_java/lib/ecommerce-project/vendor/laravel/framework/src/Illuminate/Pipeline/Pipeline.php(144): Illuminate/Foundation/Http/Kernel->Illuminate/Foundation/Http/{closure}(Object(Illuminate/Http/Request))
#13 C:/Users/admin/Desktop/flutter/ecommerce_java/lib/ecommerce-project/vendor/laravel/framework/src/Illuminate/Foundation/Http/Middleware/TransformsRequest.php(21): Illuminate/Pipeline/Pipeline->Illuminate/Pipeline/{closure}(Object(Illuminate/Http/Request))
#14 C:/Users/admin/Desktop/flutter/ecommerce_java/lib/ecommerce-project/vendor/laravel/framework/src/Illuminate/Foundation/Http/Middleware/ConvertEmptyStringsToNull.php(31): Illuminate/Foundation/Http/Middleware/TransformsRequest->handle(Object(Illuminate/Http/Request), Object(Closure))
#15 C:/Users/admin/Desktop/flutter/ecommerce_java/lib/ecommerce-project/vendor/laravel/framework/src/Illuminate/Pipeline/Pipeline.php(183): Illuminate/Foundation/Http/Middleware/ConvertEmptyStringsToNull->handle(Object(Illuminate/Http/Request), Object(Closure))
#16 C:/Users/admin/Desktop/flutter/ecommerce_java/lib/ecommerce-project/vendor/laravel/framework/src/Illuminate/Foundation/Http/Middleware/TransformsRequest.php(21): Illuminate/Pipeline/Pipeline->Illuminate/Pipeline/{closure}(Object(Illuminate/Http/Request))
#17 C:/Users/admin/Desktop/flutter/ecommerce_java/lib/ecommerce-project/vendor/laravel/framework/src/Illuminate/Foundation/Http/Middleware/TrimStrings.php(40): Illuminate/Foundation/Http/Middleware/TransformsRequest->handle(Object(Illuminate/Http/Request), Object(Closure))
#18 C:/Users/admin/Desktop/flutter/ecommerce_java/lib/ecommerce-project/vendor/laravel/framework/src/Illuminate/Pipeline/Pipeline.php(183): Illuminate/Foundation/Http/Middleware/TrimStrings->handle(Object(Illuminate/Http/Request), Object(Closure))
#19 C:/Users/admin/Desktop/flutter/ecommerce_java/lib/ecommerce-project/vendor/laravel/framework/src/Illuminate/Foundation/Http/Middleware/ValidatePostSize.php(27): Illuminate/Pipeline/Pipeline->Illuminate/Pipeline/{closure}(Object(Illuminate/Http/Request))
#20 C:/Users/admin/Desktop/flutter/ecommerce_java/lib/ecommerce-project/vendor/laravel/framework/src/Illuminate/Pipeline/Pipeline.php(183): Illuminate/Foundation/Http/Middleware/ValidatePostSize->handle(Object(Illuminate/Http/Request), Object(Closure))
#21 C:/Users/admin/Desktop/flutter/ecommerce_java/lib/ecommerce-project/vendor/laravel/framework/src/Illuminate/Foundation/Http/Middleware/PreventRequestsDuringMaintenance.php(99): Illuminate/Pipeline/Pipeline->Illuminate/Pipeline/{closure}(Object(Illuminate/Http/Request))
#22 C:/Users/admin/Desktop/flutter/ecommerce_java/lib/ecommerce-project/vendor/laravel/framework/src/Illuminate/Pipeline/Pipeline.php(183): Illuminate/Foundation/Http/Middleware/PreventRequestsDuringMaintenance->handle(Object(Illuminate/Http/Request), Object(Closure))
#23 C:/Users/admin/Desktop/flutter/ecommerce_java/lib/ecommerce-project/vendor/laravel/framework/src/Illuminate/Http/Middleware/HandleCors.php(62): Illuminate/Pipeline/Pipeline->Illuminate/Pipeline/{closure}(Object(Illuminate/Http/Request))
#24 C:/Users/admin/Desktop/flutter/ecommerce_java/lib/ecommerce-project/vendor/laravel/framework/src/Illuminate/Pipeline/Pipeline.php(183): Illuminate/Http/Middleware/HandleCors->handle(Object(Illuminate/Http/Request), Object(Closure))
#25 C:/Users/admin/Desktop/flutter/ecommerce_java/lib/ecommerce-project/vendor/laravel/framework/src/Illuminate/Http/Middleware/TrustProxies.php(39): Illuminate/Pipeline/Pipeline->Illuminate/Pipeline/{closure}(Object(Illuminate/Http/Request))
#26 C:/Users/admin/Desktop/flutter/ecommerce_java/lib/ecommerce-project/vendor/laravel/framework/src/Illuminate/Pipeline/Pipeline.php(183): Illuminate/Http/Middleware/TrustProxies->handle(Object(Illuminate/Http/Request), Object(Closure))
#27 C:/Users/admin/Desktop/flutter/ecommerce_java/lib/ecommerce-project/vendor/laravel/framework/src/Illuminate/Pipeline/Pipeline.php(119): Illuminate/Pipeline/Pipeline->Illuminate/Pipeline/{closure}(Object(Illuminate/Http/Request))
#28 C:/Users/admin/Desktop/flutter/ecommerce_java/lib/ecommerce-project/vendor/laravel/framework/src/Illuminate/Foundation/Http/Kernel.php(175): Illuminate/Pipeline/Pipeline->then(Object(Closure))
#29 C:/Users/admin/Desktop/flutter/ecommerce_java/lib/ecommerce-project/vendor/laravel/framework/src/Illuminate/Foundation/Http/Kernel.php(144): Illuminate/Foundation/Http/Kernel->sendRequestThroughRouter(Object(Illuminate/Http/Request))
#30 C:/Users/admin/Desktop/flutter/ecommerce_java/lib/ecommerce-project/public/index.php(51): Illuminate/Foundation/Http/Kernel->handle(Object(Illuminate/Http/Request))
#31 C:/Users/admin/Desktop/flutter/ecommerce_java/lib/ecommerce-project/vendor/laravel/framework/src/Illuminate/Foundation/resources/server.php(16): require_once('C://Users//admin//...')
#32 {main}
"} 
[2026-07-07 04:44:27] local.ERROR: SQLSTATE[HY000]: General error: 1364 Field 'subtotal' doesn't have a default value (Connection: mysql, SQL: insert into `cart_items` (`cart_id`, `product_id`, `quantity`, `price`, `updated_at`, `created_at`) values (1, 99, 10, 806.70, 2026-07-07 04:44:27, 2026-07-07 04:44:27)) {"userId":9,"exception":"[object] (Illuminate\\Database\\QueryException(code: HY000): SQLSTATE[HY000]: General error: 1364 Field 'subtotal' doesn't have a default value (Connection: mysql, SQL: insert into `cart_items` (`cart_id`, `product_id`, `quantity`, `price`, `updated_at`, `created_at`) values (1, 99, 10, 806.70, 2026-07-07 04:44:27, 2026-07-07 04:44:27)) at C:/Users/admin/Desktop/flutter/ecommerce_java/lib/ecommerce-project/vendor/laravel/framework/src/Illuminate/Database/Connection.php:829)
[stacktrace]
#0 C:/Users/admin/Desktop/flutter/ecommerce_java/lib/ecommerce-project/vendor/laravel/framework/src/Illuminate/Database/Connection.php(783): Illuminate/Database/Connection->runQueryCallback('insert into `ca...', Array, Object(Closure))
#1 C:/Users/admin/Desktop/flutter/ecommerce_java/lib/ecommerce-project/vendor/laravel/framework/src/Illuminate/Database/MySqlConnection.php(34): Illuminate/Database/Connection->run('insert into `ca...', Array, Object(Closure))
#2 C:/Users/admin/Desktop/flutter/ecommerce_java/lib/ecommerce-project/vendor/laravel/framework/src/Illuminate/Database/Query/Processors/MySqlProcessor.php(35): Illuminate/Database/MySqlConnection->insert('insert into `ca...', Array, 'id')
#3 C:/Users/admin/Desktop/flutter/ecommerce_java/lib/ecommerce-project/vendor/laravel/framework/src/Illuminate/Database/Query/Builder.php(3549): Illuminate/Database/Query/Processors/MySqlProcessor->processInsertGetId(Object(Illuminate/Database/Query/Builder), 'insert into `ca...', Array, 'id')
#4 C:/Users/admin/Desktop/flutter/ecommerce_java/lib/ecommerce-project/vendor/laravel/framework/src/Illuminate/Database/Eloquent/Builder.php(1982): Illuminate/Database/Query/Builder->insertGetId(Array, 'id')
#5 C:/Users/admin/Desktop/flutter/ecommerce_java/lib/ecommerce-project/vendor/laravel/framework/src/Illuminate/Database/Eloquent/Model.php(1334): Illuminate/Database/Eloquent/Builder->__call('insertGetId', Array)
#6 C:/Users/admin/Desktop/flutter/ecommerce_java/lib/ecommerce-project/vendor/laravel/framework/src/Illuminate/Database/Eloquent/Model.php(1299): Illuminate/Database/Eloquent/Model->insertAndSetId(Object(Illuminate/Database/Eloquent/Builder), Array)
#7 C:/Users/admin/Desktop/flutter/ecommerce_java/lib/ecommerce-project/vendor/laravel/framework/src/Illuminate/Database/Eloquent/Model.php(1138): Illuminate/Database/Eloquent/Model->performInsert(Object(Illuminate/Database/Eloquent/Builder))
#8 C:/Users/admin/Desktop/flutter/ecommerce_java/lib/ecommerce-project/vendor/laravel/framework/src/Illuminate/Database/Eloquent/Builder.php(1025): Illuminate/Database/Eloquent/Model->save()
#9 C:/Users/admin/Desktop/flutter/ecommerce_java/lib/ecommerce-project/vendor/laravel/framework/src/Illuminate/Support/helpers.php(320): Illuminate/Database/Eloquent/Builder->Illuminate/Database/Eloquent/{closure}(Object(App/Models/CartItem))
#10 C:/Users/admin/Desktop/flutter/ecommerce_java/lib/ecommerce-project/vendor/laravel/framework/src/Illuminate/Database/Eloquent/Builder.php(1024): tap(Object(App/Models/CartItem), Object(Closure))
#11 C:/Users/admin/Desktop/flutter/ecommerce_java/lib/ecommerce-project/vendor/laravel/framework/src/Illuminate/Support/Traits/ForwardsCalls.php(23): Illuminate/Database/Eloquent/Builder->create(Array)
#12 C:/Users/admin/Desktop/flutter/ecommerce_java/lib/ecommerce-project/vendor/laravel/framework/src/Illuminate/Database/Eloquent/Model.php(2335): Illuminate/Database/Eloquent/Model->forwardCallTo(Object(Illuminate/Database/Eloquent/Builder), 'create', Array)
#13 C:/Users/admin/Desktop/flutter/ecommerce_java/lib/ecommerce-project/vendor/laravel/framework/src/Illuminate/Database/Eloquent/Model.php(2347): Illuminate/Database/Eloquent/Model->__call('create', Array)
#14 C:/Users/admin/Desktop/flutter/ecommerce_java/lib/ecommerce-project/app/Http/Controllers/Api/CartController.php(50): Illuminate/Database/Eloquent/Model::__callStatic('create', Array)
#15 C:/Users/admin/Desktop/flutter/ecommerce_java/lib/ecommerce-project/vendor/laravel/framework/src/Illuminate/Routing/Controller.php(54): App/Http/Controllers/Api/CartController->store(Object(Illuminate/Http/Request))
#16 C:/Users/admin/Desktop/flutter/ecommerce_java/lib/ecommerce-project/vendor/laravel/framework/src/Illuminate/Routing/ControllerDispatcher.php(43): Illuminate/Routing/Controller->callAction('store', Array)
#17 C:/Users/admin/Desktop/flutter/ecommerce_java/lib/ecommerce-project/vendor/laravel/framework/src/Illuminate/Routing/Route.php(259): Illuminate/Routing/ControllerDispatcher->dispatch(Object(Illuminate/Routing/Route), Object(App/Http/Controllers/Api/CartController), 'store')
#18 C:/Users/admin/Desktop/flutter/ecommerce_java/lib/ecommerce-project/vendor/laravel/framework/src/Illuminate/Routing/Route.php(205): Illuminate/Routing/Route->runController()
#19 C:/Users/admin/Desktop/flutter/ecommerce_java/lib/ecommerce-project/vendor/laravel/framework/src/Illuminate/Routing/Router.php(806): Illuminate/Routing/Route->run()
#20 C:/Users/admin/Desktop/flutter/ecommerce_java/lib/ecommerce-project/vendor/laravel/framework/src/Illuminate/Pipeline/Pipeline.php(144): Illuminate/Routing/Router->Illuminate/Routing/{closure}(Object(Illuminate/Http/Request))
#21 C:/Users/admin/Desktop/flutter/ecommerce_java/lib/ecommerce-project/vendor/laravel/framework/src/Illuminate/Routing/Middleware/SubstituteBindings.php(50): Illuminate/Pipeline/Pipeline->Illuminate/Pipeline/{closure}(Object(Illuminate/Http/Request))
#22 C:/Users/admin/Desktop/flutter/ecommerce_java/lib/ecommerce-project/vendor/laravel/framework/src/Illuminate/Pipeline/Pipeline.php(183): Illuminate/Routing/Middleware/SubstituteBindings->handle(Object(Illuminate/Http/Request), Object(Closure))
#23 C:/Users/admin/Desktop/flutter/ecommerce_java/lib/ecommerce-project/vendor/laravel/framework/src/Illuminate/Routing/Middleware/ThrottleRequests.php(159): Illuminate/Pipeline/Pipeline->Illuminate/Pipeline/{closure}(Object(Illuminate/Http/Request))
#24 C:/Users/admin/Desktop/flutter/ecommerce_java/lib/ecommerce-project/vendor/laravel/framework/src/Illuminate/Routing/Middleware/ThrottleRequests.php(125): Illuminate/Routing/Middleware/ThrottleRequests->handleRequest(Object(Illuminate/Http/Request), Object(Closure), Array)
#25 C:/Users/admin/Desktop/flutter/ecommerce_java/lib/ecommerce-project/vendor/laravel/framework/src/Illuminate/Routing/Middleware/ThrottleRequests.php(87): Illuminate/Routing/Middleware/ThrottleRequests->handleRequestUsingNamedLimiter(Object(Illuminate/Http/Request), Object(Closure), 'api', Object(Closure))
#26 C:/Users/admin/Desktop/flutter/ecommerce_java/lib/ecommerce-project/vendor/laravel/framework/src/Illuminate/Pipeline/Pipeline.php(183): Illuminate/Routing/Middleware/ThrottleRequests->handle(Object(Illuminate/Http/Request), Object(Closure), 'api')
#27 C:/Users/admin/Desktop/flutter/ecommerce_java/lib/ecommerce-project/vendor/laravel/framework/src/Illuminate/Auth/Middleware/Authenticate.php(57): Illuminate/Pipeline/Pipeline->Illuminate/Pipeline/{closure}(Object(Illuminate/Http/Request))
#28 C:/Users/admin/Desktop/flutter/ecommerce_java/lib/ecommerce-project/vendor/laravel/framework/src/Illuminate/Pipeline/Pipeline.php(183): Illuminate/Auth/Middleware/Authenticate->handle(Object(Illuminate/Http/Request), Object(Closure), 'sanctum')
#29 C:/Users/admin/Desktop/flutter/ecommerce_java/lib/ecommerce-project/vendor/laravel/framework/src/Illuminate/Pipeline/Pipeline.php(119): Illuminate/Pipeline/Pipeline->Illuminate/Pipeline/{closure}(Object(Illuminate/Http/Request))
#30 C:/Users/admin/Desktop/flutter/ecommerce_java/lib/ecommerce-project/vendor/laravel/framework/src/Illuminate/Routing/Router.php(805): Illuminate/Pipeline/Pipeline->then(Object(Closure))
#31 C:/Users/admin/Desktop/flutter/ecommerce_java/lib/ecommerce-project/vendor/laravel/framework/src/Illuminate/Routing/Router.php(784): Illuminate/Routing/Router->runRouteWithinStack(Object(Illuminate/Routing/Route), Object(Illuminate/Http/Request))
#32 C:/Users/admin/Desktop/flutter/ecommerce_java/lib/ecommerce-project/vendor/laravel/framework/src/Illuminate/Routing/Router.php(748): Illuminate/Routing/Router->runRoute(Object(Illuminate/Http/Request), Object(Illuminate/Routing/Route))
#33 C:/Users/admin/Desktop/flutter/ecommerce_java/lib/ecommerce-project/vendor/laravel/framework/src/Illuminate/Routing/Router.php(737): Illuminate/Routing/Router->dispatchToRoute(Object(Illuminate/Http/Request))
#34 C:/Users/admin/Desktop/flutter/ecommerce_java/lib/ecommerce-project/vendor/laravel/framework/src/Illuminate/Foundation/Http/Kernel.php(200): Illuminate/Routing/Router->dispatch(Object(Illuminate/Http/Request))
#35 C:/Users/admin/Desktop/flutter/ecommerce_java/lib/ecommerce-project/vendor/laravel/framework/src/Illuminate/Pipeline/Pipeline.php(144): Illuminate/Foundation/Http/Kernel->Illuminate/Foundation/Http/{closure}(Object(Illuminate/Http/Request))
#36 C:/Users/admin/Desktop/flutter/ecommerce_java/lib/ecommerce-project/vendor/laravel/framework/src/Illuminate/Foundation/Http/Middleware/TransformsRequest.php(21): Illuminate/Pipeline/Pipeline->Illuminate/Pipeline/{closure}(Object(Illuminate/Http/Request))
#37 C:/Users/admin/Desktop/flutter/ecommerce_java/lib/ecommerce-project/vendor/laravel/framework/src/Illuminate/Foundation/Http/Middleware/ConvertEmptyStringsToNull.php(31): Illuminate/Foundation/Http/Middleware/TransformsRequest->handle(Object(Illuminate/Http/Request), Object(Closure))
#38 C:/Users/admin/Desktop/flutter/ecommerce_java/lib/ecommerce-project/vendor/laravel/framework/src/Illuminate/Pipeline/Pipeline.php(183): Illuminate/Foundation/Http/Middleware/ConvertEmptyStringsToNull->handle(Object(Illuminate/Http/Request), Object(Closure))
#39 C:/Users/admin/Desktop/flutter/ecommerce_java/lib/ecommerce-project/vendor/laravel/framework/src/Illuminate/Foundation/Http/Middleware/TransformsRequest.php(21): Illuminate/Pipeline/Pipeline->Illuminate/Pipeline/{closure}(Object(Illuminate/Http/Request))
#40 C:/Users/admin/Desktop/flutter/ecommerce_java/lib/ecommerce-project/vendor/laravel/framework/src/Illuminate/Foundation/Http/Middleware/TrimStrings.php(40): Illuminate/Foundation/Http/Middleware/TransformsRequest->handle(Object(Illuminate/Http/Request), Object(Closure))
#41 C:/Users/admin/Desktop/flutter/ecommerce_java/lib/ecommerce-project/vendor/laravel/framework/src/Illuminate/Pipeline/Pipeline.php(183): Illuminate/Foundation/Http/Middleware/TrimStrings->handle(Object(Illuminate/Http/Request), Object(Closure))
#42 C:/Users/admin/Desktop/flutter/ecommerce_java/lib/ecommerce-project/vendor/laravel/framework/src/Illuminate/Foundation/Http/Middleware/ValidatePostSize.php(27): Illuminate/Pipeline/Pipeline->Illuminate/Pipeline/{closure}(Object(Illuminate/Http/Request))
#43 C:/Users/admin/Desktop/flutter/ecommerce_java/lib/ecommerce-project/vendor/laravel/framework/src/Illuminate/Pipeline/Pipeline.php(183): Illuminate/Foundation/Http/Middleware/ValidatePostSize->handle(Object(Illuminate/Http/Request), Object(Closure))
#44 C:/Users/admin/Desktop/flutter/ecommerce_java/lib/ecommerce-project/vendor/laravel/framework/src/Illuminate/Foundation/Http/Middleware/PreventRequestsDuringMaintenance.php(99): Illuminate/Pipeline/Pipeline->Illuminate/Pipeline/{closure}(Object(Illuminate/Http/Request))
#45 C:/Users/admin/Desktop/flutter/ecommerce_java/lib/ecommerce-project/vendor/laravel/framework/src/Illuminate/Pipeline/Pipeline.php(183): Illuminate/Foundation/Http/Middleware/PreventRequestsDuringMaintenance->handle(Object(Illuminate/Http/Request), Object(Closure))
#46 C:/Users/admin/Desktop/flutter/ecommerce_java/lib/ecommerce-project/vendor/laravel/framework/src/Illuminate/Http/Middleware/HandleCors.php(62): Illuminate/Pipeline/Pipeline->Illuminate/Pipeline/{closure}(Object(Illuminate/Http/Request))
#47 C:/Users/admin/Desktop/flutter/ecommerce_java/lib/ecommerce-project/vendor/laravel/framework/src/Illuminate/Pipeline/Pipeline.php(183): Illuminate/Http/Middleware/HandleCors->handle(Object(Illuminate/Http/Request), Object(Closure))
#48 C:/Users/admin/Desktop/flutter/ecommerce_java/lib/ecommerce-project/vendor/laravel/framework/src/Illuminate/Http/Middleware/TrustProxies.php(39): Illuminate/Pipeline/Pipeline->Illuminate/Pipeline/{closure}(Object(Illuminate/Http/Request))
#49 C:/Users/admin/Desktop/flutter/ecommerce_java/lib/ecommerce-project/vendor/laravel/framework/src/Illuminate/Pipeline/Pipeline.php(183): Illuminate/Http/Middleware/TrustProxies->handle(Object(Illuminate/Http/Request), Object(Closure))
#50 C:/Users/admin/Desktop/flutter/ecommerce_java/lib/ecommerce-project/vendor/laravel/framework/src/Illuminate/Pipeline/Pipeline.php(119): Illuminate/Pipeline/Pipeline->Illuminate/Pipeline/{closure}(Object(Illuminate/Http/Request))
#51 C:/Users/admin/Desktop/flutter/ecommerce_java/lib/ecommerce-project/vendor/laravel/framework/src/Illuminate/Foundation/Http/Kernel.php(175): Illuminate/Pipeline/Pipeline->then(Object(Closure))
#52 C:/Users/admin/Desktop/flutter/ecommerce_java/lib/ecommerce-project/vendor/laravel/framework/src/Illuminate/Foundation/Http/Kernel.php(144): Illuminate/Foundation/Http/Kernel->sendRequestThroughRouter(Object(Illuminate/Http/Request))
#53 C:/Users/admin/Desktop/flutter/ecommerce_java/lib/ecommerce-project/public/index.php(51): Illuminate/Foundation/Http/Kernel->handle(Object(Illuminate/Http/Request))
#54 C:/Users/admin/Desktop/flutter/ecommerce_java/lib/ecommerce-project/vendor/laravel/framework/src/Illuminate/Foundation/resources/server.php(16): require_once('C://Users//admin//...')
#55 {main}

[previous exception] [object] (PDOException(code: HY000): SQLSTATE[HY000]: General error: 1364 Field 'subtotal' doesn't have a default value at C:/Users/admin/Desktop/flutter/ecommerce_java/lib/ecommerce-project/vendor/laravel/framework/src/Illuminate/Database/MySqlConnection.php:45)
[stacktrace]
#0 C:/Users/admin/Desktop/flutter/ecommerce_java/lib/ecommerce-project/vendor/laravel/framework/src/Illuminate/Database/MySqlConnection.php(45): PDOStatement->execute()
#1 C:/Users/admin/Desktop/flutter/ecommerce_java/lib/ecommerce-project/vendor/laravel/framework/src/Illuminate/Database/Connection.php(816): Illuminate/Database/MySqlConnection->Illuminate/Database/{closure}('insert into `ca...', Array)
#2 C:/Users/admin/Desktop/flutter/ecommerce_java/lib/ecommerce-project/vendor/laravel/framework/src/Illuminate/Database/Connection.php(783): Illuminate/Database/Connection->runQueryCallback('insert into `ca...', Array, Object(Closure))
#3 C:/Users/admin/Desktop/flutter/ecommerce_java/lib/ecommerce-project/vendor/laravel/framework/src/Illuminate/Database/MySqlConnection.php(34): Illuminate/Database/Connection->run('insert into `ca...', Array, Object(Closure))
#4 C:/Users/admin/Desktop/flutter/ecommerce_java/lib/ecommerce-project/vendor/laravel/framework/src/Illuminate/Database/Query/Processors/MySqlProcessor.php(35): Illuminate/Database/MySqlConnection->insert('insert into `ca...', Array, 'id')
#5 C:/Users/admin/Desktop/flutter/ecommerce_java/lib/ecommerce-project/vendor/laravel/framework/src/Illuminate/Database/Query/Builder.php(3549): Illuminate/Database/Query/Processors/MySqlProcessor->processInsertGetId(Object(Illuminate/Database/Query/Builder), 'insert into `ca...', Array, 'id')
#6 C:/Users/admin/Desktop/flutter/ecommerce_java/lib/ecommerce-project/vendor/laravel/framework/src/Illuminate/Database/Eloquent/Builder.php(1982): Illuminate/Database/Query/Builder->insertGetId(Array, 'id')
#7 C:/Users/admin/Desktop/flutter/ecommerce_java/lib/ecommerce-project/vendor/laravel/framework/src/Illuminate/Database/Eloquent/Model.php(1334): Illuminate/Database/Eloquent/Builder->__call('insertGetId', Array)
#8 C:/Users/admin/Desktop/flutter/ecommerce_java/lib/ecommerce-project/vendor/laravel/framework/src/Illuminate/Database/Eloquent/Model.php(1299): Illuminate/Database/Eloquent/Model->insertAndSetId(Object(Illuminate/Database/Eloquent/Builder), Array)
#9 C:/Users/admin/Desktop/flutter/ecommerce_java/lib/ecommerce-project/vendor/laravel/framework/src/Illuminate/Database/Eloquent/Model.php(1138): Illuminate/Database/Eloquent/Model->performInsert(Object(Illuminate/Database/Eloquent/Builder))
#10 C:/Users/admin/Desktop/flutter/ecommerce_java/lib/ecommerce-project/vendor/laravel/framework/src/Illuminate/Database/Eloquent/Builder.php(1025): Illuminate/Database/Eloquent/Model->save()
#11 C:/Users/admin/Desktop/flutter/ecommerce_java/lib/ecommerce-project/vendor/laravel/framework/src/Illuminate/Support/helpers.php(320): Illuminate/Database/Eloquent/Builder->Illuminate/Database/Eloquent/{closure}(Object(App/Models/CartItem))
#12 C:/Users/admin/Desktop/flutter/ecommerce_java/lib/ecommerce-project/vendor/laravel/framework/src/Illuminate/Database/Eloquent/Builder.php(1024): tap(Object(App/Models/CartItem), Object(Closure))
#13 C:/Users/admin/Desktop/flutter/ecommerce_java/lib/ecommerce-project/vendor/laravel/framework/src/Illuminate/Support/Traits/ForwardsCalls.php(23): Illuminate/Database/Eloquent/Builder->create(Array)
#14 C:/Users/admin/Desktop/flutter/ecommerce_java/lib/ecommerce-project/vendor/laravel/framework/src/Illuminate/Database/Eloquent/Model.php(2335): Illuminate/Database/Eloquent/Model->forwardCallTo(Object(Illuminate/Database/Eloquent/Builder), 'create', Array)
#15 C:/Users/admin/Desktop/flutter/ecommerce_java/lib/ecommerce-project/vendor/laravel/framework/src/Illuminate/Database/Eloquent/Model.php(2347): Illuminate/Database/Eloquent/Model->__call('create', Array)
#16 C:/Users/admin/Desktop/flutter/ecommerce_java/lib/ecommerce-project/app/Http/Controllers/Api/CartController.php(50): Illuminate/Database/Eloquent/Model::__callStatic('create', Array)
#17 C:/Users/admin/Desktop/flutter/ecommerce_java/lib/ecommerce-project/vendor/laravel/framework/src/Illuminate/Routing/Controller.php(54): App/Http/Controllers/Api/CartController->store(Object(Illuminate/Http/Request))
#18 C:/Users/admin/Desktop/flutter/ecommerce_java/lib/ecommerce-project/vendor/laravel/framework/src/Illuminate/Routing/ControllerDispatcher.php(43): Illuminate/Routing/Controller->callAction('store', Array)
#19 C:/Users/admin/Desktop/flutter/ecommerce_java/lib/ecommerce-project/vendor/laravel/framework/src/Illuminate/Routing/Route.php(259): Illuminate/Routing/ControllerDispatcher->dispatch(Object(Illuminate/Routing/Route), Object(App/Http/Controllers/Api/CartController), 'store')
#20 C:/Users/admin/Desktop/flutter/ecommerce_java/lib/ecommerce-project/vendor/laravel/framework/src/Illuminate/Routing/Route.php(205): Illuminate/Routing/Route->runController()
#21 C:/Users/admin/Desktop/flutter/ecommerce_java/lib/ecommerce-project/vendor/laravel/framework/src/Illuminate/Routing/Router.php(806): Illuminate/Routing/Route->run()
#22 C:/Users/admin/Desktop/flutter/ecommerce_java/lib/ecommerce-project/vendor/laravel/framework/src/Illuminate/Pipeline/Pipeline.php(144): Illuminate/Routing/Router->Illuminate/Routing/{closure}(Object(Illuminate/Http/Request))
#23 C:/Users/admin/Desktop/flutter/ecommerce_java/lib/ecommerce-project/vendor/laravel/framework/src/Illuminate/Routing/Middleware/SubstituteBindings.php(50): Illuminate/Pipeline/Pipeline->Illuminate/Pipeline/{closure}(Object(Illuminate/Http/Request))
#24 C:/Users/admin/Desktop/flutter/ecommerce_java/lib/ecommerce-project/vendor/laravel/framework/src/Illuminate/Pipeline/Pipeline.php(183): Illuminate/Routing/Middleware/SubstituteBindings->handle(Object(Illuminate/Http/Request), Object(Closure))
#25 C:/Users/admin/Desktop/flutter/ecommerce_java/lib/ecommerce-project/vendor/laravel/framework/src/Illuminate/Routing/Middleware/ThrottleRequests.php(159): Illuminate/Pipeline/Pipeline->Illuminate/Pipeline/{closure}(Object(Illuminate/Http/Request))
#26 C:/Users/admin/Desktop/flutter/ecommerce_java/lib/ecommerce-project/vendor/laravel/framework/src/Illuminate/Routing/Middleware/ThrottleRequests.php(125): Illuminate/Routing/Middleware/ThrottleRequests->handleRequest(Object(Illuminate/Http/Request), Object(Closure), Array)
#27 C:/Users/admin/Desktop/flutter/ecommerce_java/lib/ecommerce-project/vendor/laravel/framework/src/Illuminate/Routing/Middleware/ThrottleRequests.php(87): Illuminate/Routing/Middleware/ThrottleRequests->handleRequestUsingNamedLimiter(Object(Illuminate/Http/Request), Object(Closure), 'api', Object(Closure))
#28 C:/Users/admin/Desktop/flutter/ecommerce_java/lib/ecommerce-project/vendor/laravel/framework/src/Illuminate/Pipeline/Pipeline.php(183): Illuminate/Routing/Middleware/ThrottleRequests->handle(Object(Illuminate/Http/Request), Object(Closure), 'api')
#29 C:/Users/admin/Desktop/flutter/ecommerce_java/lib/ecommerce-project/vendor/laravel/framework/src/Illuminate/Auth/Middleware/Authenticate.php(57): Illuminate/Pipeline/Pipeline->Illuminate/Pipeline/{closure}(Object(Illuminate/Http/Request))
#30 C:/Users/admin/Desktop/flutter/ecommerce_java/lib/ecommerce-project/vendor/laravel/framework/src/Illuminate/Pipeline/Pipeline.php(183): Illuminate/Auth/Middleware/Authenticate->handle(Object(Illuminate/Http/Request), Object(Closure), 'sanctum')
#31 C:/Users/admin/Desktop/flutter/ecommerce_java/lib/ecommerce-project/vendor/laravel/framework/src/Illuminate/Pipeline/Pipeline.php(119): Illuminate/Pipeline/Pipeline->Illuminate/Pipeline/{closure}(Object(Illuminate/Http/Request))
#32 C:/Users/admin/Desktop/flutter/ecommerce_java/lib/ecommerce-project/vendor/laravel/framework/src/Illuminate/Routing/Router.php(805): Illuminate/Pipeline/Pipeline->then(Object(Closure))
#33 C:/Users/admin/Desktop/flutter/ecommerce_java/lib/ecommerce-project/vendor/laravel/framework/src/Illuminate/Routing/Router.php(784): Illuminate/Routing/Router->runRouteWithinStack(Object(Illuminate/Routing/Route), Object(Illuminate/Http/Request))
#34 C:/Users/admin/Desktop/flutter/ecommerce_java/lib/ecommerce-project/vendor/laravel/framework/src/Illuminate/Routing/Router.php(748): Illuminate/Routing/Router->runRoute(Object(Illuminate/Http/Request), Object(Illuminate/Routing/Route))
#35 C:/Users/admin/Desktop/flutter/ecommerce_java/lib/ecommerce-project/vendor/laravel/framework/src/Illuminate/Routing/Router.php(737): Illuminate/Routing/Router->dispatchToRoute(Object(Illuminate/Http/Request))
#36 C:/Users/admin/Desktop/flutter/ecommerce_java/lib/ecommerce-project/vendor/laravel/framework/src/Illuminate/Foundation/Http/Kernel.php(200): Illuminate/Routing/Router->dispatch(Object(Illuminate/Http/Request))
#37 C:/Users/admin/Desktop/flutter/ecommerce_java/lib/ecommerce-project/vendor/laravel/framework/src/Illuminate/Pipeline/Pipeline.php(144): Illuminate/Foundation/Http/Kernel->Illuminate/Foundation/Http/{closure}(Object(Illuminate/Http/Request))
#38 C:/Users/admin/Desktop/flutter/ecommerce_java/lib/ecommerce-project/vendor/laravel/framework/src/Illuminate/Foundation/Http/Middleware/TransformsRequest.php(21): Illuminate/Pipeline/Pipeline->Illuminate/Pipeline/{closure}(Object(Illuminate/Http/Request))
#39 C:/Users/admin/Desktop/flutter/ecommerce_java/lib/ecommerce-project/vendor/laravel/framework/src/Illuminate/Foundation/Http/Middleware/ConvertEmptyStringsToNull.php(31): Illuminate/Foundation/Http/Middleware/TransformsRequest->handle(Object(Illuminate/Http/Request), Object(Closure))
#40 C:/Users/admin/Desktop/flutter/ecommerce_java/lib/ecommerce-project/vendor/laravel/framework/src/Illuminate/Pipeline/Pipeline.php(183): Illuminate/Foundation/Http/Middleware/ConvertEmptyStringsToNull->handle(Object(Illuminate/Http/Request), Object(Closure))
#41 C:/Users/admin/Desktop/flutter/ecommerce_java/lib/ecommerce-project/vendor/laravel/framework/src/Illuminate/Foundation/Http/Middleware/TransformsRequest.php(21): Illuminate/Pipeline/Pipeline->Illuminate/Pipeline/{closure}(Object(Illuminate/Http/Request))
#42 C:/Users/admin/Desktop/flutter/ecommerce_java/lib/ecommerce-project/vendor/laravel/framework/src/Illuminate/Foundation/Http/Middleware/TrimStrings.php(40): Illuminate/Foundation/Http/Middleware/TransformsRequest->handle(Object(Illuminate/Http/Request), Object(Closure))
#43 C:/Users/admin/Desktop/flutter/ecommerce_java/lib/ecommerce-project/vendor/laravel/framework/src/Illuminate/Pipeline/Pipeline.php(183): Illuminate/Foundation/Http/Middleware/TrimStrings->handle(Object(Illuminate/Http/Request), Object(Closure))
#44 C:/Users/admin/Desktop/flutter/ecommerce_java/lib/ecommerce-project/vendor/laravel/framework/src/Illuminate/Foundation/Http/Middleware/ValidatePostSize.php(27): Illuminate/Pipeline/Pipeline->Illuminate/Pipeline/{closure}(Object(Illuminate/Http/Request))
#45 C:/Users/admin/Desktop/flutter/ecommerce_java/lib/ecommerce-project/vendor/laravel/framework/src/Illuminate/Pipeline/Pipeline.php(183): Illuminate/Foundation/Http/Middleware/ValidatePostSize->handle(Object(Illuminate/Http/Request), Object(Closure))
#46 C:/Users/admin/Desktop/flutter/ecommerce_java/lib/ecommerce-project/vendor/laravel/framework/src/Illuminate/Foundation/Http/Middleware/PreventRequestsDuringMaintenance.php(99): Illuminate/Pipeline/Pipeline->Illuminate/Pipeline/{closure}(Object(Illuminate/Http/Request))
#47 C:/Users/admin/Desktop/flutter/ecommerce_java/lib/ecommerce-project/vendor/laravel/framework/src/Illuminate/Pipeline/Pipeline.php(183): Illuminate/Foundation/Http/Middleware/PreventRequestsDuringMaintenance->handle(Object(Illuminate/Http/Request), Object(Closure))
#48 C:/Users/admin/Desktop/flutter/ecommerce_java/lib/ecommerce-project/vendor/laravel/framework/src/Illuminate/Http/Middleware/HandleCors.php(62): Illuminate/Pipeline/Pipeline->Illuminate/Pipeline/{closure}(Object(Illuminate/Http/Request))
#49 C:/Users/admin/Desktop/flutter/ecommerce_java/lib/ecommerce-project/vendor/laravel/framework/src/Illuminate/Pipeline/Pipeline.php(183): Illuminate/Http/Middleware/HandleCors->handle(Object(Illuminate/Http/Request), Object(Closure))
#50 C:/Users/admin/Desktop/flutter/ecommerce_java/lib/ecommerce-project/vendor/laravel/framework/src/Illuminate/Http/Middleware/TrustProxies.php(39): Illuminate/Pipeline/Pipeline->Illuminate/Pipeline/{closure}(Object(Illuminate/Http/Request))
#51 C:/Users/admin/Desktop/flutter/ecommerce_java/lib/ecommerce-project/vendor/laravel/framework/src/Illuminate/Pipeline/Pipeline.php(183): Illuminate/Http/Middleware/TrustProxies->handle(Object(Illuminate/Http/Request), Object(Closure))
#52 C:/Users/admin/Desktop/flutter/ecommerce_java/lib/ecommerce-project/vendor/laravel/framework/src/Illuminate/Pipeline/Pipeline.php(119): Illuminate/Pipeline/Pipeline->Illuminate/Pipeline/{closure}(Object(Illuminate/Http/Request))
#53 C:/Users/admin/Desktop/flutter/ecommerce_java/lib/ecommerce-project/vendor/laravel/framework/src/Illuminate/Foundation/Http/Kernel.php(175): Illuminate/Pipeline/Pipeline->then(Object(Closure))
#54 C:/Users/admin/Desktop/flutter/ecommerce_java/lib/ecommerce-project/vendor/laravel/framework/src/Illuminate/Foundation/Http/Kernel.php(144): Illuminate/Foundation/Http/Kernel->sendRequestThroughRouter(Object(Illuminate/Http/Request))
#55 C:/Users/admin/Desktop/flutter/ecommerce_java/lib/ecommerce-project/public/index.php(51): Illuminate/Foundation/Http/Kernel->handle(Object(Illuminate/Http/Request))
#56 C:/Users/admin/Desktop/flutter/ecommerce_java/lib/ecommerce-project/vendor/laravel/framework/src/Illuminate/Foundation/resources/server.php(16): require_once('C://Users//admin//...')
#57 {main}
"} 
[2026-07-07 04:45:24] local.ERROR: SQLSTATE[HY000]: General error: 1364 Field 'subtotal' doesn't have a default value (Connection: mysql, SQL: insert into `cart_items` (`cart_id`, `product_id`, `quantity`, `price`, `updated_at`, `created_at`) values (1, 99, 10, 806.70, 2026-07-07 04:45:24, 2026-07-07 04:45:24)) {"userId":9,"exception":"[object] (Illuminate\\Database\\QueryException(code: HY000): SQLSTATE[HY000]: General error: 1364 Field 'subtotal' doesn't have a default value (Connection: mysql, SQL: insert into `cart_items` (`cart_id`, `product_id`, `quantity`, `price`, `updated_at`, `created_at`) values (1, 99, 10, 806.70, 2026-07-07 04:45:24, 2026-07-07 04:45:24)) at C:/Users/admin/Desktop/flutter/ecommerce_java/lib/ecommerce-project/vendor/laravel/framework/src/Illuminate/Database/Connection.php:829)
[stacktrace]
#0 C:/Users/admin/Desktop/flutter/ecommerce_java/lib/ecommerce-project/vendor/laravel/framework/src/Illuminate/Database/Connection.php(783): Illuminate/Database/Connection->runQueryCallback('insert into `ca...', Array, Object(Closure))
#1 C:/Users/admin/Desktop/flutter/ecommerce_java/lib/ecommerce-project/vendor/laravel/framework/src/Illuminate/Database/MySqlConnection.php(34): Illuminate/Database/Connection->run('insert into `ca...', Array, Object(Closure))
#2 C:/Users/admin/Desktop/flutter/ecommerce_java/lib/ecommerce-project/vendor/laravel/framework/src/Illuminate/Database/Query/Processors/MySqlProcessor.php(35): Illuminate/Database/MySqlConnection->insert('insert into `ca...', Array, 'id')
#3 C:/Users/admin/Desktop/flutter/ecommerce_java/lib/ecommerce-project/vendor/laravel/framework/src/Illuminate/Database/Query/Builder.php(3549): Illuminate/Database/Query/Processors/MySqlProcessor->processInsertGetId(Object(Illuminate/Database/Query/Builder), 'insert into `ca...', Array, 'id')
#4 C:/Users/admin/Desktop/flutter/ecommerce_java/lib/ecommerce-project/vendor/laravel/framework/src/Illuminate/Database/Eloquent/Builder.php(1982): Illuminate/Database/Query/Builder->insertGetId(Array, 'id')
#5 C:/Users/admin/Desktop/flutter/ecommerce_java/lib/ecommerce-project/vendor/laravel/framework/src/Illuminate/Database/Eloquent/Model.php(1334): Illuminate/Database/Eloquent/Builder->__call('insertGetId', Array)
#6 C:/Users/admin/Desktop/flutter/ecommerce_java/lib/ecommerce-project/vendor/laravel/framework/src/Illuminate/Database/Eloquent/Model.php(1299): Illuminate/Database/Eloquent/Model->insertAndSetId(Object(Illuminate/Database/Eloquent/Builder), Array)
#7 C:/Users/admin/Desktop/flutter/ecommerce_java/lib/ecommerce-project/vendor/laravel/framework/src/Illuminate/Database/Eloquent/Model.php(1138): Illuminate/Database/Eloquent/Model->performInsert(Object(Illuminate/Database/Eloquent/Builder))
#8 C:/Users/admin/Desktop/flutter/ecommerce_java/lib/ecommerce-project/vendor/laravel/framework/src/Illuminate/Database/Eloquent/Builder.php(1025): Illuminate/Database/Eloquent/Model->save()
#9 C:/Users/admin/Desktop/flutter/ecommerce_java/lib/ecommerce-project/vendor/laravel/framework/src/Illuminate/Support/helpers.php(320): Illuminate/Database/Eloquent/Builder->Illuminate/Database/Eloquent/{closure}(Object(App/Models/CartItem))
#10 C:/Users/admin/Desktop/flutter/ecommerce_java/lib/ecommerce-project/vendor/laravel/framework/src/Illuminate/Database/Eloquent/Builder.php(1024): tap(Object(App/Models/CartItem), Object(Closure))
#11 C:/Users/admin/Desktop/flutter/ecommerce_java/lib/ecommerce-project/vendor/laravel/framework/src/Illuminate/Support/Traits/ForwardsCalls.php(23): Illuminate/Database/Eloquent/Builder->create(Array)
#12 C:/Users/admin/Desktop/flutter/ecommerce_java/lib/ecommerce-project/vendor/laravel/framework/src/Illuminate/Database/Eloquent/Model.php(2335): Illuminate/Database/Eloquent/Model->forwardCallTo(Object(Illuminate/Database/Eloquent/Builder), 'create', Array)
#13 C:/Users/admin/Desktop/flutter/ecommerce_java/lib/ecommerce-project/vendor/laravel/framework/src/Illuminate/Database/Eloquent/Model.php(2347): Illuminate/Database/Eloquent/Model->__call('create', Array)
#14 C:/Users/admin/Desktop/flutter/ecommerce_java/lib/ecommerce-project/app/Http/Controllers/Api/CartController.php(50): Illuminate/Database/Eloquent/Model::__callStatic('create', Array)
#15 C:/Users/admin/Desktop/flutter/ecommerce_java/lib/ecommerce-project/vendor/laravel/framework/src/Illuminate/Routing/Controller.php(54): App/Http/Controllers/Api/CartController->store(Object(Illuminate/Http/Request))
#16 C:/Users/admin/Desktop/flutter/ecommerce_java/lib/ecommerce-project/vendor/laravel/framework/src/Illuminate/Routing/ControllerDispatcher.php(43): Illuminate/Routing/Controller->callAction('store', Array)
#17 C:/Users/admin/Desktop/flutter/ecommerce_java/lib/ecommerce-project/vendor/laravel/framework/src/Illuminate/Routing/Route.php(259): Illuminate/Routing/ControllerDispatcher->dispatch(Object(Illuminate/Routing/Route), Object(App/Http/Controllers/Api/CartController), 'store')
#18 C:/Users/admin/Desktop/flutter/ecommerce_java/lib/ecommerce-project/vendor/laravel/framework/src/Illuminate/Routing/Route.php(205): Illuminate/Routing/Route->runController()
#19 C:/Users/admin/Desktop/flutter/ecommerce_java/lib/ecommerce-project/vendor/laravel/framework/src/Illuminate/Routing/Router.php(806): Illuminate/Routing/Route->run()
#20 C:/Users/admin/Desktop/flutter/ecommerce_java/lib/ecommerce-project/vendor/laravel/framework/src/Illuminate/Pipeline/Pipeline.php(144): Illuminate/Routing/Router->Illuminate/Routing/{closure}(Object(Illuminate/Http/Request))
#21 C:/Users/admin/Desktop/flutter/ecommerce_java/lib/ecommerce-project/vendor/laravel/framework/src/Illuminate/Routing/Middleware/SubstituteBindings.php(50): Illuminate/Pipeline/Pipeline->Illuminate/Pipeline/{closure}(Object(Illuminate/Http/Request))
#22 C:/Users/admin/Desktop/flutter/ecommerce_java/lib/ecommerce-project/vendor/laravel/framework/src/Illuminate/Pipeline/Pipeline.php(183): Illuminate/Routing/Middleware/SubstituteBindings->handle(Object(Illuminate/Http/Request), Object(Closure))
#23 C:/Users/admin/Desktop/flutter/ecommerce_java/lib/ecommerce-project/vendor/laravel/framework/src/Illuminate/Routing/Middleware/ThrottleRequests.php(159): Illuminate/Pipeline/Pipeline->Illuminate/Pipeline/{closure}(Object(Illuminate/Http/Request))
#24 C:/Users/admin/Desktop/flutter/ecommerce_java/lib/ecommerce-project/vendor/laravel/framework/src/Illuminate/Routing/Middleware/ThrottleRequests.php(125): Illuminate/Routing/Middleware/ThrottleRequests->handleRequest(Object(Illuminate/Http/Request), Object(Closure), Array)
#25 C:/Users/admin/Desktop/flutter/ecommerce_java/lib/ecommerce-project/vendor/laravel/framework/src/Illuminate/Routing/Middleware/ThrottleRequests.php(87): Illuminate/Routing/Middleware/ThrottleRequests->handleRequestUsingNamedLimiter(Object(Illuminate/Http/Request), Object(Closure), 'api', Object(Closure))
#26 C:/Users/admin/Desktop/flutter/ecommerce_java/lib/ecommerce-project/vendor/laravel/framework/src/Illuminate/Pipeline/Pipeline.php(183): Illuminate/Routing/Middleware/ThrottleRequests->handle(Object(Illuminate/Http/Request), Object(Closure), 'api')
#27 C:/Users/admin/Desktop/flutter/ecommerce_java/lib/ecommerce-project/vendor/laravel/framework/src/Illuminate/Auth/Middleware/Authenticate.php(57): Illuminate/Pipeline/Pipeline->Illuminate/Pipeline/{closure}(Object(Illuminate/Http/Request))
#28 C:/Users/admin/Desktop/flutter/ecommerce_java/lib/ecommerce-project/vendor/laravel/framework/src/Illuminate/Pipeline/Pipeline.php(183): Illuminate/Auth/Middleware/Authenticate->handle(Object(Illuminate/Http/Request), Object(Closure), 'sanctum')
#29 C:/Users/admin/Desktop/flutter/ecommerce_java/lib/ecommerce-project/vendor/laravel/framework/src/Illuminate/Pipeline/Pipeline.php(119): Illuminate/Pipeline/Pipeline->Illuminate/Pipeline/{closure}(Object(Illuminate/Http/Request))
#30 C:/Users/admin/Desktop/flutter/ecommerce_java/lib/ecommerce-project/vendor/laravel/framework/src/Illuminate/Routing/Router.php(805): Illuminate/Pipeline/Pipeline->then(Object(Closure))
#31 C:/Users/admin/Desktop/flutter/ecommerce_java/lib/ecommerce-project/vendor/laravel/framework/src/Illuminate/Routing/Router.php(784): Illuminate/Routing/Router->runRouteWithinStack(Object(Illuminate/Routing/Route), Object(Illuminate/Http/Request))
#32 C:/Users/admin/Desktop/flutter/ecommerce_java/lib/ecommerce-project/vendor/laravel/framework/src/Illuminate/Routing/Router.php(748): Illuminate/Routing/Router->runRoute(Object(Illuminate/Http/Request), Object(Illuminate/Routing/Route))
#33 C:/Users/admin/Desktop/flutter/ecommerce_java/lib/ecommerce-project/vendor/laravel/framework/src/Illuminate/Routing/Router.php(737): Illuminate/Routing/Router->dispatchToRoute(Object(Illuminate/Http/Request))
#34 C:/Users/admin/Desktop/flutter/ecommerce_java/lib/ecommerce-project/vendor/laravel/framework/src/Illuminate/Foundation/Http/Kernel.php(200): Illuminate/Routing/Router->dispatch(Object(Illuminate/Http/Request))
#35 C:/Users/admin/Desktop/flutter/ecommerce_java/lib/ecommerce-project/vendor/laravel/framework/src/Illuminate/Pipeline/Pipeline.php(144): Illuminate/Foundation/Http/Kernel->Illuminate/Foundation/Http/{closure}(Object(Illuminate/Http/Request))
#36 C:/Users/admin/Desktop/flutter/ecommerce_java/lib/ecommerce-project/vendor/laravel/framework/src/Illuminate/Foundation/Http/Middleware/TransformsRequest.php(21): Illuminate/Pipeline/Pipeline->Illuminate/Pipeline/{closure}(Object(Illuminate/Http/Request))
#37 C:/Users/admin/Desktop/flutter/ecommerce_java/lib/ecommerce-project/vendor/laravel/framework/src/Illuminate/Foundation/Http/Middleware/ConvertEmptyStringsToNull.php(31): Illuminate/Foundation/Http/Middleware/TransformsRequest->handle(Object(Illuminate/Http/Request), Object(Closure))
#38 C:/Users/admin/Desktop/flutter/ecommerce_java/lib/ecommerce-project/vendor/laravel/framework/src/Illuminate/Pipeline/Pipeline.php(183): Illuminate/Foundation/Http/Middleware/ConvertEmptyStringsToNull->handle(Object(Illuminate/Http/Request), Object(Closure))
#39 C:/Users/admin/Desktop/flutter/ecommerce_java/lib/ecommerce-project/vendor/laravel/framework/src/Illuminate/Foundation/Http/Middleware/TransformsRequest.php(21): Illuminate/Pipeline/Pipeline->Illuminate/Pipeline/{closure}(Object(Illuminate/Http/Request))
#40 C:/Users/admin/Desktop/flutter/ecommerce_java/lib/ecommerce-project/vendor/laravel/framework/src/Illuminate/Foundation/Http/Middleware/TrimStrings.php(40): Illuminate/Foundation/Http/Middleware/TransformsRequest->handle(Object(Illuminate/Http/Request), Object(Closure))
#41 C:/Users/admin/Desktop/flutter/ecommerce_java/lib/ecommerce-project/vendor/laravel/framework/src/Illuminate/Pipeline/Pipeline.php(183): Illuminate/Foundation/Http/Middleware/TrimStrings->handle(Object(Illuminate/Http/Request), Object(Closure))
#42 C:/Users/admin/Desktop/flutter/ecommerce_java/lib/ecommerce-project/vendor/laravel/framework/src/Illuminate/Foundation/Http/Middleware/ValidatePostSize.php(27): Illuminate/Pipeline/Pipeline->Illuminate/Pipeline/{closure}(Object(Illuminate/Http/Request))
#43 C:/Users/admin/Desktop/flutter/ecommerce_java/lib/ecommerce-project/vendor/laravel/framework/src/Illuminate/Pipeline/Pipeline.php(183): Illuminate/Foundation/Http/Middleware/ValidatePostSize->handle(Object(Illuminate/Http/Request), Object(Closure))
#44 C:/Users/admin/Desktop/flutter/ecommerce_java/lib/ecommerce-project/vendor/laravel/framework/src/Illuminate/Foundation/Http/Middleware/PreventRequestsDuringMaintenance.php(99): Illuminate/Pipeline/Pipeline->Illuminate/Pipeline/{closure}(Object(Illuminate/Http/Request))
#45 C:/Users/admin/Desktop/flutter/ecommerce_java/lib/ecommerce-project/vendor/laravel/framework/src/Illuminate/Pipeline/Pipeline.php(183): Illuminate/Foundation/Http/Middleware/PreventRequestsDuringMaintenance->handle(Object(Illuminate/Http/Request), Object(Closure))
#46 C:/Users/admin/Desktop/flutter/ecommerce_java/lib/ecommerce-project/vendor/laravel/framework/src/Illuminate/Http/Middleware/HandleCors.php(62): Illuminate/Pipeline/Pipeline->Illuminate/Pipeline/{closure}(Object(Illuminate/Http/Request))
#47 C:/Users/admin/Desktop/flutter/ecommerce_java/lib/ecommerce-project/vendor/laravel/framework/src/Illuminate/Pipeline/Pipeline.php(183): Illuminate/Http/Middleware/HandleCors->handle(Object(Illuminate/Http/Request), Object(Closure))
#48 C:/Users/admin/Desktop/flutter/ecommerce_java/lib/ecommerce-project/vendor/laravel/framework/src/Illuminate/Http/Middleware/TrustProxies.php(39): Illuminate/Pipeline/Pipeline->Illuminate/Pipeline/{closure}(Object(Illuminate/Http/Request))
#49 C:/Users/admin/Desktop/flutter/ecommerce_java/lib/ecommerce-project/vendor/laravel/framework/src/Illuminate/Pipeline/Pipeline.php(183): Illuminate/Http/Middleware/TrustProxies->handle(Object(Illuminate/Http/Request), Object(Closure))
#50 C:/Users/admin/Desktop/flutter/ecommerce_java/lib/ecommerce-project/vendor/laravel/framework/src/Illuminate/Pipeline/Pipeline.php(119): Illuminate/Pipeline/Pipeline->Illuminate/Pipeline/{closure}(Object(Illuminate/Http/Request))
#51 C:/Users/admin/Desktop/flutter/ecommerce_java/lib/ecommerce-project/vendor/laravel/framework/src/Illuminate/Foundation/Http/Kernel.php(175): Illuminate/Pipeline/Pipeline->then(Object(Closure))
#52 C:/Users/admin/Desktop/flutter/ecommerce_java/lib/ecommerce-project/vendor/laravel/framework/src/Illuminate/Foundation/Http/Kernel.php(144): Illuminate/Foundation/Http/Kernel->sendRequestThroughRouter(Object(Illuminate/Http/Request))
#53 C:/Users/admin/Desktop/flutter/ecommerce_java/lib/ecommerce-project/public/index.php(51): Illuminate/Foundation/Http/Kernel->handle(Object(Illuminate/Http/Request))
#54 C:/Users/admin/Desktop/flutter/ecommerce_java/lib/ecommerce-project/vendor/laravel/framework/src/Illuminate/Foundation/resources/server.php(16): require_once('C://Users//admin//...')
#55 {main}

[previous exception] [object] (PDOException(code: HY000): SQLSTATE[HY000]: General error: 1364 Field 'subtotal' doesn't have a default value at C:/Users/admin/Desktop/flutter/ecommerce_java/lib/ecommerce-project/vendor/laravel/framework/src/Illuminate/Database/MySqlConnection.php:45)
[stacktrace]
#0 C:/Users/admin/Desktop/flutter/ecommerce_java/lib/ecommerce-project/vendor/laravel/framework/src/Illuminate/Database/MySqlConnection.php(45): PDOStatement->execute()
#1 C:/Users/admin/Desktop/flutter/ecommerce_java/lib/ecommerce-project/vendor/laravel/framework/src/Illuminate/Database/Connection.php(816): Illuminate/Database/MySqlConnection->Illuminate/Database/{closure}('insert into `ca...', Array)
#2 C:/Users/admin/Desktop/flutter/ecommerce_java/lib/ecommerce-project/vendor/laravel/framework/src/Illuminate/Database/Connection.php(783): Illuminate/Database/Connection->runQueryCallback('insert into `ca...', Array, Object(Closure))
#3 C:/Users/admin/Desktop/flutter/ecommerce_java/lib/ecommerce-project/vendor/laravel/framework/src/Illuminate/Database/MySqlConnection.php(34): Illuminate/Database/Connection->run('insert into `ca...', Array, Object(Closure))
#4 C:/Users/admin/Desktop/flutter/ecommerce_java/lib/ecommerce-project/vendor/laravel/framework/src/Illuminate/Database/Query/Processors/MySqlProcessor.php(35): Illuminate/Database/MySqlConnection->insert('insert into `ca...', Array, 'id')
#5 C:/Users/admin/Desktop/flutter/ecommerce_java/lib/ecommerce-project/vendor/laravel/framework/src/Illuminate/Database/Query/Builder.php(3549): Illuminate/Database/Query/Processors/MySqlProcessor->processInsertGetId(Object(Illuminate/Database/Query/Builder), 'insert into `ca...', Array, 'id')
#6 C:/Users/admin/Desktop/flutter/ecommerce_java/lib/ecommerce-project/vendor/laravel/framework/src/Illuminate/Database/Eloquent/Builder.php(1982): Illuminate/Database/Query/Builder->insertGetId(Array, 'id')
#7 C:/Users/admin/Desktop/flutter/ecommerce_java/lib/ecommerce-project/vendor/laravel/framework/src/Illuminate/Database/Eloquent/Model.php(1334): Illuminate/Database/Eloquent/Builder->__call('insertGetId', Array)
#8 C:/Users/admin/Desktop/flutter/ecommerce_java/lib/ecommerce-project/vendor/laravel/framework/src/Illuminate/Database/Eloquent/Model.php(1299): Illuminate/Database/Eloquent/Model->insertAndSetId(Object(Illuminate/Database/Eloquent/Builder), Array)
#9 C:/Users/admin/Desktop/flutter/ecommerce_java/lib/ecommerce-project/vendor/laravel/framework/src/Illuminate/Database/Eloquent/Model.php(1138): Illuminate/Database/Eloquent/Model->performInsert(Object(Illuminate/Database/Eloquent/Builder))
#10 C:/Users/admin/Desktop/flutter/ecommerce_java/lib/ecommerce-project/vendor/laravel/framework/src/Illuminate/Database/Eloquent/Builder.php(1025): Illuminate/Database/Eloquent/Model->save()
#11 C:/Users/admin/Desktop/flutter/ecommerce_java/lib/ecommerce-project/vendor/laravel/framework/src/Illuminate/Support/helpers.php(320): Illuminate/Database/Eloquent/Builder->Illuminate/Database/Eloquent/{closure}(Object(App/Models/CartItem))
#12 C:/Users/admin/Desktop/flutter/ecommerce_java/lib/ecommerce-project/vendor/laravel/framework/src/Illuminate/Database/Eloquent/Builder.php(1024): tap(Object(App/Models/CartItem), Object(Closure))
#13 C:/Users/admin/Desktop/flutter/ecommerce_java/lib/ecommerce-project/vendor/laravel/framework/src/Illuminate/Support/Traits/ForwardsCalls.php(23): Illuminate/Database/Eloquent/Builder->create(Array)
#14 C:/Users/admin/Desktop/flutter/ecommerce_java/lib/ecommerce-project/vendor/laravel/framework/src/Illuminate/Database/Eloquent/Model.php(2335): Illuminate/Database/Eloquent/Model->forwardCallTo(Object(Illuminate/Database/Eloquent/Builder), 'create', Array)
#15 C:/Users/admin/Desktop/flutter/ecommerce_java/lib/ecommerce-project/vendor/laravel/framework/src/Illuminate/Database/Eloquent/Model.php(2347): Illuminate/Database/Eloquent/Model->__call('create', Array)
#16 C:/Users/admin/Desktop/flutter/ecommerce_java/lib/ecommerce-project/app/Http/Controllers/Api/CartController.php(50): Illuminate/Database/Eloquent/Model::__callStatic('create', Array)
#17 C:/Users/admin/Desktop/flutter/ecommerce_java/lib/ecommerce-project/vendor/laravel/framework/src/Illuminate/Routing/Controller.php(54): App/Http/Controllers/Api/CartController->store(Object(Illuminate/Http/Request))
#18 C:/Users/admin/Desktop/flutter/ecommerce_java/lib/ecommerce-project/vendor/laravel/framework/src/Illuminate/Routing/ControllerDispatcher.php(43): Illuminate/Routing/Controller->callAction('store', Array)
#19 C:/Users/admin/Desktop/flutter/ecommerce_java/lib/ecommerce-project/vendor/laravel/framework/src/Illuminate/Routing/Route.php(259): Illuminate/Routing/ControllerDispatcher->dispatch(Object(Illuminate/Routing/Route), Object(App/Http/Controllers/Api/CartController), 'store')
#20 C:/Users/admin/Desktop/flutter/ecommerce_java/lib/ecommerce-project/vendor/laravel/framework/src/Illuminate/Routing/Route.php(205): Illuminate/Routing/Route->runController()
#21 C:/Users/admin/Desktop/flutter/ecommerce_java/lib/ecommerce-project/vendor/laravel/framework/src/Illuminate/Routing/Router.php(806): Illuminate/Routing/Route->run()
#22 C:/Users/admin/Desktop/flutter/ecommerce_java/lib/ecommerce-project/vendor/laravel/framework/src/Illuminate/Pipeline/Pipeline.php(144): Illuminate/Routing/Router->Illuminate/Routing/{closure}(Object(Illuminate/Http/Request))
#23 C:/Users/admin/Desktop/flutter/ecommerce_java/lib/ecommerce-project/vendor/laravel/framework/src/Illuminate/Routing/Middleware/SubstituteBindings.php(50): Illuminate/Pipeline/Pipeline->Illuminate/Pipeline/{closure}(Object(Illuminate/Http/Request))
#24 C:/Users/admin/Desktop/flutter/ecommerce_java/lib/ecommerce-project/vendor/laravel/framework/src/Illuminate/Pipeline/Pipeline.php(183): Illuminate/Routing/Middleware/SubstituteBindings->handle(Object(Illuminate/Http/Request), Object(Closure))
#25 C:/Users/admin/Desktop/flutter/ecommerce_java/lib/ecommerce-project/vendor/laravel/framework/src/Illuminate/Routing/Middleware/ThrottleRequests.php(159): Illuminate/Pipeline/Pipeline->Illuminate/Pipeline/{closure}(Object(Illuminate/Http/Request))
#26 C:/Users/admin/Desktop/flutter/ecommerce_java/lib/ecommerce-project/vendor/laravel/framework/src/Illuminate/Routing/Middleware/ThrottleRequests.php(125): Illuminate/Routing/Middleware/ThrottleRequests->handleRequest(Object(Illuminate/Http/Request), Object(Closure), Array)
#27 C:/Users/admin/Desktop/flutter/ecommerce_java/lib/ecommerce-project/vendor/laravel/framework/src/Illuminate/Routing/Middleware/ThrottleRequests.php(87): Illuminate/Routing/Middleware/ThrottleRequests->handleRequestUsingNamedLimiter(Object(Illuminate/Http/Request), Object(Closure), 'api', Object(Closure))
#28 C:/Users/admin/Desktop/flutter/ecommerce_java/lib/ecommerce-project/vendor/laravel/framework/src/Illuminate/Pipeline/Pipeline.php(183): Illuminate/Routing/Middleware/ThrottleRequests->handle(Object(Illuminate/Http/Request), Object(Closure), 'api')
#29 C:/Users/admin/Desktop/flutter/ecommerce_java/lib/ecommerce-project/vendor/laravel/framework/src/Illuminate/Auth/Middleware/Authenticate.php(57): Illuminate/Pipeline/Pipeline->Illuminate/Pipeline/{closure}(Object(Illuminate/Http/Request))
#30 C:/Users/admin/Desktop/flutter/ecommerce_java/lib/ecommerce-project/vendor/laravel/framework/src/Illuminate/Pipeline/Pipeline.php(183): Illuminate/Auth/Middleware/Authenticate->handle(Object(Illuminate/Http/Request), Object(Closure), 'sanctum')
#31 C:/Users/admin/Desktop/flutter/ecommerce_java/lib/ecommerce-project/vendor/laravel/framework/src/Illuminate/Pipeline/Pipeline.php(119): Illuminate/Pipeline/Pipeline->Illuminate/Pipeline/{closure}(Object(Illuminate/Http/Request))
#32 C:/Users/admin/Desktop/flutter/ecommerce_java/lib/ecommerce-project/vendor/laravel/framework/src/Illuminate/Routing/Router.php(805): Illuminate/Pipeline/Pipeline->then(Object(Closure))
#33 C:/Users/admin/Desktop/flutter/ecommerce_java/lib/ecommerce-project/vendor/laravel/framework/src/Illuminate/Routing/Router.php(784): Illuminate/Routing/Router->runRouteWithinStack(Object(Illuminate/Routing/Route), Object(Illuminate/Http/Request))
#34 C:/Users/admin/Desktop/flutter/ecommerce_java/lib/ecommerce-project/vendor/laravel/framework/src/Illuminate/Routing/Router.php(748): Illuminate/Routing/Router->runRoute(Object(Illuminate/Http/Request), Object(Illuminate/Routing/Route))
#35 C:/Users/admin/Desktop/flutter/ecommerce_java/lib/ecommerce-project/vendor/laravel/framework/src/Illuminate/Routing/Router.php(737): Illuminate/Routing/Router->dispatchToRoute(Object(Illuminate/Http/Request))
#36 C:/Users/admin/Desktop/flutter/ecommerce_java/lib/ecommerce-project/vendor/laravel/framework/src/Illuminate/Foundation/Http/Kernel.php(200): Illuminate/Routing/Router->dispatch(Object(Illuminate/Http/Request))
#37 C:/Users/admin/Desktop/flutter/ecommerce_java/lib/ecommerce-project/vendor/laravel/framework/src/Illuminate/Pipeline/Pipeline.php(144): Illuminate/Foundation/Http/Kernel->Illuminate/Foundation/Http/{closure}(Object(Illuminate/Http/Request))
#38 C:/Users/admin/Desktop/flutter/ecommerce_java/lib/ecommerce-project/vendor/laravel/framework/src/Illuminate/Foundation/Http/Middleware/TransformsRequest.php(21): Illuminate/Pipeline/Pipeline->Illuminate/Pipeline/{closure}(Object(Illuminate/Http/Request))
#39 C:/Users/admin/Desktop/flutter/ecommerce_java/lib/ecommerce-project/vendor/laravel/framework/src/Illuminate/Foundation/Http/Middleware/ConvertEmptyStringsToNull.php(31): Illuminate/Foundation/Http/Middleware/TransformsRequest->handle(Object(Illuminate/Http/Request), Object(Closure))
#40 C:/Users/admin/Desktop/flutter/ecommerce_java/lib/ecommerce-project/vendor/laravel/framework/src/Illuminate/Pipeline/Pipeline.php(183): Illuminate/Foundation/Http/Middleware/ConvertEmptyStringsToNull->handle(Object(Illuminate/Http/Request), Object(Closure))
#41 C:/Users/admin/Desktop/flutter/ecommerce_java/lib/ecommerce-project/vendor/laravel/framework/src/Illuminate/Foundation/Http/Middleware/TransformsRequest.php(21): Illuminate/Pipeline/Pipeline->Illuminate/Pipeline/{closure}(Object(Illuminate/Http/Request))
#42 C:/Users/admin/Desktop/flutter/ecommerce_java/lib/ecommerce-project/vendor/laravel/framework/src/Illuminate/Foundation/Http/Middleware/TrimStrings.php(40): Illuminate/Foundation/Http/Middleware/TransformsRequest->handle(Object(Illuminate/Http/Request), Object(Closure))
#43 C:/Users/admin/Desktop/flutter/ecommerce_java/lib/ecommerce-project/vendor/laravel/framework/src/Illuminate/Pipeline/Pipeline.php(183): Illuminate/Foundation/Http/Middleware/TrimStrings->handle(Object(Illuminate/Http/Request), Object(Closure))
#44 C:/Users/admin/Desktop/flutter/ecommerce_java/lib/ecommerce-project/vendor/laravel/framework/src/Illuminate/Foundation/Http/Middleware/ValidatePostSize.php(27): Illuminate/Pipeline/Pipeline->Illuminate/Pipeline/{closure}(Object(Illuminate/Http/Request))
#45 C:/Users/admin/Desktop/flutter/ecommerce_java/lib/ecommerce-project/vendor/laravel/framework/src/Illuminate/Pipeline/Pipeline.php(183): Illuminate/Foundation/Http/Middleware/ValidatePostSize->handle(Object(Illuminate/Http/Request), Object(Closure))
#46 C:/Users/admin/Desktop/flutter/ecommerce_java/lib/ecommerce-project/vendor/laravel/framework/src/Illuminate/Foundation/Http/Middleware/PreventRequestsDuringMaintenance.php(99): Illuminate/Pipeline/Pipeline->Illuminate/Pipeline/{closure}(Object(Illuminate/Http/Request))
#47 C:/Users/admin/Desktop/flutter/ecommerce_java/lib/ecommerce-project/vendor/laravel/framework/src/Illuminate/Pipeline/Pipeline.php(183): Illuminate/Foundation/Http/Middleware/PreventRequestsDuringMaintenance->handle(Object(Illuminate/Http/Request), Object(Closure))
#48 C:/Users/admin/Desktop/flutter/ecommerce_java/lib/ecommerce-project/vendor/laravel/framework/src/Illuminate/Http/Middleware/HandleCors.php(62): Illuminate/Pipeline/Pipeline->Illuminate/Pipeline/{closure}(Object(Illuminate/Http/Request))
#49 C:/Users/admin/Desktop/flutter/ecommerce_java/lib/ecommerce-project/vendor/laravel/framework/src/Illuminate/Pipeline/Pipeline.php(183): Illuminate/Http/Middleware/HandleCors->handle(Object(Illuminate/Http/Request), Object(Closure))
#50 C:/Users/admin/Desktop/flutter/ecommerce_java/lib/ecommerce-project/vendor/laravel/framework/src/Illuminate/Http/Middleware/TrustProxies.php(39): Illuminate/Pipeline/Pipeline->Illuminate/Pipeline/{closure}(Object(Illuminate/Http/Request))
#51 C:/Users/admin/Desktop/flutter/ecommerce_java/lib/ecommerce-project/vendor/laravel/framework/src/Illuminate/Pipeline/Pipeline.php(183): Illuminate/Http/Middleware/TrustProxies->handle(Object(Illuminate/Http/Request), Object(Closure))
#52 C:/Users/admin/Desktop/flutter/ecommerce_java/lib/ecommerce-project/vendor/laravel/framework/src/Illuminate/Pipeline/Pipeline.php(119): Illuminate/Pipeline/Pipeline->Illuminate/Pipeline/{closure}(Object(Illuminate/Http/Request))
#53 C:/Users/admin/Desktop/flutter/ecommerce_java/lib/ecommerce-project/vendor/laravel/framework/src/Illuminate/Foundation/Http/Kernel.php(175): Illuminate/Pipeline/Pipeline->then(Object(Closure))
#54 C:/Users/admin/Desktop/flutter/ecommerce_java/lib/ecommerce-project/vendor/laravel/framework/src/Illuminate/Foundation/Http/Kernel.php(144): Illuminate/Foundation/Http/Kernel->sendRequestThroughRouter(Object(Illuminate/Http/Request))
#55 C:/Users/admin/Desktop/flutter/ecommerce_java/lib/ecommerce-project/public/index.php(51): Illuminate/Foundation/Http/Kernel->handle(Object(Illuminate/Http/Request))
#56 C:/Users/admin/Desktop/flutter/ecommerce_java/lib/ecommerce-project/vendor/laravel/framework/src/Illuminate/Foundation/resources/server.php(16): require_once('C://Users//admin//...')
#57 {main}
"} 
[2026-07-07 04:46:13] local.ERROR: Call to undefined relationship [items] on model [App\Models\Cart]. {"userId":9,"exception":"[object] (Illuminate\\Database\\Eloquent\\RelationNotFoundException(code: 0): Call to undefined relationship [items] on model [App\\Models\\Cart]. at C:/Users/admin/Desktop/flutter/ecommerce_java/lib/ecommerce-project/vendor/laravel/framework/src/Illuminate/Database/Eloquent/RelationNotFoundException.php:35)
[stacktrace]
#0 C:/Users/admin/Desktop/flutter/ecommerce_java/lib/ecommerce-project/vendor/laravel/framework/src/Illuminate/Database/Eloquent/Builder.php(806): Illuminate/Database/Eloquent/RelationNotFoundException::make(Object(App/Models/Cart), 'items')
#1 C:/Users/admin/Desktop/flutter/ecommerce_java/lib/ecommerce-project/vendor/laravel/framework/src/Illuminate/Database/Eloquent/Relations/Relation.php(110): Illuminate/Database/Eloquent/Builder->Illuminate/Database/Eloquent/{closure}()
#2 C:/Users/admin/Desktop/flutter/ecommerce_java/lib/ecommerce-project/vendor/laravel/framework/src/Illuminate/Database/Eloquent/Builder.php(802): Illuminate/Database/Eloquent/Relations/Relation::noConstraints(Object(Closure))
#3 C:/Users/admin/Desktop/flutter/ecommerce_java/lib/ecommerce-project/vendor/laravel/framework/src/Illuminate/Database/Eloquent/Builder.php(776): Illuminate/Database/Eloquent/Builder->getRelation('items')
#4 C:/Users/admin/Desktop/flutter/ecommerce_java/lib/ecommerce-project/vendor/laravel/framework/src/Illuminate/Database/Eloquent/Builder.php(756): Illuminate/Database/Eloquent/Builder->eagerLoadRelation(Array, 'items', Object(Closure))
#5 C:/Users/admin/Desktop/flutter/ecommerce_java/lib/ecommerce-project/vendor/laravel/framework/src/Illuminate/Database/Eloquent/Builder.php(724): Illuminate/Database/Eloquent/Builder->eagerLoadRelations(Array)
#6 C:/Users/admin/Desktop/flutter/ecommerce_java/lib/ecommerce-project/vendor/laravel/framework/src/Illuminate/Database/Concerns/BuildsQueries.php(333): Illuminate/Database/Eloquent/Builder->get(Array)
#7 C:/Users/admin/Desktop/flutter/ecommerce_java/lib/ecommerce-project/app/Http/Controllers/Api/CartController.php(17): Illuminate/Database/Eloquent/Builder->first()
#8 C:/Users/admin/Desktop/flutter/ecommerce_java/lib/ecommerce-project/vendor/laravel/framework/src/Illuminate/Routing/Controller.php(54): App/Http/Controllers/Api/CartController->index()
#9 C:/Users/admin/Desktop/flutter/ecommerce_java/lib/ecommerce-project/vendor/laravel/framework/src/Illuminate/Routing/ControllerDispatcher.php(43): Illuminate/Routing/Controller->callAction('index', Array)
#10 C:/Users/admin/Desktop/flutter/ecommerce_java/lib/ecommerce-project/vendor/laravel/framework/src/Illuminate/Routing/Route.php(259): Illuminate/Routing/ControllerDispatcher->dispatch(Object(Illuminate/Routing/Route), Object(App/Http/Controllers/Api/CartController), 'index')
#11 C:/Users/admin/Desktop/flutter/ecommerce_java/lib/ecommerce-project/vendor/laravel/framework/src/Illuminate/Routing/Route.php(205): Illuminate/Routing/Route->runController()
#12 C:/Users/admin/Desktop/flutter/ecommerce_java/lib/ecommerce-project/vendor/laravel/framework/src/Illuminate/Routing/Router.php(806): Illuminate/Routing/Route->run()
#13 C:/Users/admin/Desktop/flutter/ecommerce_java/lib/ecommerce-project/vendor/laravel/framework/src/Illuminate/Pipeline/Pipeline.php(144): Illuminate/Routing/Router->Illuminate/Routing/{closure}(Object(Illuminate/Http/Request))
#14 C:/Users/admin/Desktop/flutter/ecommerce_java/lib/ecommerce-project/vendor/laravel/framework/src/Illuminate/Routing/Middleware/SubstituteBindings.php(50): Illuminate/Pipeline/Pipeline->Illuminate/Pipeline/{closure}(Object(Illuminate/Http/Request))
#15 C:/Users/admin/Desktop/flutter/ecommerce_java/lib/ecommerce-project/vendor/laravel/framework/src/Illuminate/Pipeline/Pipeline.php(183): Illuminate/Routing/Middleware/SubstituteBindings->handle(Object(Illuminate/Http/Request), Object(Closure))
#16 C:/Users/admin/Desktop/flutter/ecommerce_java/lib/ecommerce-project/vendor/laravel/framework/src/Illuminate/Routing/Middleware/ThrottleRequests.php(159): Illuminate/Pipeline/Pipeline->Illuminate/Pipeline/{closure}(Object(Illuminate/Http/Request))
#17 C:/Users/admin/Desktop/flutter/ecommerce_java/lib/ecommerce-project/vendor/laravel/framework/src/Illuminate/Routing/Middleware/ThrottleRequests.php(125): Illuminate/Routing/Middleware/ThrottleRequests->handleRequest(Object(Illuminate/Http/Request), Object(Closure), Array)
#18 C:/Users/admin/Desktop/flutter/ecommerce_java/lib/ecommerce-project/vendor/laravel/framework/src/Illuminate/Routing/Middleware/ThrottleRequests.php(87): Illuminate/Routing/Middleware/ThrottleRequests->handleRequestUsingNamedLimiter(Object(Illuminate/Http/Request), Object(Closure), 'api', Object(Closure))
#19 C:/Users/admin/Desktop/flutter/ecommerce_java/lib/ecommerce-project/vendor/laravel/framework/src/Illuminate/Pipeline/Pipeline.php(183): Illuminate/Routing/Middleware/ThrottleRequests->handle(Object(Illuminate/Http/Request), Object(Closure), 'api')
#20 C:/Users/admin/Desktop/flutter/ecommerce_java/lib/ecommerce-project/vendor/laravel/framework/src/Illuminate/Auth/Middleware/Authenticate.php(57): Illuminate/Pipeline/Pipeline->Illuminate/Pipeline/{closure}(Object(Illuminate/Http/Request))
#21 C:/Users/admin/Desktop/flutter/ecommerce_java/lib/ecommerce-project/vendor/laravel/framework/src/Illuminate/Pipeline/Pipeline.php(183): Illuminate/Auth/Middleware/Authenticate->handle(Object(Illuminate/Http/Request), Object(Closure), 'sanctum')
#22 C:/Users/admin/Desktop/flutter/ecommerce_java/lib/ecommerce-project/vendor/laravel/framework/src/Illuminate/Pipeline/Pipeline.php(119): Illuminate/Pipeline/Pipeline->Illuminate/Pipeline/{closure}(Object(Illuminate/Http/Request))
#23 C:/Users/admin/Desktop/flutter/ecommerce_java/lib/ecommerce-project/vendor/laravel/framework/src/Illuminate/Routing/Router.php(805): Illuminate/Pipeline/Pipeline->then(Object(Closure))
#24 C:/Users/admin/Desktop/flutter/ecommerce_java/lib/ecommerce-project/vendor/laravel/framework/src/Illuminate/Routing/Router.php(784): Illuminate/Routing/Router->runRouteWithinStack(Object(Illuminate/Routing/Route), Object(Illuminate/Http/Request))
#25 C:/Users/admin/Desktop/flutter/ecommerce_java/lib/ecommerce-project/vendor/laravel/framework/src/Illuminate/Routing/Router.php(748): Illuminate/Routing/Router->runRoute(Object(Illuminate/Http/Request), Object(Illuminate/Routing/Route))
#26 C:/Users/admin/Desktop/flutter/ecommerce_java/lib/ecommerce-project/vendor/laravel/framework/src/Illuminate/Routing/Router.php(737): Illuminate/Routing/Router->dispatchToRoute(Object(Illuminate/Http/Request))
#27 C:/Users/admin/Desktop/flutter/ecommerce_java/lib/ecommerce-project/vendor/laravel/framework/src/Illuminate/Foundation/Http/Kernel.php(200): Illuminate/Routing/Router->dispatch(Object(Illuminate/Http/Request))
#28 C:/Users/admin/Desktop/flutter/ecommerce_java/lib/ecommerce-project/vendor/laravel/framework/src/Illuminate/Pipeline/Pipeline.php(144): Illuminate/Foundation/Http/Kernel->Illuminate/Foundation/Http/{closure}(Object(Illuminate/Http/Request))
#29 C:/Users/admin/Desktop/flutter/ecommerce_java/lib/ecommerce-project/vendor/laravel/framework/src/Illuminate/Foundation/Http/Middleware/TransformsRequest.php(21): Illuminate/Pipeline/Pipeline->Illuminate/Pipeline/{closure}(Object(Illuminate/Http/Request))
#30 C:/Users/admin/Desktop/flutter/ecommerce_java/lib/ecommerce-project/vendor/laravel/framework/src/Illuminate/Foundation/Http/Middleware/ConvertEmptyStringsToNull.php(31): Illuminate/Foundation/Http/Middleware/TransformsRequest->handle(Object(Illuminate/Http/Request), Object(Closure))
#31 C:/Users/admin/Desktop/flutter/ecommerce_java/lib/ecommerce-project/vendor/laravel/framework/src/Illuminate/Pipeline/Pipeline.php(183): Illuminate/Foundation/Http/Middleware/ConvertEmptyStringsToNull->handle(Object(Illuminate/Http/Request), Object(Closure))
#32 C:/Users/admin/Desktop/flutter/ecommerce_java/lib/ecommerce-project/vendor/laravel/framework/src/Illuminate/Foundation/Http/Middleware/TransformsRequest.php(21): Illuminate/Pipeline/Pipeline->Illuminate/Pipeline/{closure}(Object(Illuminate/Http/Request))
#33 C:/Users/admin/Desktop/flutter/ecommerce_java/lib/ecommerce-project/vendor/laravel/framework/src/Illuminate/Foundation/Http/Middleware/TrimStrings.php(40): Illuminate/Foundation/Http/Middleware/TransformsRequest->handle(Object(Illuminate/Http/Request), Object(Closure))
#34 C:/Users/admin/Desktop/flutter/ecommerce_java/lib/ecommerce-project/vendor/laravel/framework/src/Illuminate/Pipeline/Pipeline.php(183): Illuminate/Foundation/Http/Middleware/TrimStrings->handle(Object(Illuminate/Http/Request), Object(Closure))
#35 C:/Users/admin/Desktop/flutter/ecommerce_java/lib/ecommerce-project/vendor/laravel/framework/src/Illuminate/Foundation/Http/Middleware/ValidatePostSize.php(27): Illuminate/Pipeline/Pipeline->Illuminate/Pipeline/{closure}(Object(Illuminate/Http/Request))
#36 C:/Users/admin/Desktop/flutter/ecommerce_java/lib/ecommerce-project/vendor/laravel/framework/src/Illuminate/Pipeline/Pipeline.php(183): Illuminate/Foundation/Http/Middleware/ValidatePostSize->handle(Object(Illuminate/Http/Request), Object(Closure))
#37 C:/Users/admin/Desktop/flutter/ecommerce_java/lib/ecommerce-project/vendor/laravel/framework/src/Illuminate/Foundation/Http/Middleware/PreventRequestsDuringMaintenance.php(99): Illuminate/Pipeline/Pipeline->Illuminate/Pipeline/{closure}(Object(Illuminate/Http/Request))
#38 C:/Users/admin/Desktop/flutter/ecommerce_java/lib/ecommerce-project/vendor/laravel/framework/src/Illuminate/Pipeline/Pipeline.php(183): Illuminate/Foundation/Http/Middleware/PreventRequestsDuringMaintenance->handle(Object(Illuminate/Http/Request), Object(Closure))
#39 C:/Users/admin/Desktop/flutter/ecommerce_java/lib/ecommerce-project/vendor/laravel/framework/src/Illuminate/Http/Middleware/HandleCors.php(62): Illuminate/Pipeline/Pipeline->Illuminate/Pipeline/{closure}(Object(Illuminate/Http/Request))
#40 C:/Users/admin/Desktop/flutter/ecommerce_java/lib/ecommerce-project/vendor/laravel/framework/src/Illuminate/Pipeline/Pipeline.php(183): Illuminate/Http/Middleware/HandleCors->handle(Object(Illuminate/Http/Request), Object(Closure))
#41 C:/Users/admin/Desktop/flutter/ecommerce_java/lib/ecommerce-project/vendor/laravel/framework/src/Illuminate/Http/Middleware/TrustProxies.php(39): Illuminate/Pipeline/Pipeline->Illuminate/Pipeline/{closure}(Object(Illuminate/Http/Request))
#42 C:/Users/admin/Desktop/flutter/ecommerce_java/lib/ecommerce-project/vendor/laravel/framework/src/Illuminate/Pipeline/Pipeline.php(183): Illuminate/Http/Middleware/TrustProxies->handle(Object(Illuminate/Http/Request), Object(Closure))
#43 C:/Users/admin/Desktop/flutter/ecommerce_java/lib/ecommerce-project/vendor/laravel/framework/src/Illuminate/Pipeline/Pipeline.php(119): Illuminate/Pipeline/Pipeline->Illuminate/Pipeline/{closure}(Object(Illuminate/Http/Request))
#44 C:/Users/admin/Desktop/flutter/ecommerce_java/lib/ecommerce-project/vendor/laravel/framework/src/Illuminate/Foundation/Http/Kernel.php(175): Illuminate/Pipeline/Pipeline->then(Object(Closure))
#45 C:/Users/admin/Desktop/flutter/ecommerce_java/lib/ecommerce-project/vendor/laravel/framework/src/Illuminate/Foundation/Http/Kernel.php(144): Illuminate/Foundation/Http/Kernel->sendRequestThroughRouter(Object(Illuminate/Http/Request))
#46 C:/Users/admin/Desktop/flutter/ecommerce_java/lib/ecommerce-project/public/index.php(51): Illuminate/Foundation/Http/Kernel->handle(Object(Illuminate/Http/Request))
#47 C:/Users/admin/Desktop/flutter/ecommerce_java/lib/ecommerce-project/vendor/laravel/framework/src/Illuminate/Foundation/resources/server.php(16): require_once('C://Users//admin//...')
#48 {main}
"} 
[2026-07-07 06:00:58] local.ERROR: Target class [OrderController] does not exist. {"userId":9,"exception":"[object] (Illuminate\\Contracts\\Container\\BindingResolutionException(code: 0): Target class [OrderController] does not exist. at C:/Users/admin/Desktop/flutter/ecommerce_java/lib/ecommerce-project/vendor/laravel/framework/src/Illuminate/Container/Container.php:914)
[stacktrace]
#0 C:/Users/admin/Desktop/flutter/ecommerce_java/lib/ecommerce-project/vendor/laravel/framework/src/Illuminate/Container/Container.php(795): Illuminate/Container/Container->build('OrderController')
#1 C:/Users/admin/Desktop/flutter/ecommerce_java/lib/ecommerce-project/vendor/laravel/framework/src/Illuminate/Foundation/Application.php(986): Illuminate/Container/Container->resolve('OrderController', Array, true)
#2 C:/Users/admin/Desktop/flutter/ecommerce_java/lib/ecommerce-project/vendor/laravel/framework/src/Illuminate/Container/Container.php(731): Illuminate/Foundation/Application->resolve('OrderController', Array)
#3 C:/Users/admin/Desktop/flutter/ecommerce_java/lib/ecommerce-project/vendor/laravel/framework/src/Illuminate/Foundation/Application.php(971): Illuminate/Container/Container->make('OrderController', Array)
#4 C:/Users/admin/Desktop/flutter/ecommerce_java/lib/ecommerce-project/vendor/laravel/framework/src/Illuminate/Routing/Route.php(278): Illuminate/Foundation/Application->make('OrderController')
#5 C:/Users/admin/Desktop/flutter/ecommerce_java/lib/ecommerce-project/vendor/laravel/framework/src/Illuminate/Routing/Route.php(260): Illuminate/Routing/Route->getController()
#6 C:/Users/admin/Desktop/flutter/ecommerce_java/lib/ecommerce-project/vendor/laravel/framework/src/Illuminate/Routing/Route.php(205): Illuminate/Routing/Route->runController()
#7 C:/Users/admin/Desktop/flutter/ecommerce_java/lib/ecommerce-project/vendor/laravel/framework/src/Illuminate/Routing/Router.php(806): Illuminate/Routing/Route->run()
#8 C:/Users/admin/Desktop/flutter/ecommerce_java/lib/ecommerce-project/vendor/laravel/framework/src/Illuminate/Pipeline/Pipeline.php(144): Illuminate/Routing/Router->Illuminate/Routing/{closure}(Object(Illuminate/Http/Request))
#9 C:/Users/admin/Desktop/flutter/ecommerce_java/lib/ecommerce-project/vendor/laravel/framework/src/Illuminate/Routing/Middleware/SubstituteBindings.php(50): Illuminate/Pipeline/Pipeline->Illuminate/Pipeline/{closure}(Object(Illuminate/Http/Request))
#10 C:/Users/admin/Desktop/flutter/ecommerce_java/lib/ecommerce-project/vendor/laravel/framework/src/Illuminate/Pipeline/Pipeline.php(183): Illuminate/Routing/Middleware/SubstituteBindings->handle(Object(Illuminate/Http/Request), Object(Closure))
#11 C:/Users/admin/Desktop/flutter/ecommerce_java/lib/ecommerce-project/vendor/laravel/framework/src/Illuminate/Routing/Middleware/ThrottleRequests.php(159): Illuminate/Pipeline/Pipeline->Illuminate/Pipeline/{closure}(Object(Illuminate/Http/Request))
#12 C:/Users/admin/Desktop/flutter/ecommerce_java/lib/ecommerce-project/vendor/laravel/framework/src/Illuminate/Routing/Middleware/ThrottleRequests.php(125): Illuminate/Routing/Middleware/ThrottleRequests->handleRequest(Object(Illuminate/Http/Request), Object(Closure), Array)
#13 C:/Users/admin/Desktop/flutter/ecommerce_java/lib/ecommerce-project/vendor/laravel/framework/src/Illuminate/Routing/Middleware/ThrottleRequests.php(87): Illuminate/Routing/Middleware/ThrottleRequests->handleRequestUsingNamedLimiter(Object(Illuminate/Http/Request), Object(Closure), 'api', Object(Closure))
#14 C:/Users/admin/Desktop/flutter/ecommerce_java/lib/ecommerce-project/vendor/laravel/framework/src/Illuminate/Pipeline/Pipeline.php(183): Illuminate/Routing/Middleware/ThrottleRequests->handle(Object(Illuminate/Http/Request), Object(Closure), 'api')
#15 C:/Users/admin/Desktop/flutter/ecommerce_java/lib/ecommerce-project/vendor/laravel/framework/src/Illuminate/Auth/Middleware/Authenticate.php(57): Illuminate/Pipeline/Pipeline->Illuminate/Pipeline/{closure}(Object(Illuminate/Http/Request))
#16 C:/Users/admin/Desktop/flutter/ecommerce_java/lib/ecommerce-project/vendor/laravel/framework/src/Illuminate/Pipeline/Pipeline.php(183): Illuminate/Auth/Middleware/Authenticate->handle(Object(Illuminate/Http/Request), Object(Closure), 'sanctum')
#17 C:/Users/admin/Desktop/flutter/ecommerce_java/lib/ecommerce-project/vendor/laravel/framework/src/Illuminate/Pipeline/Pipeline.php(119): Illuminate/Pipeline/Pipeline->Illuminate/Pipeline/{closure}(Object(Illuminate/Http/Request))
#18 C:/Users/admin/Desktop/flutter/ecommerce_java/lib/ecommerce-project/vendor/laravel/framework/src/Illuminate/Routing/Router.php(805): Illuminate/Pipeline/Pipeline->then(Object(Closure))
#19 C:/Users/admin/Desktop/flutter/ecommerce_java/lib/ecommerce-project/vendor/laravel/framework/src/Illuminate/Routing/Router.php(784): Illuminate/Routing/Router->runRouteWithinStack(Object(Illuminate/Routing/Route), Object(Illuminate/Http/Request))
#20 C:/Users/admin/Desktop/flutter/ecommerce_java/lib/ecommerce-project/vendor/laravel/framework/src/Illuminate/Routing/Router.php(748): Illuminate/Routing/Router->runRoute(Object(Illuminate/Http/Request), Object(Illuminate/Routing/Route))
#21 C:/Users/admin/Desktop/flutter/ecommerce_java/lib/ecommerce-project/vendor/laravel/framework/src/Illuminate/Routing/Router.php(737): Illuminate/Routing/Router->dispatchToRoute(Object(Illuminate/Http/Request))
#22 C:/Users/admin/Desktop/flutter/ecommerce_java/lib/ecommerce-project/vendor/laravel/framework/src/Illuminate/Foundation/Http/Kernel.php(200): Illuminate/Routing/Router->dispatch(Object(Illuminate/Http/Request))
#23 C:/Users/admin/Desktop/flutter/ecommerce_java/lib/ecommerce-project/vendor/laravel/framework/src/Illuminate/Pipeline/Pipeline.php(144): Illuminate/Foundation/Http/Kernel->Illuminate/Foundation/Http/{closure}(Object(Illuminate/Http/Request))
#24 C:/Users/admin/Desktop/flutter/ecommerce_java/lib/ecommerce-project/vendor/laravel/framework/src/Illuminate/Foundation/Http/Middleware/TransformsRequest.php(21): Illuminate/Pipeline/Pipeline->Illuminate/Pipeline/{closure}(Object(Illuminate/Http/Request))
#25 C:/Users/admin/Desktop/flutter/ecommerce_java/lib/ecommerce-project/vendor/laravel/framework/src/Illuminate/Foundation/Http/Middleware/ConvertEmptyStringsToNull.php(31): Illuminate/Foundation/Http/Middleware/TransformsRequest->handle(Object(Illuminate/Http/Request), Object(Closure))
#26 C:/Users/admin/Desktop/flutter/ecommerce_java/lib/ecommerce-project/vendor/laravel/framework/src/Illuminate/Pipeline/Pipeline.php(183): Illuminate/Foundation/Http/Middleware/ConvertEmptyStringsToNull->handle(Object(Illuminate/Http/Request), Object(Closure))
#27 C:/Users/admin/Desktop/flutter/ecommerce_java/lib/ecommerce-project/vendor/laravel/framework/src/Illuminate/Foundation/Http/Middleware/TransformsRequest.php(21): Illuminate/Pipeline/Pipeline->Illuminate/Pipeline/{closure}(Object(Illuminate/Http/Request))
#28 C:/Users/admin/Desktop/flutter/ecommerce_java/lib/ecommerce-project/vendor/laravel/framework/src/Illuminate/Foundation/Http/Middleware/TrimStrings.php(40): Illuminate/Foundation/Http/Middleware/TransformsRequest->handle(Object(Illuminate/Http/Request), Object(Closure))
#29 C:/Users/admin/Desktop/flutter/ecommerce_java/lib/ecommerce-project/vendor/laravel/framework/src/Illuminate/Pipeline/Pipeline.php(183): Illuminate/Foundation/Http/Middleware/TrimStrings->handle(Object(Illuminate/Http/Request), Object(Closure))
#30 C:/Users/admin/Desktop/flutter/ecommerce_java/lib/ecommerce-project/vendor/laravel/framework/src/Illuminate/Foundation/Http/Middleware/ValidatePostSize.php(27): Illuminate/Pipeline/Pipeline->Illuminate/Pipeline/{closure}(Object(Illuminate/Http/Request))
#31 C:/Users/admin/Desktop/flutter/ecommerce_java/lib/ecommerce-project/vendor/laravel/framework/src/Illuminate/Pipeline/Pipeline.php(183): Illuminate/Foundation/Http/Middleware/ValidatePostSize->handle(Object(Illuminate/Http/Request), Object(Closure))
#32 C:/Users/admin/Desktop/flutter/ecommerce_java/lib/ecommerce-project/vendor/laravel/framework/src/Illuminate/Foundation/Http/Middleware/PreventRequestsDuringMaintenance.php(99): Illuminate/Pipeline/Pipeline->Illuminate/Pipeline/{closure}(Object(Illuminate/Http/Request))
#33 C:/Users/admin/Desktop/flutter/ecommerce_java/lib/ecommerce-project/vendor/laravel/framework/src/Illuminate/Pipeline/Pipeline.php(183): Illuminate/Foundation/Http/Middleware/PreventRequestsDuringMaintenance->handle(Object(Illuminate/Http/Request), Object(Closure))
#34 C:/Users/admin/Desktop/flutter/ecommerce_java/lib/ecommerce-project/vendor/laravel/framework/src/Illuminate/Http/Middleware/HandleCors.php(62): Illuminate/Pipeline/Pipeline->Illuminate/Pipeline/{closure}(Object(Illuminate/Http/Request))
#35 C:/Users/admin/Desktop/flutter/ecommerce_java/lib/ecommerce-project/vendor/laravel/framework/src/Illuminate/Pipeline/Pipeline.php(183): Illuminate/Http/Middleware/HandleCors->handle(Object(Illuminate/Http/Request), Object(Closure))
#36 C:/Users/admin/Desktop/flutter/ecommerce_java/lib/ecommerce-project/vendor/laravel/framework/src/Illuminate/Http/Middleware/TrustProxies.php(39): Illuminate/Pipeline/Pipeline->Illuminate/Pipeline/{closure}(Object(Illuminate/Http/Request))
#37 C:/Users/admin/Desktop/flutter/ecommerce_java/lib/ecommerce-project/vendor/laravel/framework/src/Illuminate/Pipeline/Pipeline.php(183): Illuminate/Http/Middleware/TrustProxies->handle(Object(Illuminate/Http/Request), Object(Closure))
#38 C:/Users/admin/Desktop/flutter/ecommerce_java/lib/ecommerce-project/vendor/laravel/framework/src/Illuminate/Pipeline/Pipeline.php(119): Illuminate/Pipeline/Pipeline->Illuminate/Pipeline/{closure}(Object(Illuminate/Http/Request))
#39 C:/Users/admin/Desktop/flutter/ecommerce_java/lib/ecommerce-project/vendor/laravel/framework/src/Illuminate/Foundation/Http/Kernel.php(175): Illuminate/Pipeline/Pipeline->then(Object(Closure))
#40 C:/Users/admin/Desktop/flutter/ecommerce_java/lib/ecommerce-project/vendor/laravel/framework/src/Illuminate/Foundation/Http/Kernel.php(144): Illuminate/Foundation/Http/Kernel->sendRequestThroughRouter(Object(Illuminate/Http/Request))
#41 C:/Users/admin/Desktop/flutter/ecommerce_java/lib/ecommerce-project/public/index.php(51): Illuminate/Foundation/Http/Kernel->handle(Object(Illuminate/Http/Request))
#42 C:/Users/admin/Desktop/flutter/ecommerce_java/lib/ecommerce-project/vendor/laravel/framework/src/Illuminate/Foundation/resources/server.php(16): require_once('C://Users//admin//...')
#43 {main}

[previous exception] [object] (ReflectionException(code: -1): Class \"OrderController\" does not exist at C:/Users/admin/Desktop/flutter/ecommerce_java/lib/ecommerce-project/vendor/laravel/framework/src/Illuminate/Container/Container.php:912)
[stacktrace]
#0 C:/Users/admin/Desktop/flutter/ecommerce_java/lib/ecommerce-project/vendor/laravel/framework/src/Illuminate/Container/Container.php(912): ReflectionClass->__construct('OrderController')
#1 C:/Users/admin/Desktop/flutter/ecommerce_java/lib/ecommerce-project/vendor/laravel/framework/src/Illuminate/Container/Container.php(795): Illuminate/Container/Container->build('OrderController')
#2 C:/Users/admin/Desktop/flutter/ecommerce_java/lib/ecommerce-project/vendor/laravel/framework/src/Illuminate/Foundation/Application.php(986): Illuminate/Container/Container->resolve('OrderController', Array, true)
#3 C:/Users/admin/Desktop/flutter/ecommerce_java/lib/ecommerce-project/vendor/laravel/framework/src/Illuminate/Container/Container.php(731): Illuminate/Foundation/Application->resolve('OrderController', Array)
#4 C:/Users/admin/Desktop/flutter/ecommerce_java/lib/ecommerce-project/vendor/laravel/framework/src/Illuminate/Foundation/Application.php(971): Illuminate/Container/Container->make('OrderController', Array)
#5 C:/Users/admin/Desktop/flutter/ecommerce_java/lib/ecommerce-project/vendor/laravel/framework/src/Illuminate/Routing/Route.php(278): Illuminate/Foundation/Application->make('OrderController')
#6 C:/Users/admin/Desktop/flutter/ecommerce_java/lib/ecommerce-project/vendor/laravel/framework/src/Illuminate/Routing/Route.php(260): Illuminate/Routing/Route->getController()
#7 C:/Users/admin/Desktop/flutter/ecommerce_java/lib/ecommerce-project/vendor/laravel/framework/src/Illuminate/Routing/Route.php(205): Illuminate/Routing/Route->runController()
#8 C:/Users/admin/Desktop/flutter/ecommerce_java/lib/ecommerce-project/vendor/laravel/framework/src/Illuminate/Routing/Router.php(806): Illuminate/Routing/Route->run()
#9 C:/Users/admin/Desktop/flutter/ecommerce_java/lib/ecommerce-project/vendor/laravel/framework/src/Illuminate/Pipeline/Pipeline.php(144): Illuminate/Routing/Router->Illuminate/Routing/{closure}(Object(Illuminate/Http/Request))
#10 C:/Users/admin/Desktop/flutter/ecommerce_java/lib/ecommerce-project/vendor/laravel/framework/src/Illuminate/Routing/Middleware/SubstituteBindings.php(50): Illuminate/Pipeline/Pipeline->Illuminate/Pipeline/{closure}(Object(Illuminate/Http/Request))
#11 C:/Users/admin/Desktop/flutter/ecommerce_java/lib/ecommerce-project/vendor/laravel/framework/src/Illuminate/Pipeline/Pipeline.php(183): Illuminate/Routing/Middleware/SubstituteBindings->handle(Object(Illuminate/Http/Request), Object(Closure))
#12 C:/Users/admin/Desktop/flutter/ecommerce_java/lib/ecommerce-project/vendor/laravel/framework/src/Illuminate/Routing/Middleware/ThrottleRequests.php(159): Illuminate/Pipeline/Pipeline->Illuminate/Pipeline/{closure}(Object(Illuminate/Http/Request))
#13 C:/Users/admin/Desktop/flutter/ecommerce_java/lib/ecommerce-project/vendor/laravel/framework/src/Illuminate/Routing/Middleware/ThrottleRequests.php(125): Illuminate/Routing/Middleware/ThrottleRequests->handleRequest(Object(Illuminate/Http/Request), Object(Closure), Array)
#14 C:/Users/admin/Desktop/flutter/ecommerce_java/lib/ecommerce-project/vendor/laravel/framework/src/Illuminate/Routing/Middleware/ThrottleRequests.php(87): Illuminate/Routing/Middleware/ThrottleRequests->handleRequestUsingNamedLimiter(Object(Illuminate/Http/Request), Object(Closure), 'api', Object(Closure))
#15 C:/Users/admin/Desktop/flutter/ecommerce_java/lib/ecommerce-project/vendor/laravel/framework/src/Illuminate/Pipeline/Pipeline.php(183): Illuminate/Routing/Middleware/ThrottleRequests->handle(Object(Illuminate/Http/Request), Object(Closure), 'api')
#16 C:/Users/admin/Desktop/flutter/ecommerce_java/lib/ecommerce-project/vendor/laravel/framework/src/Illuminate/Auth/Middleware/Authenticate.php(57): Illuminate/Pipeline/Pipeline->Illuminate/Pipeline/{closure}(Object(Illuminate/Http/Request))
#17 C:/Users/admin/Desktop/flutter/ecommerce_java/lib/ecommerce-project/vendor/laravel/framework/src/Illuminate/Pipeline/Pipeline.php(183): Illuminate/Auth/Middleware/Authenticate->handle(Object(Illuminate/Http/Request), Object(Closure), 'sanctum')
#18 C:/Users/admin/Desktop/flutter/ecommerce_java/lib/ecommerce-project/vendor/laravel/framework/src/Illuminate/Pipeline/Pipeline.php(119): Illuminate/Pipeline/Pipeline->Illuminate/Pipeline/{closure}(Object(Illuminate/Http/Request))
#19 C:/Users/admin/Desktop/flutter/ecommerce_java/lib/ecommerce-project/vendor/laravel/framework/src/Illuminate/Routing/Router.php(805): Illuminate/Pipeline/Pipeline->then(Object(Closure))
#20 C:/Users/admin/Desktop/flutter/ecommerce_java/lib/ecommerce-project/vendor/laravel/framework/src/Illuminate/Routing/Router.php(784): Illuminate/Routing/Router->runRouteWithinStack(Object(Illuminate/Routing/Route), Object(Illuminate/Http/Request))
#21 C:/Users/admin/Desktop/flutter/ecommerce_java/lib/ecommerce-project/vendor/laravel/framework/src/Illuminate/Routing/Router.php(748): Illuminate/Routing/Router->runRoute(Object(Illuminate/Http/Request), Object(Illuminate/Routing/Route))
#22 C:/Users/admin/Desktop/flutter/ecommerce_java/lib/ecommerce-project/vendor/laravel/framework/src/Illuminate/Routing/Router.php(737): Illuminate/Routing/Router->dispatchToRoute(Object(Illuminate/Http/Request))
#23 C:/Users/admin/Desktop/flutter/ecommerce_java/lib/ecommerce-project/vendor/laravel/framework/src/Illuminate/Foundation/Http/Kernel.php(200): Illuminate/Routing/Router->dispatch(Object(Illuminate/Http/Request))
#24 C:/Users/admin/Desktop/flutter/ecommerce_java/lib/ecommerce-project/vendor/laravel/framework/src/Illuminate/Pipeline/Pipeline.php(144): Illuminate/Foundation/Http/Kernel->Illuminate/Foundation/Http/{closure}(Object(Illuminate/Http/Request))
#25 C:/Users/admin/Desktop/flutter/ecommerce_java/lib/ecommerce-project/vendor/laravel/framework/src/Illuminate/Foundation/Http/Middleware/TransformsRequest.php(21): Illuminate/Pipeline/Pipeline->Illuminate/Pipeline/{closure}(Object(Illuminate/Http/Request))
#26 C:/Users/admin/Desktop/flutter/ecommerce_java/lib/ecommerce-project/vendor/laravel/framework/src/Illuminate/Foundation/Http/Middleware/ConvertEmptyStringsToNull.php(31): Illuminate/Foundation/Http/Middleware/TransformsRequest->handle(Object(Illuminate/Http/Request), Object(Closure))
#27 C:/Users/admin/Desktop/flutter/ecommerce_java/lib/ecommerce-project/vendor/laravel/framework/src/Illuminate/Pipeline/Pipeline.php(183): Illuminate/Foundation/Http/Middleware/ConvertEmptyStringsToNull->handle(Object(Illuminate/Http/Request), Object(Closure))
#28 C:/Users/admin/Desktop/flutter/ecommerce_java/lib/ecommerce-project/vendor/laravel/framework/src/Illuminate/Foundation/Http/Middleware/TransformsRequest.php(21): Illuminate/Pipeline/Pipeline->Illuminate/Pipeline/{closure}(Object(Illuminate/Http/Request))
#29 C:/Users/admin/Desktop/flutter/ecommerce_java/lib/ecommerce-project/vendor/laravel/framework/src/Illuminate/Foundation/Http/Middleware/TrimStrings.php(40): Illuminate/Foundation/Http/Middleware/TransformsRequest->handle(Object(Illuminate/Http/Request), Object(Closure))
#30 C:/Users/admin/Desktop/flutter/ecommerce_java/lib/ecommerce-project/vendor/laravel/framework/src/Illuminate/Pipeline/Pipeline.php(183): Illuminate/Foundation/Http/Middleware/TrimStrings->handle(Object(Illuminate/Http/Request), Object(Closure))
#31 C:/Users/admin/Desktop/flutter/ecommerce_java/lib/ecommerce-project/vendor/laravel/framework/src/Illuminate/Foundation/Http/Middleware/ValidatePostSize.php(27): Illuminate/Pipeline/Pipeline->Illuminate/Pipeline/{closure}(Object(Illuminate/Http/Request))
#32 C:/Users/admin/Desktop/flutter/ecommerce_java/lib/ecommerce-project/vendor/laravel/framework/src/Illuminate/Pipeline/Pipeline.php(183): Illuminate/Foundation/Http/Middleware/ValidatePostSize->handle(Object(Illuminate/Http/Request), Object(Closure))
#33 C:/Users/admin/Desktop/flutter/ecommerce_java/lib/ecommerce-project/vendor/laravel/framework/src/Illuminate/Foundation/Http/Middleware/PreventRequestsDuringMaintenance.php(99): Illuminate/Pipeline/Pipeline->Illuminate/Pipeline/{closure}(Object(Illuminate/Http/Request))
#34 C:/Users/admin/Desktop/flutter/ecommerce_java/lib/ecommerce-project/vendor/laravel/framework/src/Illuminate/Pipeline/Pipeline.php(183): Illuminate/Foundation/Http/Middleware/PreventRequestsDuringMaintenance->handle(Object(Illuminate/Http/Request), Object(Closure))
#35 C:/Users/admin/Desktop/flutter/ecommerce_java/lib/ecommerce-project/vendor/laravel/framework/src/Illuminate/Http/Middleware/HandleCors.php(62): Illuminate/Pipeline/Pipeline->Illuminate/Pipeline/{closure}(Object(Illuminate/Http/Request))
#36 C:/Users/admin/Desktop/flutter/ecommerce_java/lib/ecommerce-project/vendor/laravel/framework/src/Illuminate/Pipeline/Pipeline.php(183): Illuminate/Http/Middleware/HandleCors->handle(Object(Illuminate/Http/Request), Object(Closure))
#37 C:/Users/admin/Desktop/flutter/ecommerce_java/lib/ecommerce-project/vendor/laravel/framework/src/Illuminate/Http/Middleware/TrustProxies.php(39): Illuminate/Pipeline/Pipeline->Illuminate/Pipeline/{closure}(Object(Illuminate/Http/Request))
#38 C:/Users/admin/Desktop/flutter/ecommerce_java/lib/ecommerce-project/vendor/laravel/framework/src/Illuminate/Pipeline/Pipeline.php(183): Illuminate/Http/Middleware/TrustProxies->handle(Object(Illuminate/Http/Request), Object(Closure))
#39 C:/Users/admin/Desktop/flutter/ecommerce_java/lib/ecommerce-project/vendor/laravel/framework/src/Illuminate/Pipeline/Pipeline.php(119): Illuminate/Pipeline/Pipeline->Illuminate/Pipeline/{closure}(Object(Illuminate/Http/Request))
#40 C:/Users/admin/Desktop/flutter/ecommerce_java/lib/ecommerce-project/vendor/laravel/framework/src/Illuminate/Foundation/Http/Kernel.php(175): Illuminate/Pipeline/Pipeline->then(Object(Closure))
#41 C:/Users/admin/Desktop/flutter/ecommerce_java/lib/ecommerce-project/vendor/laravel/framework/src/Illuminate/Foundation/Http/Kernel.php(144): Illuminate/Foundation/Http/Kernel->sendRequestThroughRouter(Object(Illuminate/Http/Request))
#42 C:/Users/admin/Desktop/flutter/ecommerce_java/lib/ecommerce-project/public/index.php(51): Illuminate/Foundation/Http/Kernel->handle(Object(Illuminate/Http/Request))
#43 C:/Users/admin/Desktop/flutter/ecommerce_java/lib/ecommerce-project/vendor/laravel/framework/src/Illuminate/Foundation/resources/server.php(16): require_once('C://Users//admin//...')
#44 {main}
"} 
[2026-07-07 06:08:26] local.ERROR: Cannot use App\Models\Order as Order because the name is already in use {"exception":"[object] (Symfony\\Component\\ErrorHandler\\Error\\FatalError(code: 0): Cannot use App\\Models\\Order as Order because the name is already in use at C:/Users/admin/Desktop/flutter/ecommerce_java/lib/ecommerce-project/app/Http/Controllers/Api/OrderController.php:10)
[stacktrace]
#0 {main}
"} 
[2026-07-07 06:23:50] local.ERROR: Cannot use App\Models\Order as Order because the name is already in use {"exception":"[object] (Symfony\\Component\\ErrorHandler\\Error\\FatalError(code: 0): Cannot use App\\Models\\Order as Order because the name is already in use at C:/Users/admin/Desktop/flutter/ecommerce_java/lib/ecommerce-project/app/Http/Controllers/Api/OrderController.php:10)
[stacktrace]
#0 {main}
"} 
[2026-07-07 06:24:34] local.ERROR: Cannot use App\Models\Order as Order because the name is already in use {"exception":"[object] (Symfony\\Component\\ErrorHandler\\Error\\FatalError(code: 0): Cannot use App\\Models\\Order as Order because the name is already in use at C:/Users/admin/Desktop/flutter/ecommerce_java/lib/ecommerce-project/app/Http/Controllers/Api/OrderController.php:10)
[stacktrace]
#0 {main}
"} 
[2026-07-08 14:11:48] local.ERROR: Cannot use App\Http\Controllers\Api\ProductController as ProductController because the name is already in use {"exception":"[object] (Symfony\\Component\\ErrorHandler\\Error\\FatalError(code: 0): Cannot use App\\Http\\Controllers\\Api\\ProductController as ProductController because the name is already in use at C:/Users/admin/Desktop/laravel/ecommerce-project/routes/api.php:11)
[stacktrace]
#0 {main}
"} 
[2026-07-08 14:26:57] local.ERROR: The "--seed[42" option does not exist. {"exception":"[object] (Symfony\\Component\\Console\\Exception\\RuntimeException(code: 0): The \"--seed[42\" option does not exist. at C:/Users/admin/Desktop/laravel/ecommerce-project/vendor/symfony/console/Input/ArgvInput.php:222)
[stacktrace]
#0 C:/Users/admin/Desktop/laravel/ecommerce-project/vendor/symfony/console/Input/ArgvInput.php(151): Symfony/Component/Console/Input/ArgvInput->addLongOption('seed[42', NULL)
#1 C:/Users/admin/Desktop/laravel/ecommerce-project/vendor/symfony/console/Input/ArgvInput.php(85): Symfony/Component/Console/Input/ArgvInput->parseLongOption('--seed[42')
#2 C:/Users/admin/Desktop/laravel/ecommerce-project/vendor/symfony/console/Input/ArgvInput.php(74): Symfony/Component/Console/Input/ArgvInput->parseToken('--seed[42', true)
#3 C:/Users/admin/Desktop/laravel/ecommerce-project/vendor/symfony/console/Input/Input.php(56): Symfony/Component/Console/Input/ArgvInput->parse()
#4 C:/Users/admin/Desktop/laravel/ecommerce-project/vendor/symfony/console/Command/Command.php(285): Symfony/Component/Console/Input/Input->bind(Object(Symfony/Component/Console/Input/InputDefinition))
#5 C:/Users/admin/Desktop/laravel/ecommerce-project/vendor/laravel/framework/src/Illuminate/Console/Command.php(180): Symfony/Component/Console/Command/Command->run(Object(Symfony/Component/Console/Input/ArgvInput), Object(Illuminate/Console/OutputStyle))
#6 C:/Users/admin/Desktop/laravel/ecommerce-project/vendor/symfony/console/Application.php(1121): Illuminate/Console/Command->run(Object(Symfony/Component/Console/Input/ArgvInput), Object(Symfony/Component/Console/Output/ConsoleOutput))
#7 C:/Users/admin/Desktop/laravel/ecommerce-project/vendor/symfony/console/Application.php(324): Symfony/Component/Console/Application->doRunCommand(Object(Illuminate/Database/Console/Migrations/FreshCommand), Object(Symfony/Component/Console/Input/ArgvInput), Object(Symfony/Component/Console/Output/ConsoleOutput))
#8 C:/Users/admin/Desktop/laravel/ecommerce-project/vendor/symfony/console/Application.php(175): Symfony/Component/Console/Application->doRun(Object(Symfony/Component/Console/Input/ArgvInput), Object(Symfony/Component/Console/Output/ConsoleOutput))
#9 C:/Users/admin/Desktop/laravel/ecommerce-project/vendor/laravel/framework/src/Illuminate/Foundation/Console/Kernel.php(201): Symfony/Component/Console/Application->run(Object(Symfony/Component/Console/Input/ArgvInput), Object(Symfony/Component/Console/Output/ConsoleOutput))
#10 C:/Users/admin/Desktop/laravel/ecommerce-project/artisan(35): Illuminate/Foundation/Console/Kernel->handle(Object(Symfony/Component/Console/Input/ArgvInput), Object(Symfony/Component/Console/Output/ConsoleOutput))
#11 {main}
"} 
[2026-07-08 14:27:06] local.ERROR: SQLSTATE[42S22]: Column not found: 1054 Unknown column 'name' in 'field list' (Connection: mysql, SQL: insert into `categories` (`name`, `description`, `image`, `updated_at`, `created_at`) values (Books, Tenetur est architecto cumque eveniet vel est quia atque., https://via.placeholder.com/640x480.png/009955?text=odio, 2026-07-08 14:27:06, 2026-07-08 14:27:06)) {"exception":"[object] (Illuminate\\Database\\QueryException(code: 42S22): SQLSTATE[42S22]: Column not found: 1054 Unknown column 'name' in 'field list' (Connection: mysql, SQL: insert into `categories` (`name`, `description`, `image`, `updated_at`, `created_at`) values (Books, Tenetur est architecto cumque eveniet vel est quia atque., https://via.placeholder.com/640x480.png/009955?text=odio, 2026-07-08 14:27:06, 2026-07-08 14:27:06)) at C:/Users/admin/Desktop/laravel/ecommerce-project/vendor/laravel/framework/src/Illuminate/Database/Connection.php:829)
[stacktrace]
#0 C:/Users/admin/Desktop/laravel/ecommerce-project/vendor/laravel/framework/src/Illuminate/Database/Connection.php(783): Illuminate/Database/Connection->runQueryCallback('insert into `ca...', Array, Object(Closure))
#1 C:/Users/admin/Desktop/laravel/ecommerce-project/vendor/laravel/framework/src/Illuminate/Database/MySqlConnection.php(34): Illuminate/Database/Connection->run('insert into `ca...', Array, Object(Closure))
#2 C:/Users/admin/Desktop/laravel/ecommerce-project/vendor/laravel/framework/src/Illuminate/Database/Query/Processors/MySqlProcessor.php(35): Illuminate/Database/MySqlConnection->insert('insert into `ca...', Array, 'id')
#3 C:/Users/admin/Desktop/laravel/ecommerce-project/vendor/laravel/framework/src/Illuminate/Database/Query/Builder.php(3549): Illuminate/Database/Query/Processors/MySqlProcessor->processInsertGetId(Object(Illuminate/Database/Query/Builder), 'insert into `ca...', Array, 'id')
#4 C:/Users/admin/Desktop/laravel/ecommerce-project/vendor/laravel/framework/src/Illuminate/Database/Eloquent/Builder.php(1982): Illuminate/Database/Query/Builder->insertGetId(Array, 'id')
#5 C:/Users/admin/Desktop/laravel/ecommerce-project/vendor/laravel/framework/src/Illuminate/Database/Eloquent/Model.php(1334): Illuminate/Database/Eloquent/Builder->__call('insertGetId', Array)
#6 C:/Users/admin/Desktop/laravel/ecommerce-project/vendor/laravel/framework/src/Illuminate/Database/Eloquent/Model.php(1299): Illuminate/Database/Eloquent/Model->insertAndSetId(Object(Illuminate/Database/Eloquent/Builder), Array)
#7 C:/Users/admin/Desktop/laravel/ecommerce-project/vendor/laravel/framework/src/Illuminate/Database/Eloquent/Model.php(1138): Illuminate/Database/Eloquent/Model->performInsert(Object(Illuminate/Database/Eloquent/Builder))
#8 C:/Users/admin/Desktop/laravel/ecommerce-project/vendor/laravel/framework/src/Illuminate/Database/Eloquent/Factories/Factory.php(338): Illuminate/Database/Eloquent/Model->save()
#9 C:/Users/admin/Desktop/laravel/ecommerce-project/vendor/laravel/framework/src/Illuminate/Collections/Traits/EnumeratesValues.php(240): Illuminate/Database/Eloquent/Factories/Factory->Illuminate/Database/Eloquent/Factories/{closure}(Object(App/Models/Category), 0)
#10 C:/Users/admin/Desktop/laravel/ecommerce-project/vendor/laravel/framework/src/Illuminate/Database/Eloquent/Factories/Factory.php(333): Illuminate/Support/Collection->each(Object(Closure))
#11 C:/Users/admin/Desktop/laravel/ecommerce-project/vendor/laravel/framework/src/Illuminate/Database/Eloquent/Factories/Factory.php(291): Illuminate/Database/Eloquent/Factories/Factory->store(Object(Illuminate/Database/Eloquent/Collection))
#12 C:/Users/admin/Desktop/laravel/ecommerce-project/database/seeders/CategorySeeder.php(15): Illuminate/Database/Eloquent/Factories/Factory->create()
#13 C:/Users/admin/Desktop/laravel/ecommerce-project/vendor/laravel/framework/src/Illuminate/Container/BoundMethod.php(36): Database/Seeders/CategorySeeder->run()
#14 C:/Users/admin/Desktop/laravel/ecommerce-project/vendor/laravel/framework/src/Illuminate/Container/Util.php(41): Illuminate/Container/BoundMethod::Illuminate/Container/{closure}()
#15 C:/Users/admin/Desktop/laravel/ecommerce-project/vendor/laravel/framework/src/Illuminate/Container/BoundMethod.php(93): Illuminate/Container/Util::unwrapIfClosure(Object(Closure))
#16 C:/Users/admin/Desktop/laravel/ecommerce-project/vendor/laravel/framework/src/Illuminate/Container/BoundMethod.php(35): Illuminate/Container/BoundMethod::callBoundMethod(Object(Illuminate/Foundation/Application), Array, Object(Closure))
#17 C:/Users/admin/Desktop/laravel/ecommerce-project/vendor/laravel/framework/src/Illuminate/Container/Container.php(662): Illuminate/Container/BoundMethod::call(Object(Illuminate/Foundation/Application), Array, Array, NULL)
#18 C:/Users/admin/Desktop/laravel/ecommerce-project/vendor/laravel/framework/src/Illuminate/Database/Seeder.php(184): Illuminate/Container/Container->call(Array, Array)
#19 C:/Users/admin/Desktop/laravel/ecommerce-project/vendor/laravel/framework/src/Illuminate/Database/Seeder.php(193): Illuminate/Database/Seeder->Illuminate/Database/{closure}()
#20 C:/Users/admin/Desktop/laravel/ecommerce-project/vendor/laravel/framework/src/Illuminate/Database/Seeder.php(61): Illuminate/Database/Seeder->__invoke(Array)
#21 C:/Users/admin/Desktop/laravel/ecommerce-project/database/seeders/DatabaseSeeder.php(13): Illuminate/Database/Seeder->call('Database//Seeder...')
#22 C:/Users/admin/Desktop/laravel/ecommerce-project/vendor/laravel/framework/src/Illuminate/Container/BoundMethod.php(36): Database/Seeders/DatabaseSeeder->run()
#23 C:/Users/admin/Desktop/laravel/ecommerce-project/vendor/laravel/framework/src/Illuminate/Container/Util.php(41): Illuminate/Container/BoundMethod::Illuminate/Container/{closure}()
#24 C:/Users/admin/Desktop/laravel/ecommerce-project/vendor/laravel/framework/src/Illuminate/Container/BoundMethod.php(93): Illuminate/Container/Util::unwrapIfClosure(Object(Closure))
#25 C:/Users/admin/Desktop/laravel/ecommerce-project/vendor/laravel/framework/src/Illuminate/Container/BoundMethod.php(35): Illuminate/Container/BoundMethod::callBoundMethod(Object(Illuminate/Foundation/Application), Array, Object(Closure))
#26 C:/Users/admin/Desktop/laravel/ecommerce-project/vendor/laravel/framework/src/Illuminate/Container/Container.php(662): Illuminate/Container/BoundMethod::call(Object(Illuminate/Foundation/Application), Array, Array, NULL)
#27 C:/Users/admin/Desktop/laravel/ecommerce-project/vendor/laravel/framework/src/Illuminate/Database/Seeder.php(184): Illuminate/Container/Container->call(Array, Array)
#28 C:/Users/admin/Desktop/laravel/ecommerce-project/vendor/laravel/framework/src/Illuminate/Database/Seeder.php(193): Illuminate/Database/Seeder->Illuminate/Database/{closure}()
#29 C:/Users/admin/Desktop/laravel/ecommerce-project/vendor/laravel/framework/src/Illuminate/Database/Console/Seeds/SeedCommand.php(70): Illuminate/Database/Seeder->__invoke()
#30 C:/Users/admin/Desktop/laravel/ecommerce-project/vendor/laravel/framework/src/Illuminate/Database/Eloquent/Concerns/GuardsAttributes.php(155): Illuminate/Database/Console/Seeds/SeedCommand->Illuminate/Database/Console/Seeds/{closure}()
#31 C:/Users/admin/Desktop/laravel/ecommerce-project/vendor/laravel/framework/src/Illuminate/Database/Console/Seeds/SeedCommand.php(69): Illuminate/Database/Eloquent/Model::unguarded(Object(Closure))
#32 C:/Users/admin/Desktop/laravel/ecommerce-project/vendor/laravel/framework/src/Illuminate/Container/BoundMethod.php(36): Illuminate/Database/Console/Seeds/SeedCommand->handle()
#33 C:/Users/admin/Desktop/laravel/ecommerce-project/vendor/laravel/framework/src/Illuminate/Container/Util.php(41): Illuminate/Container/BoundMethod::Illuminate/Container/{closure}()
#34 C:/Users/admin/Desktop/laravel/ecommerce-project/vendor/laravel/framework/src/Illuminate/Container/BoundMethod.php(93): Illuminate/Container/Util::unwrapIfClosure(Object(Closure))
#35 C:/Users/admin/Desktop/laravel/ecommerce-project/vendor/laravel/framework/src/Illuminate/Container/BoundMethod.php(35): Illuminate/Container/BoundMethod::callBoundMethod(Object(Illuminate/Foundation/Application), Array, Object(Closure))
#36 C:/Users/admin/Desktop/laravel/ecommerce-project/vendor/laravel/framework/src/Illuminate/Container/Container.php(662): Illuminate/Container/BoundMethod::call(Object(Illuminate/Foundation/Application), Array, Array, NULL)
#37 C:/Users/admin/Desktop/laravel/ecommerce-project/vendor/laravel/framework/src/Illuminate/Console/Command.php(211): Illuminate/Container/Container->call(Array)
#38 C:/Users/admin/Desktop/laravel/ecommerce-project/vendor/symfony/console/Command/Command.php(326): Illuminate/Console/Command->execute(Object(Symfony/Component/Console/Input/ArrayInput), Object(Illuminate/Console/OutputStyle))
#39 C:/Users/admin/Desktop/laravel/ecommerce-project/vendor/laravel/framework/src/Illuminate/Console/Command.php(180): Symfony/Component/Console/Command/Command->run(Object(Symfony/Component/Console/Input/ArrayInput), Object(Illuminate/Console/OutputStyle))
#40 C:/Users/admin/Desktop/laravel/ecommerce-project/vendor/laravel/framework/src/Illuminate/Console/Concerns/CallsCommands.php(67): Illuminate/Console/Command->run(Object(Symfony/Component/Console/Input/ArrayInput), Object(Illuminate/Console/OutputStyle))
#41 C:/Users/admin/Desktop/laravel/ecommerce-project/vendor/laravel/framework/src/Illuminate/Console/Concerns/CallsCommands.php(28): Illuminate/Console/Command->runCommand('db:seed', Array, Object(Illuminate/Console/OutputStyle))
#42 C:/Users/admin/Desktop/laravel/ecommerce-project/vendor/laravel/framework/src/Illuminate/Database/Console/Migrations/FreshCommand.php(93): Illuminate/Console/Command->call('db:seed', Array)
#43 C:/Users/admin/Desktop/laravel/ecommerce-project/vendor/laravel/framework/src/Illuminate/Database/Console/Migrations/FreshCommand.php(69): Illuminate/Database/Console/Migrations/FreshCommand->runSeeder(NULL)
#44 C:/Users/admin/Desktop/laravel/ecommerce-project/vendor/laravel/framework/src/Illuminate/Container/BoundMethod.php(36): Illuminate/Database/Console/Migrations/FreshCommand->handle()
#45 C:/Users/admin/Desktop/laravel/ecommerce-project/vendor/laravel/framework/src/Illuminate/Container/Util.php(41): Illuminate/Container/BoundMethod::Illuminate/Container/{closure}()
#46 C:/Users/admin/Desktop/laravel/ecommerce-project/vendor/laravel/framework/src/Illuminate/Container/BoundMethod.php(93): Illuminate/Container/Util::unwrapIfClosure(Object(Closure))
#47 C:/Users/admin/Desktop/laravel/ecommerce-project/vendor/laravel/framework/src/Illuminate/Container/BoundMethod.php(35): Illuminate/Container/BoundMethod::callBoundMethod(Object(Illuminate/Foundation/Application), Array, Object(Closure))
#48 C:/Users/admin/Desktop/laravel/ecommerce-project/vendor/laravel/framework/src/Illuminate/Container/Container.php(662): Illuminate/Container/BoundMethod::call(Object(Illuminate/Foundation/Application), Array, Array, NULL)
#49 C:/Users/admin/Desktop/laravel/ecommerce-project/vendor/laravel/framework/src/Illuminate/Console/Command.php(211): Illuminate/Container/Container->call(Array)
#50 C:/Users/admin/Desktop/laravel/ecommerce-project/vendor/symfony/console/Command/Command.php(326): Illuminate/Console/Command->execute(Object(Symfony/Component/Console/Input/ArgvInput), Object(Illuminate/Console/OutputStyle))
#51 C:/Users/admin/Desktop/laravel/ecommerce-project/vendor/laravel/framework/src/Illuminate/Console/Command.php(180): Symfony/Component/Console/Command/Command->run(Object(Symfony/Component/Console/Input/ArgvInput), Object(Illuminate/Console/OutputStyle))
#52 C:/Users/admin/Desktop/laravel/ecommerce-project/vendor/symfony/console/Application.php(1121): Illuminate/Console/Command->run(Object(Symfony/Component/Console/Input/ArgvInput), Object(Symfony/Component/Console/Output/ConsoleOutput))
#53 C:/Users/admin/Desktop/laravel/ecommerce-project/vendor/symfony/console/Application.php(324): Symfony/Component/Console/Application->doRunCommand(Object(Illuminate/Database/Console/Migrations/FreshCommand), Object(Symfony/Component/Console/Input/ArgvInput), Object(Symfony/Component/Console/Output/ConsoleOutput))
#54 C:/Users/admin/Desktop/laravel/ecommerce-project/vendor/symfony/console/Application.php(175): Symfony/Component/Console/Application->doRun(Object(Symfony/Component/Console/Input/ArgvInput), Object(Symfony/Component/Console/Output/ConsoleOutput))
#55 C:/Users/admin/Desktop/laravel/ecommerce-project/vendor/laravel/framework/src/Illuminate/Foundation/Console/Kernel.php(201): Symfony/Component/Console/Application->run(Object(Symfony/Component/Console/Input/ArgvInput), Object(Symfony/Component/Console/Output/ConsoleOutput))
#56 C:/Users/admin/Desktop/laravel/ecommerce-project/artisan(35): Illuminate/Foundation/Console/Kernel->handle(Object(Symfony/Component/Console/Input/ArgvInput), Object(Symfony/Component/Console/Output/ConsoleOutput))
#57 {main}

[previous exception] [object] (PDOException(code: 42S22): SQLSTATE[42S22]: Column not found: 1054 Unknown column 'name' in 'field list' at C:/Users/admin/Desktop/laravel/ecommerce-project/vendor/laravel/framework/src/Illuminate/Database/MySqlConnection.php:39)
[stacktrace]
#0 C:/Users/admin/Desktop/laravel/ecommerce-project/vendor/laravel/framework/src/Illuminate/Database/MySqlConnection.php(39): PDO->prepare('insert into `ca...')
#1 C:/Users/admin/Desktop/laravel/ecommerce-project/vendor/laravel/framework/src/Illuminate/Database/Connection.php(816): Illuminate/Database/MySqlConnection->Illuminate/Database/{closure}('insert into `ca...', Array)
#2 C:/Users/admin/Desktop/laravel/ecommerce-project/vendor/laravel/framework/src/Illuminate/Database/Connection.php(783): Illuminate/Database/Connection->runQueryCallback('insert into `ca...', Array, Object(Closure))
#3 C:/Users/admin/Desktop/laravel/ecommerce-project/vendor/laravel/framework/src/Illuminate/Database/MySqlConnection.php(34): Illuminate/Database/Connection->run('insert into `ca...', Array, Object(Closure))
#4 C:/Users/admin/Desktop/laravel/ecommerce-project/vendor/laravel/framework/src/Illuminate/Database/Query/Processors/MySqlProcessor.php(35): Illuminate/Database/MySqlConnection->insert('insert into `ca...', Array, 'id')
#5 C:/Users/admin/Desktop/laravel/ecommerce-project/vendor/laravel/framework/src/Illuminate/Database/Query/Builder.php(3549): Illuminate/Database/Query/Processors/MySqlProcessor->processInsertGetId(Object(Illuminate/Database/Query/Builder), 'insert into `ca...', Array, 'id')
#6 C:/Users/admin/Desktop/laravel/ecommerce-project/vendor/laravel/framework/src/Illuminate/Database/Eloquent/Builder.php(1982): Illuminate/Database/Query/Builder->insertGetId(Array, 'id')
#7 C:/Users/admin/Desktop/laravel/ecommerce-project/vendor/laravel/framework/src/Illuminate/Database/Eloquent/Model.php(1334): Illuminate/Database/Eloquent/Builder->__call('insertGetId', Array)
#8 C:/Users/admin/Desktop/laravel/ecommerce-project/vendor/laravel/framework/src/Illuminate/Database/Eloquent/Model.php(1299): Illuminate/Database/Eloquent/Model->insertAndSetId(Object(Illuminate/Database/Eloquent/Builder), Array)
#9 C:/Users/admin/Desktop/laravel/ecommerce-project/vendor/laravel/framework/src/Illuminate/Database/Eloquent/Model.php(1138): Illuminate/Database/Eloquent/Model->performInsert(Object(Illuminate/Database/Eloquent/Builder))
#10 C:/Users/admin/Desktop/laravel/ecommerce-project/vendor/laravel/framework/src/Illuminate/Database/Eloquent/Factories/Factory.php(338): Illuminate/Database/Eloquent/Model->save()
#11 C:/Users/admin/Desktop/laravel/ecommerce-project/vendor/laravel/framework/src/Illuminate/Collections/Traits/EnumeratesValues.php(240): Illuminate/Database/Eloquent/Factories/Factory->Illuminate/Database/Eloquent/Factories/{closure}(Object(App/Models/Category), 0)
#12 C:/Users/admin/Desktop/laravel/ecommerce-project/vendor/laravel/framework/src/Illuminate/Database/Eloquent/Factories/Factory.php(333): Illuminate/Support/Collection->each(Object(Closure))
#13 C:/Users/admin/Desktop/laravel/ecommerce-project/vendor/laravel/framework/src/Illuminate/Database/Eloquent/Factories/Factory.php(291): Illuminate/Database/Eloquent/Factories/Factory->store(Object(Illuminate/Database/Eloquent/Collection))
#14 C:/Users/admin/Desktop/laravel/ecommerce-project/database/seeders/CategorySeeder.php(15): Illuminate/Database/Eloquent/Factories/Factory->create()
#15 C:/Users/admin/Desktop/laravel/ecommerce-project/vendor/laravel/framework/src/Illuminate/Container/BoundMethod.php(36): Database/Seeders/CategorySeeder->run()
#16 C:/Users/admin/Desktop/laravel/ecommerce-project/vendor/laravel/framework/src/Illuminate/Container/Util.php(41): Illuminate/Container/BoundMethod::Illuminate/Container/{closure}()
#17 C:/Users/admin/Desktop/laravel/ecommerce-project/vendor/laravel/framework/src/Illuminate/Container/BoundMethod.php(93): Illuminate/Container/Util::unwrapIfClosure(Object(Closure))
#18 C:/Users/admin/Desktop/laravel/ecommerce-project/vendor/laravel/framework/src/Illuminate/Container/BoundMethod.php(35): Illuminate/Container/BoundMethod::callBoundMethod(Object(Illuminate/Foundation/Application), Array, Object(Closure))
#19 C:/Users/admin/Desktop/laravel/ecommerce-project/vendor/laravel/framework/src/Illuminate/Container/Container.php(662): Illuminate/Container/BoundMethod::call(Object(Illuminate/Foundation/Application), Array, Array, NULL)
#20 C:/Users/admin/Desktop/laravel/ecommerce-project/vendor/laravel/framework/src/Illuminate/Database/Seeder.php(184): Illuminate/Container/Container->call(Array, Array)
#21 C:/Users/admin/Desktop/laravel/ecommerce-project/vendor/laravel/framework/src/Illuminate/Database/Seeder.php(193): Illuminate/Database/Seeder->Illuminate/Database/{closure}()
#22 C:/Users/admin/Desktop/laravel/ecommerce-project/vendor/laravel/framework/src/Illuminate/Database/Seeder.php(61): Illuminate/Database/Seeder->__invoke(Array)
#23 C:/Users/admin/Desktop/laravel/ecommerce-project/database/seeders/DatabaseSeeder.php(13): Illuminate/Database/Seeder->call('Database//Seeder...')
#24 C:/Users/admin/Desktop/laravel/ecommerce-project/vendor/laravel/framework/src/Illuminate/Container/BoundMethod.php(36): Database/Seeders/DatabaseSeeder->run()
#25 C:/Users/admin/Desktop/laravel/ecommerce-project/vendor/laravel/framework/src/Illuminate/Container/Util.php(41): Illuminate/Container/BoundMethod::Illuminate/Container/{closure}()
#26 C:/Users/admin/Desktop/laravel/ecommerce-project/vendor/laravel/framework/src/Illuminate/Container/BoundMethod.php(93): Illuminate/Container/Util::unwrapIfClosure(Object(Closure))
#27 C:/Users/admin/Desktop/laravel/ecommerce-project/vendor/laravel/framework/src/Illuminate/Container/BoundMethod.php(35): Illuminate/Container/BoundMethod::callBoundMethod(Object(Illuminate/Foundation/Application), Array, Object(Closure))
#28 C:/Users/admin/Desktop/laravel/ecommerce-project/vendor/laravel/framework/src/Illuminate/Container/Container.php(662): Illuminate/Container/BoundMethod::call(Object(Illuminate/Foundation/Application), Array, Array, NULL)
#29 C:/Users/admin/Desktop/laravel/ecommerce-project/vendor/laravel/framework/src/Illuminate/Database/Seeder.php(184): Illuminate/Container/Container->call(Array, Array)
#30 C:/Users/admin/Desktop/laravel/ecommerce-project/vendor/laravel/framework/src/Illuminate/Database/Seeder.php(193): Illuminate/Database/Seeder->Illuminate/Database/{closure}()
#31 C:/Users/admin/Desktop/laravel/ecommerce-project/vendor/laravel/framework/src/Illuminate/Database/Console/Seeds/SeedCommand.php(70): Illuminate/Database/Seeder->__invoke()
#32 C:/Users/admin/Desktop/laravel/ecommerce-project/vendor/laravel/framework/src/Illuminate/Database/Eloquent/Concerns/GuardsAttributes.php(155): Illuminate/Database/Console/Seeds/SeedCommand->Illuminate/Database/Console/Seeds/{closure}()
#33 C:/Users/admin/Desktop/laravel/ecommerce-project/vendor/laravel/framework/src/Illuminate/Database/Console/Seeds/SeedCommand.php(69): Illuminate/Database/Eloquent/Model::unguarded(Object(Closure))
#34 C:/Users/admin/Desktop/laravel/ecommerce-project/vendor/laravel/framework/src/Illuminate/Container/BoundMethod.php(36): Illuminate/Database/Console/Seeds/SeedCommand->handle()
#35 C:/Users/admin/Desktop/laravel/ecommerce-project/vendor/laravel/framework/src/Illuminate/Container/Util.php(41): Illuminate/Container/BoundMethod::Illuminate/Container/{closure}()
#36 C:/Users/admin/Desktop/laravel/ecommerce-project/vendor/laravel/framework/src/Illuminate/Container/BoundMethod.php(93): Illuminate/Container/Util::unwrapIfClosure(Object(Closure))
#37 C:/Users/admin/Desktop/laravel/ecommerce-project/vendor/laravel/framework/src/Illuminate/Container/BoundMethod.php(35): Illuminate/Container/BoundMethod::callBoundMethod(Object(Illuminate/Foundation/Application), Array, Object(Closure))
#38 C:/Users/admin/Desktop/laravel/ecommerce-project/vendor/laravel/framework/src/Illuminate/Container/Container.php(662): Illuminate/Container/BoundMethod::call(Object(Illuminate/Foundation/Application), Array, Array, NULL)
#39 C:/Users/admin/Desktop/laravel/ecommerce-project/vendor/laravel/framework/src/Illuminate/Console/Command.php(211): Illuminate/Container/Container->call(Array)
#40 C:/Users/admin/Desktop/laravel/ecommerce-project/vendor/symfony/console/Command/Command.php(326): Illuminate/Console/Command->execute(Object(Symfony/Component/Console/Input/ArrayInput), Object(Illuminate/Console/OutputStyle))
#41 C:/Users/admin/Desktop/laravel/ecommerce-project/vendor/laravel/framework/src/Illuminate/Console/Command.php(180): Symfony/Component/Console/Command/Command->run(Object(Symfony/Component/Console/Input/ArrayInput), Object(Illuminate/Console/OutputStyle))
#42 C:/Users/admin/Desktop/laravel/ecommerce-project/vendor/laravel/framework/src/Illuminate/Console/Concerns/CallsCommands.php(67): Illuminate/Console/Command->run(Object(Symfony/Component/Console/Input/ArrayInput), Object(Illuminate/Console/OutputStyle))
#43 C:/Users/admin/Desktop/laravel/ecommerce-project/vendor/laravel/framework/src/Illuminate/Console/Concerns/CallsCommands.php(28): Illuminate/Console/Command->runCommand('db:seed', Array, Object(Illuminate/Console/OutputStyle))
#44 C:/Users/admin/Desktop/laravel/ecommerce-project/vendor/laravel/framework/src/Illuminate/Database/Console/Migrations/FreshCommand.php(93): Illuminate/Console/Command->call('db:seed', Array)
#45 C:/Users/admin/Desktop/laravel/ecommerce-project/vendor/laravel/framework/src/Illuminate/Database/Console/Migrations/FreshCommand.php(69): Illuminate/Database/Console/Migrations/FreshCommand->runSeeder(NULL)
#46 C:/Users/admin/Desktop/laravel/ecommerce-project/vendor/laravel/framework/src/Illuminate/Container/BoundMethod.php(36): Illuminate/Database/Console/Migrations/FreshCommand->handle()
#47 C:/Users/admin/Desktop/laravel/ecommerce-project/vendor/laravel/framework/src/Illuminate/Container/Util.php(41): Illuminate/Container/BoundMethod::Illuminate/Container/{closure}()
#48 C:/Users/admin/Desktop/laravel/ecommerce-project/vendor/laravel/framework/src/Illuminate/Container/BoundMethod.php(93): Illuminate/Container/Util::unwrapIfClosure(Object(Closure))
#49 C:/Users/admin/Desktop/laravel/ecommerce-project/vendor/laravel/framework/src/Illuminate/Container/BoundMethod.php(35): Illuminate/Container/BoundMethod::callBoundMethod(Object(Illuminate/Foundation/Application), Array, Object(Closure))
#50 C:/Users/admin/Desktop/laravel/ecommerce-project/vendor/laravel/framework/src/Illuminate/Container/Container.php(662): Illuminate/Container/BoundMethod::call(Object(Illuminate/Foundation/Application), Array, Array, NULL)
#51 C:/Users/admin/Desktop/laravel/ecommerce-project/vendor/laravel/framework/src/Illuminate/Console/Command.php(211): Illuminate/Container/Container->call(Array)
#52 C:/Users/admin/Desktop/laravel/ecommerce-project/vendor/symfony/console/Command/Command.php(326): Illuminate/Console/Command->execute(Object(Symfony/Component/Console/Input/ArgvInput), Object(Illuminate/Console/OutputStyle))
#53 C:/Users/admin/Desktop/laravel/ecommerce-project/vendor/laravel/framework/src/Illuminate/Console/Command.php(180): Symfony/Component/Console/Command/Command->run(Object(Symfony/Component/Console/Input/ArgvInput), Object(Illuminate/Console/OutputStyle))
#54 C:/Users/admin/Desktop/laravel/ecommerce-project/vendor/symfony/console/Application.php(1121): Illuminate/Console/Command->run(Object(Symfony/Component/Console/Input/ArgvInput), Object(Symfony/Component/Console/Output/ConsoleOutput))
#55 C:/Users/admin/Desktop/laravel/ecommerce-project/vendor/symfony/console/Application.php(324): Symfony/Component/Console/Application->doRunCommand(Object(Illuminate/Database/Console/Migrations/FreshCommand), Object(Symfony/Component/Console/Input/ArgvInput), Object(Symfony/Component/Console/Output/ConsoleOutput))
#56 C:/Users/admin/Desktop/laravel/ecommerce-project/vendor/symfony/console/Application.php(175): Symfony/Component/Console/Application->doRun(Object(Symfony/Component/Console/Input/ArgvInput), Object(Symfony/Component/Console/Output/ConsoleOutput))
#57 C:/Users/admin/Desktop/laravel/ecommerce-project/vendor/laravel/framework/src/Illuminate/Foundation/Console/Kernel.php(201): Symfony/Component/Console/Application->run(Object(Symfony/Component/Console/Input/ArgvInput), Object(Symfony/Component/Console/Output/ConsoleOutput))
#58 C:/Users/admin/Desktop/laravel/ecommerce-project/artisan(35): Illuminate/Foundation/Console/Kernel->handle(Object(Symfony/Component/Console/Input/ArgvInput), Object(Symfony/Component/Console/Output/ConsoleOutput))
#59 {main}
"} 
[2026-07-08 14:27:44] local.ERROR: SQLSTATE[42S22]: Column not found: 1054 Unknown column 'name' in 'field list' (Connection: mysql, SQL: insert into `categories` (`name`, `description`, `image`, `updated_at`, `created_at`) values (Books, Adipisci qui natus quia ducimus id laboriosam praesentium., https://via.placeholder.com/640x480.png/00ccdd?text=nulla, 2026-07-08 14:27:44, 2026-07-08 14:27:44)) {"exception":"[object] (Illuminate\\Database\\QueryException(code: 42S22): SQLSTATE[42S22]: Column not found: 1054 Unknown column 'name' in 'field list' (Connection: mysql, SQL: insert into `categories` (`name`, `description`, `image`, `updated_at`, `created_at`) values (Books, Adipisci qui natus quia ducimus id laboriosam praesentium., https://via.placeholder.com/640x480.png/00ccdd?text=nulla, 2026-07-08 14:27:44, 2026-07-08 14:27:44)) at C:/Users/admin/Desktop/laravel/ecommerce-project/vendor/laravel/framework/src/Illuminate/Database/Connection.php:829)
[stacktrace]
#0 C:/Users/admin/Desktop/laravel/ecommerce-project/vendor/laravel/framework/src/Illuminate/Database/Connection.php(783): Illuminate/Database/Connection->runQueryCallback('insert into `ca...', Array, Object(Closure))
#1 C:/Users/admin/Desktop/laravel/ecommerce-project/vendor/laravel/framework/src/Illuminate/Database/MySqlConnection.php(34): Illuminate/Database/Connection->run('insert into `ca...', Array, Object(Closure))
#2 C:/Users/admin/Desktop/laravel/ecommerce-project/vendor/laravel/framework/src/Illuminate/Database/Query/Processors/MySqlProcessor.php(35): Illuminate/Database/MySqlConnection->insert('insert into `ca...', Array, 'id')
#3 C:/Users/admin/Desktop/laravel/ecommerce-project/vendor/laravel/framework/src/Illuminate/Database/Query/Builder.php(3549): Illuminate/Database/Query/Processors/MySqlProcessor->processInsertGetId(Object(Illuminate/Database/Query/Builder), 'insert into `ca...', Array, 'id')
#4 C:/Users/admin/Desktop/laravel/ecommerce-project/vendor/laravel/framework/src/Illuminate/Database/Eloquent/Builder.php(1982): Illuminate/Database/Query/Builder->insertGetId(Array, 'id')
#5 C:/Users/admin/Desktop/laravel/ecommerce-project/vendor/laravel/framework/src/Illuminate/Database/Eloquent/Model.php(1334): Illuminate/Database/Eloquent/Builder->__call('insertGetId', Array)
#6 C:/Users/admin/Desktop/laravel/ecommerce-project/vendor/laravel/framework/src/Illuminate/Database/Eloquent/Model.php(1299): Illuminate/Database/Eloquent/Model->insertAndSetId(Object(Illuminate/Database/Eloquent/Builder), Array)
#7 C:/Users/admin/Desktop/laravel/ecommerce-project/vendor/laravel/framework/src/Illuminate/Database/Eloquent/Model.php(1138): Illuminate/Database/Eloquent/Model->performInsert(Object(Illuminate/Database/Eloquent/Builder))
#8 C:/Users/admin/Desktop/laravel/ecommerce-project/vendor/laravel/framework/src/Illuminate/Database/Eloquent/Factories/Factory.php(338): Illuminate/Database/Eloquent/Model->save()
#9 C:/Users/admin/Desktop/laravel/ecommerce-project/vendor/laravel/framework/src/Illuminate/Collections/Traits/EnumeratesValues.php(240): Illuminate/Database/Eloquent/Factories/Factory->Illuminate/Database/Eloquent/Factories/{closure}(Object(App/Models/Category), 0)
#10 C:/Users/admin/Desktop/laravel/ecommerce-project/vendor/laravel/framework/src/Illuminate/Database/Eloquent/Factories/Factory.php(333): Illuminate/Support/Collection->each(Object(Closure))
#11 C:/Users/admin/Desktop/laravel/ecommerce-project/vendor/laravel/framework/src/Illuminate/Database/Eloquent/Factories/Factory.php(291): Illuminate/Database/Eloquent/Factories/Factory->store(Object(Illuminate/Database/Eloquent/Collection))
#12 C:/Users/admin/Desktop/laravel/ecommerce-project/database/seeders/CategorySeeder.php(15): Illuminate/Database/Eloquent/Factories/Factory->create()
#13 C:/Users/admin/Desktop/laravel/ecommerce-project/vendor/laravel/framework/src/Illuminate/Container/BoundMethod.php(36): Database/Seeders/CategorySeeder->run()
#14 C:/Users/admin/Desktop/laravel/ecommerce-project/vendor/laravel/framework/src/Illuminate/Container/Util.php(41): Illuminate/Container/BoundMethod::Illuminate/Container/{closure}()
#15 C:/Users/admin/Desktop/laravel/ecommerce-project/vendor/laravel/framework/src/Illuminate/Container/BoundMethod.php(93): Illuminate/Container/Util::unwrapIfClosure(Object(Closure))
#16 C:/Users/admin/Desktop/laravel/ecommerce-project/vendor/laravel/framework/src/Illuminate/Container/BoundMethod.php(35): Illuminate/Container/BoundMethod::callBoundMethod(Object(Illuminate/Foundation/Application), Array, Object(Closure))
#17 C:/Users/admin/Desktop/laravel/ecommerce-project/vendor/laravel/framework/src/Illuminate/Container/Container.php(662): Illuminate/Container/BoundMethod::call(Object(Illuminate/Foundation/Application), Array, Array, NULL)
#18 C:/Users/admin/Desktop/laravel/ecommerce-project/vendor/laravel/framework/src/Illuminate/Database/Seeder.php(184): Illuminate/Container/Container->call(Array, Array)
#19 C:/Users/admin/Desktop/laravel/ecommerce-project/vendor/laravel/framework/src/Illuminate/Database/Seeder.php(193): Illuminate/Database/Seeder->Illuminate/Database/{closure}()
#20 C:/Users/admin/Desktop/laravel/ecommerce-project/vendor/laravel/framework/src/Illuminate/Database/Seeder.php(61): Illuminate/Database/Seeder->__invoke(Array)
#21 C:/Users/admin/Desktop/laravel/ecommerce-project/database/seeders/DatabaseSeeder.php(13): Illuminate/Database/Seeder->call('Database//Seeder...')
#22 C:/Users/admin/Desktop/laravel/ecommerce-project/vendor/laravel/framework/src/Illuminate/Container/BoundMethod.php(36): Database/Seeders/DatabaseSeeder->run()
#23 C:/Users/admin/Desktop/laravel/ecommerce-project/vendor/laravel/framework/src/Illuminate/Container/Util.php(41): Illuminate/Container/BoundMethod::Illuminate/Container/{closure}()
#24 C:/Users/admin/Desktop/laravel/ecommerce-project/vendor/laravel/framework/src/Illuminate/Container/BoundMethod.php(93): Illuminate/Container/Util::unwrapIfClosure(Object(Closure))
#25 C:/Users/admin/Desktop/laravel/ecommerce-project/vendor/laravel/framework/src/Illuminate/Container/BoundMethod.php(35): Illuminate/Container/BoundMethod::callBoundMethod(Object(Illuminate/Foundation/Application), Array, Object(Closure))
#26 C:/Users/admin/Desktop/laravel/ecommerce-project/vendor/laravel/framework/src/Illuminate/Container/Container.php(662): Illuminate/Container/BoundMethod::call(Object(Illuminate/Foundation/Application), Array, Array, NULL)
#27 C:/Users/admin/Desktop/laravel/ecommerce-project/vendor/laravel/framework/src/Illuminate/Database/Seeder.php(184): Illuminate/Container/Container->call(Array, Array)
#28 C:/Users/admin/Desktop/laravel/ecommerce-project/vendor/laravel/framework/src/Illuminate/Database/Seeder.php(193): Illuminate/Database/Seeder->Illuminate/Database/{closure}()
#29 C:/Users/admin/Desktop/laravel/ecommerce-project/vendor/laravel/framework/src/Illuminate/Database/Console/Seeds/SeedCommand.php(70): Illuminate/Database/Seeder->__invoke()
#30 C:/Users/admin/Desktop/laravel/ecommerce-project/vendor/laravel/framework/src/Illuminate/Database/Eloquent/Concerns/GuardsAttributes.php(155): Illuminate/Database/Console/Seeds/SeedCommand->Illuminate/Database/Console/Seeds/{closure}()
#31 C:/Users/admin/Desktop/laravel/ecommerce-project/vendor/laravel/framework/src/Illuminate/Database/Console/Seeds/SeedCommand.php(69): Illuminate/Database/Eloquent/Model::unguarded(Object(Closure))
#32 C:/Users/admin/Desktop/laravel/ecommerce-project/vendor/laravel/framework/src/Illuminate/Container/BoundMethod.php(36): Illuminate/Database/Console/Seeds/SeedCommand->handle()
#33 C:/Users/admin/Desktop/laravel/ecommerce-project/vendor/laravel/framework/src/Illuminate/Container/Util.php(41): Illuminate/Container/BoundMethod::Illuminate/Container/{closure}()
#34 C:/Users/admin/Desktop/laravel/ecommerce-project/vendor/laravel/framework/src/Illuminate/Container/BoundMethod.php(93): Illuminate/Container/Util::unwrapIfClosure(Object(Closure))
#35 C:/Users/admin/Desktop/laravel/ecommerce-project/vendor/laravel/framework/src/Illuminate/Container/BoundMethod.php(35): Illuminate/Container/BoundMethod::callBoundMethod(Object(Illuminate/Foundation/Application), Array, Object(Closure))
#36 C:/Users/admin/Desktop/laravel/ecommerce-project/vendor/laravel/framework/src/Illuminate/Container/Container.php(662): Illuminate/Container/BoundMethod::call(Object(Illuminate/Foundation/Application), Array, Array, NULL)
#37 C:/Users/admin/Desktop/laravel/ecommerce-project/vendor/laravel/framework/src/Illuminate/Console/Command.php(211): Illuminate/Container/Container->call(Array)
#38 C:/Users/admin/Desktop/laravel/ecommerce-project/vendor/symfony/console/Command/Command.php(326): Illuminate/Console/Command->execute(Object(Symfony/Component/Console/Input/ArrayInput), Object(Illuminate/Console/OutputStyle))
#39 C:/Users/admin/Desktop/laravel/ecommerce-project/vendor/laravel/framework/src/Illuminate/Console/Command.php(180): Symfony/Component/Console/Command/Command->run(Object(Symfony/Component/Console/Input/ArrayInput), Object(Illuminate/Console/OutputStyle))
#40 C:/Users/admin/Desktop/laravel/ecommerce-project/vendor/laravel/framework/src/Illuminate/Console/Concerns/CallsCommands.php(67): Illuminate/Console/Command->run(Object(Symfony/Component/Console/Input/ArrayInput), Object(Illuminate/Console/OutputStyle))
#41 C:/Users/admin/Desktop/laravel/ecommerce-project/vendor/laravel/framework/src/Illuminate/Console/Concerns/CallsCommands.php(28): Illuminate/Console/Command->runCommand('db:seed', Array, Object(Illuminate/Console/OutputStyle))
#42 C:/Users/admin/Desktop/laravel/ecommerce-project/vendor/laravel/framework/src/Illuminate/Database/Console/Migrations/FreshCommand.php(93): Illuminate/Console/Command->call('db:seed', Array)
#43 C:/Users/admin/Desktop/laravel/ecommerce-project/vendor/laravel/framework/src/Illuminate/Database/Console/Migrations/FreshCommand.php(69): Illuminate/Database/Console/Migrations/FreshCommand->runSeeder(NULL)
#44 C:/Users/admin/Desktop/laravel/ecommerce-project/vendor/laravel/framework/src/Illuminate/Container/BoundMethod.php(36): Illuminate/Database/Console/Migrations/FreshCommand->handle()
#45 C:/Users/admin/Desktop/laravel/ecommerce-project/vendor/laravel/framework/src/Illuminate/Container/Util.php(41): Illuminate/Container/BoundMethod::Illuminate/Container/{closure}()
#46 C:/Users/admin/Desktop/laravel/ecommerce-project/vendor/laravel/framework/src/Illuminate/Container/BoundMethod.php(93): Illuminate/Container/Util::unwrapIfClosure(Object(Closure))
#47 C:/Users/admin/Desktop/laravel/ecommerce-project/vendor/laravel/framework/src/Illuminate/Container/BoundMethod.php(35): Illuminate/Container/BoundMethod::callBoundMethod(Object(Illuminate/Foundation/Application), Array, Object(Closure))
#48 C:/Users/admin/Desktop/laravel/ecommerce-project/vendor/laravel/framework/src/Illuminate/Container/Container.php(662): Illuminate/Container/BoundMethod::call(Object(Illuminate/Foundation/Application), Array, Array, NULL)
#49 C:/Users/admin/Desktop/laravel/ecommerce-project/vendor/laravel/framework/src/Illuminate/Console/Command.php(211): Illuminate/Container/Container->call(Array)
#50 C:/Users/admin/Desktop/laravel/ecommerce-project/vendor/symfony/console/Command/Command.php(326): Illuminate/Console/Command->execute(Object(Symfony/Component/Console/Input/ArgvInput), Object(Illuminate/Console/OutputStyle))
#51 C:/Users/admin/Desktop/laravel/ecommerce-project/vendor/laravel/framework/src/Illuminate/Console/Command.php(180): Symfony/Component/Console/Command/Command->run(Object(Symfony/Component/Console/Input/ArgvInput), Object(Illuminate/Console/OutputStyle))
#52 C:/Users/admin/Desktop/laravel/ecommerce-project/vendor/symfony/console/Application.php(1121): Illuminate/Console/Command->run(Object(Symfony/Component/Console/Input/ArgvInput), Object(Symfony/Component/Console/Output/ConsoleOutput))
#53 C:/Users/admin/Desktop/laravel/ecommerce-project/vendor/symfony/console/Application.php(324): Symfony/Component/Console/Application->doRunCommand(Object(Illuminate/Database/Console/Migrations/FreshCommand), Object(Symfony/Component/Console/Input/ArgvInput), Object(Symfony/Component/Console/Output/ConsoleOutput))
#54 C:/Users/admin/Desktop/laravel/ecommerce-project/vendor/symfony/console/Application.php(175): Symfony/Component/Console/Application->doRun(Object(Symfony/Component/Console/Input/ArgvInput), Object(Symfony/Component/Console/Output/ConsoleOutput))
#55 C:/Users/admin/Desktop/laravel/ecommerce-project/vendor/laravel/framework/src/Illuminate/Foundation/Console/Kernel.php(201): Symfony/Component/Console/Application->run(Object(Symfony/Component/Console/Input/ArgvInput), Object(Symfony/Component/Console/Output/ConsoleOutput))
#56 C:/Users/admin/Desktop/laravel/ecommerce-project/artisan(35): Illuminate/Foundation/Console/Kernel->handle(Object(Symfony/Component/Console/Input/ArgvInput), Object(Symfony/Component/Console/Output/ConsoleOutput))
#57 {main}

[previous exception] [object] (PDOException(code: 42S22): SQLSTATE[42S22]: Column not found: 1054 Unknown column 'name' in 'field list' at C:/Users/admin/Desktop/laravel/ecommerce-project/vendor/laravel/framework/src/Illuminate/Database/MySqlConnection.php:39)
[stacktrace]
#0 C:/Users/admin/Desktop/laravel/ecommerce-project/vendor/laravel/framework/src/Illuminate/Database/MySqlConnection.php(39): PDO->prepare('insert into `ca...')
#1 C:/Users/admin/Desktop/laravel/ecommerce-project/vendor/laravel/framework/src/Illuminate/Database/Connection.php(816): Illuminate/Database/MySqlConnection->Illuminate/Database/{closure}('insert into `ca...', Array)
#2 C:/Users/admin/Desktop/laravel/ecommerce-project/vendor/laravel/framework/src/Illuminate/Database/Connection.php(783): Illuminate/Database/Connection->runQueryCallback('insert into `ca...', Array, Object(Closure))
#3 C:/Users/admin/Desktop/laravel/ecommerce-project/vendor/laravel/framework/src/Illuminate/Database/MySqlConnection.php(34): Illuminate/Database/Connection->run('insert into `ca...', Array, Object(Closure))
#4 C:/Users/admin/Desktop/laravel/ecommerce-project/vendor/laravel/framework/src/Illuminate/Database/Query/Processors/MySqlProcessor.php(35): Illuminate/Database/MySqlConnection->insert('insert into `ca...', Array, 'id')
#5 C:/Users/admin/Desktop/laravel/ecommerce-project/vendor/laravel/framework/src/Illuminate/Database/Query/Builder.php(3549): Illuminate/Database/Query/Processors/MySqlProcessor->processInsertGetId(Object(Illuminate/Database/Query/Builder), 'insert into `ca...', Array, 'id')
#6 C:/Users/admin/Desktop/laravel/ecommerce-project/vendor/laravel/framework/src/Illuminate/Database/Eloquent/Builder.php(1982): Illuminate/Database/Query/Builder->insertGetId(Array, 'id')
#7 C:/Users/admin/Desktop/laravel/ecommerce-project/vendor/laravel/framework/src/Illuminate/Database/Eloquent/Model.php(1334): Illuminate/Database/Eloquent/Builder->__call('insertGetId', Array)
#8 C:/Users/admin/Desktop/laravel/ecommerce-project/vendor/laravel/framework/src/Illuminate/Database/Eloquent/Model.php(1299): Illuminate/Database/Eloquent/Model->insertAndSetId(Object(Illuminate/Database/Eloquent/Builder), Array)
#9 C:/Users/admin/Desktop/laravel/ecommerce-project/vendor/laravel/framework/src/Illuminate/Database/Eloquent/Model.php(1138): Illuminate/Database/Eloquent/Model->performInsert(Object(Illuminate/Database/Eloquent/Builder))
#10 C:/Users/admin/Desktop/laravel/ecommerce-project/vendor/laravel/framework/src/Illuminate/Database/Eloquent/Factories/Factory.php(338): Illuminate/Database/Eloquent/Model->save()
#11 C:/Users/admin/Desktop/laravel/ecommerce-project/vendor/laravel/framework/src/Illuminate/Collections/Traits/EnumeratesValues.php(240): Illuminate/Database/Eloquent/Factories/Factory->Illuminate/Database/Eloquent/Factories/{closure}(Object(App/Models/Category), 0)
#12 C:/Users/admin/Desktop/laravel/ecommerce-project/vendor/laravel/framework/src/Illuminate/Database/Eloquent/Factories/Factory.php(333): Illuminate/Support/Collection->each(Object(Closure))
#13 C:/Users/admin/Desktop/laravel/ecommerce-project/vendor/laravel/framework/src/Illuminate/Database/Eloquent/Factories/Factory.php(291): Illuminate/Database/Eloquent/Factories/Factory->store(Object(Illuminate/Database/Eloquent/Collection))
#14 C:/Users/admin/Desktop/laravel/ecommerce-project/database/seeders/CategorySeeder.php(15): Illuminate/Database/Eloquent/Factories/Factory->create()
#15 C:/Users/admin/Desktop/laravel/ecommerce-project/vendor/laravel/framework/src/Illuminate/Container/BoundMethod.php(36): Database/Seeders/CategorySeeder->run()
#16 C:/Users/admin/Desktop/laravel/ecommerce-project/vendor/laravel/framework/src/Illuminate/Container/Util.php(41): Illuminate/Container/BoundMethod::Illuminate/Container/{closure}()
#17 C:/Users/admin/Desktop/laravel/ecommerce-project/vendor/laravel/framework/src/Illuminate/Container/BoundMethod.php(93): Illuminate/Container/Util::unwrapIfClosure(Object(Closure))
#18 C:/Users/admin/Desktop/laravel/ecommerce-project/vendor/laravel/framework/src/Illuminate/Container/BoundMethod.php(35): Illuminate/Container/BoundMethod::callBoundMethod(Object(Illuminate/Foundation/Application), Array, Object(Closure))
#19 C:/Users/admin/Desktop/laravel/ecommerce-project/vendor/laravel/framework/src/Illuminate/Container/Container.php(662): Illuminate/Container/BoundMethod::call(Object(Illuminate/Foundation/Application), Array, Array, NULL)
#20 C:/Users/admin/Desktop/laravel/ecommerce-project/vendor/laravel/framework/src/Illuminate/Database/Seeder.php(184): Illuminate/Container/Container->call(Array, Array)
#21 C:/Users/admin/Desktop/laravel/ecommerce-project/vendor/laravel/framework/src/Illuminate/Database/Seeder.php(193): Illuminate/Database/Seeder->Illuminate/Database/{closure}()
#22 C:/Users/admin/Desktop/laravel/ecommerce-project/vendor/laravel/framework/src/Illuminate/Database/Seeder.php(61): Illuminate/Database/Seeder->__invoke(Array)
#23 C:/Users/admin/Desktop/laravel/ecommerce-project/database/seeders/DatabaseSeeder.php(13): Illuminate/Database/Seeder->call('Database//Seeder...')
#24 C:/Users/admin/Desktop/laravel/ecommerce-project/vendor/laravel/framework/src/Illuminate/Container/BoundMethod.php(36): Database/Seeders/DatabaseSeeder->run()
#25 C:/Users/admin/Desktop/laravel/ecommerce-project/vendor/laravel/framework/src/Illuminate/Container/Util.php(41): Illuminate/Container/BoundMethod::Illuminate/Container/{closure}()
#26 C:/Users/admin/Desktop/laravel/ecommerce-project/vendor/laravel/framework/src/Illuminate/Container/BoundMethod.php(93): Illuminate/Container/Util::unwrapIfClosure(Object(Closure))
#27 C:/Users/admin/Desktop/laravel/ecommerce-project/vendor/laravel/framework/src/Illuminate/Container/BoundMethod.php(35): Illuminate/Container/BoundMethod::callBoundMethod(Object(Illuminate/Foundation/Application), Array, Object(Closure))
#28 C:/Users/admin/Desktop/laravel/ecommerce-project/vendor/laravel/framework/src/Illuminate/Container/Container.php(662): Illuminate/Container/BoundMethod::call(Object(Illuminate/Foundation/Application), Array, Array, NULL)
#29 C:/Users/admin/Desktop/laravel/ecommerce-project/vendor/laravel/framework/src/Illuminate/Database/Seeder.php(184): Illuminate/Container/Container->call(Array, Array)
#30 C:/Users/admin/Desktop/laravel/ecommerce-project/vendor/laravel/framework/src/Illuminate/Database/Seeder.php(193): Illuminate/Database/Seeder->Illuminate/Database/{closure}()
#31 C:/Users/admin/Desktop/laravel/ecommerce-project/vendor/laravel/framework/src/Illuminate/Database/Console/Seeds/SeedCommand.php(70): Illuminate/Database/Seeder->__invoke()
#32 C:/Users/admin/Desktop/laravel/ecommerce-project/vendor/laravel/framework/src/Illuminate/Database/Eloquent/Concerns/GuardsAttributes.php(155): Illuminate/Database/Console/Seeds/SeedCommand->Illuminate/Database/Console/Seeds/{closure}()
#33 C:/Users/admin/Desktop/laravel/ecommerce-project/vendor/laravel/framework/src/Illuminate/Database/Console/Seeds/SeedCommand.php(69): Illuminate/Database/Eloquent/Model::unguarded(Object(Closure))
#34 C:/Users/admin/Desktop/laravel/ecommerce-project/vendor/laravel/framework/src/Illuminate/Container/BoundMethod.php(36): Illuminate/Database/Console/Seeds/SeedCommand->handle()
#35 C:/Users/admin/Desktop/laravel/ecommerce-project/vendor/laravel/framework/src/Illuminate/Container/Util.php(41): Illuminate/Container/BoundMethod::Illuminate/Container/{closure}()
#36 C:/Users/admin/Desktop/laravel/ecommerce-project/vendor/laravel/framework/src/Illuminate/Container/BoundMethod.php(93): Illuminate/Container/Util::unwrapIfClosure(Object(Closure))
#37 C:/Users/admin/Desktop/laravel/ecommerce-project/vendor/laravel/framework/src/Illuminate/Container/BoundMethod.php(35): Illuminate/Container/BoundMethod::callBoundMethod(Object(Illuminate/Foundation/Application), Array, Object(Closure))
#38 C:/Users/admin/Desktop/laravel/ecommerce-project/vendor/laravel/framework/src/Illuminate/Container/Container.php(662): Illuminate/Container/BoundMethod::call(Object(Illuminate/Foundation/Application), Array, Array, NULL)
#39 C:/Users/admin/Desktop/laravel/ecommerce-project/vendor/laravel/framework/src/Illuminate/Console/Command.php(211): Illuminate/Container/Container->call(Array)
#40 C:/Users/admin/Desktop/laravel/ecommerce-project/vendor/symfony/console/Command/Command.php(326): Illuminate/Console/Command->execute(Object(Symfony/Component/Console/Input/ArrayInput), Object(Illuminate/Console/OutputStyle))
#41 C:/Users/admin/Desktop/laravel/ecommerce-project/vendor/laravel/framework/src/Illuminate/Console/Command.php(180): Symfony/Component/Console/Command/Command->run(Object(Symfony/Component/Console/Input/ArrayInput), Object(Illuminate/Console/OutputStyle))
#42 C:/Users/admin/Desktop/laravel/ecommerce-project/vendor/laravel/framework/src/Illuminate/Console/Concerns/CallsCommands.php(67): Illuminate/Console/Command->run(Object(Symfony/Component/Console/Input/ArrayInput), Object(Illuminate/Console/OutputStyle))
#43 C:/Users/admin/Desktop/laravel/ecommerce-project/vendor/laravel/framework/src/Illuminate/Console/Concerns/CallsCommands.php(28): Illuminate/Console/Command->runCommand('db:seed', Array, Object(Illuminate/Console/OutputStyle))
#44 C:/Users/admin/Desktop/laravel/ecommerce-project/vendor/laravel/framework/src/Illuminate/Database/Console/Migrations/FreshCommand.php(93): Illuminate/Console/Command->call('db:seed', Array)
#45 C:/Users/admin/Desktop/laravel/ecommerce-project/vendor/laravel/framework/src/Illuminate/Database/Console/Migrations/FreshCommand.php(69): Illuminate/Database/Console/Migrations/FreshCommand->runSeeder(NULL)
#46 C:/Users/admin/Desktop/laravel/ecommerce-project/vendor/laravel/framework/src/Illuminate/Container/BoundMethod.php(36): Illuminate/Database/Console/Migrations/FreshCommand->handle()
#47 C:/Users/admin/Desktop/laravel/ecommerce-project/vendor/laravel/framework/src/Illuminate/Container/Util.php(41): Illuminate/Container/BoundMethod::Illuminate/Container/{closure}()
#48 C:/Users/admin/Desktop/laravel/ecommerce-project/vendor/laravel/framework/src/Illuminate/Container/BoundMethod.php(93): Illuminate/Container/Util::unwrapIfClosure(Object(Closure))
#49 C:/Users/admin/Desktop/laravel/ecommerce-project/vendor/laravel/framework/src/Illuminate/Container/BoundMethod.php(35): Illuminate/Container/BoundMethod::callBoundMethod(Object(Illuminate/Foundation/Application), Array, Object(Closure))
#50 C:/Users/admin/Desktop/laravel/ecommerce-project/vendor/laravel/framework/src/Illuminate/Container/Container.php(662): Illuminate/Container/BoundMethod::call(Object(Illuminate/Foundation/Application), Array, Array, NULL)
#51 C:/Users/admin/Desktop/laravel/ecommerce-project/vendor/laravel/framework/src/Illuminate/Console/Command.php(211): Illuminate/Container/Container->call(Array)
#52 C:/Users/admin/Desktop/laravel/ecommerce-project/vendor/symfony/console/Command/Command.php(326): Illuminate/Console/Command->execute(Object(Symfony/Component/Console/Input/ArgvInput), Object(Illuminate/Console/OutputStyle))
#53 C:/Users/admin/Desktop/laravel/ecommerce-project/vendor/laravel/framework/src/Illuminate/Console/Command.php(180): Symfony/Component/Console/Command/Command->run(Object(Symfony/Component/Console/Input/ArgvInput), Object(Illuminate/Console/OutputStyle))
#54 C:/Users/admin/Desktop/laravel/ecommerce-project/vendor/symfony/console/Application.php(1121): Illuminate/Console/Command->run(Object(Symfony/Component/Console/Input/ArgvInput), Object(Symfony/Component/Console/Output/ConsoleOutput))
#55 C:/Users/admin/Desktop/laravel/ecommerce-project/vendor/symfony/console/Application.php(324): Symfony/Component/Console/Application->doRunCommand(Object(Illuminate/Database/Console/Migrations/FreshCommand), Object(Symfony/Component/Console/Input/ArgvInput), Object(Symfony/Component/Console/Output/ConsoleOutput))
#56 C:/Users/admin/Desktop/laravel/ecommerce-project/vendor/symfony/console/Application.php(175): Symfony/Component/Console/Application->doRun(Object(Symfony/Component/Console/Input/ArgvInput), Object(Symfony/Component/Console/Output/ConsoleOutput))
#57 C:/Users/admin/Desktop/laravel/ecommerce-project/vendor/laravel/framework/src/Illuminate/Foundation/Console/Kernel.php(201): Symfony/Component/Console/Application->run(Object(Symfony/Component/Console/Input/ArgvInput), Object(Symfony/Component/Console/Output/ConsoleOutput))
#58 C:/Users/admin/Desktop/laravel/ecommerce-project/artisan(35): Illuminate/Foundation/Console/Kernel->handle(Object(Symfony/Component/Console/Input/ArgvInput), Object(Symfony/Component/Console/Output/ConsoleOutput))
#59 {main}
"} 
[2026-07-08 14:28:15] local.ERROR: SQLSTATE[42S22]: Column not found: 1054 Unknown column 'name' in 'field list' (Connection: mysql, SQL: insert into `categories` (`name`, `description`, `image`, `updated_at`, `created_at`) values (Beauty, Saepe nihil cum eos a labore et., https://via.placeholder.com/640x480.png/00aaaa?text=modi, 2026-07-08 14:28:15, 2026-07-08 14:28:15)) {"exception":"[object] (Illuminate\\Database\\QueryException(code: 42S22): SQLSTATE[42S22]: Column not found: 1054 Unknown column 'name' in 'field list' (Connection: mysql, SQL: insert into `categories` (`name`, `description`, `image`, `updated_at`, `created_at`) values (Beauty, Saepe nihil cum eos a labore et., https://via.placeholder.com/640x480.png/00aaaa?text=modi, 2026-07-08 14:28:15, 2026-07-08 14:28:15)) at C:/Users/admin/Desktop/laravel/ecommerce-project/vendor/laravel/framework/src/Illuminate/Database/Connection.php:829)
[stacktrace]
#0 C:/Users/admin/Desktop/laravel/ecommerce-project/vendor/laravel/framework/src/Illuminate/Database/Connection.php(783): Illuminate/Database/Connection->runQueryCallback('insert into `ca...', Array, Object(Closure))
#1 C:/Users/admin/Desktop/laravel/ecommerce-project/vendor/laravel/framework/src/Illuminate/Database/MySqlConnection.php(34): Illuminate/Database/Connection->run('insert into `ca...', Array, Object(Closure))
#2 C:/Users/admin/Desktop/laravel/ecommerce-project/vendor/laravel/framework/src/Illuminate/Database/Query/Processors/MySqlProcessor.php(35): Illuminate/Database/MySqlConnection->insert('insert into `ca...', Array, 'id')
#3 C:/Users/admin/Desktop/laravel/ecommerce-project/vendor/laravel/framework/src/Illuminate/Database/Query/Builder.php(3549): Illuminate/Database/Query/Processors/MySqlProcessor->processInsertGetId(Object(Illuminate/Database/Query/Builder), 'insert into `ca...', Array, 'id')
#4 C:/Users/admin/Desktop/laravel/ecommerce-project/vendor/laravel/framework/src/Illuminate/Database/Eloquent/Builder.php(1982): Illuminate/Database/Query/Builder->insertGetId(Array, 'id')
#5 C:/Users/admin/Desktop/laravel/ecommerce-project/vendor/laravel/framework/src/Illuminate/Database/Eloquent/Model.php(1334): Illuminate/Database/Eloquent/Builder->__call('insertGetId', Array)
#6 C:/Users/admin/Desktop/laravel/ecommerce-project/vendor/laravel/framework/src/Illuminate/Database/Eloquent/Model.php(1299): Illuminate/Database/Eloquent/Model->insertAndSetId(Object(Illuminate/Database/Eloquent/Builder), Array)
#7 C:/Users/admin/Desktop/laravel/ecommerce-project/vendor/laravel/framework/src/Illuminate/Database/Eloquent/Model.php(1138): Illuminate/Database/Eloquent/Model->performInsert(Object(Illuminate/Database/Eloquent/Builder))
#8 C:/Users/admin/Desktop/laravel/ecommerce-project/vendor/laravel/framework/src/Illuminate/Database/Eloquent/Factories/Factory.php(338): Illuminate/Database/Eloquent/Model->save()
#9 C:/Users/admin/Desktop/laravel/ecommerce-project/vendor/laravel/framework/src/Illuminate/Collections/Traits/EnumeratesValues.php(240): Illuminate/Database/Eloquent/Factories/Factory->Illuminate/Database/Eloquent/Factories/{closure}(Object(App/Models/Category), 0)
#10 C:/Users/admin/Desktop/laravel/ecommerce-project/vendor/laravel/framework/src/Illuminate/Database/Eloquent/Factories/Factory.php(333): Illuminate/Support/Collection->each(Object(Closure))
#11 C:/Users/admin/Desktop/laravel/ecommerce-project/vendor/laravel/framework/src/Illuminate/Database/Eloquent/Factories/Factory.php(291): Illuminate/Database/Eloquent/Factories/Factory->store(Object(Illuminate/Database/Eloquent/Collection))
#12 C:/Users/admin/Desktop/laravel/ecommerce-project/database/seeders/CategorySeeder.php(15): Illuminate/Database/Eloquent/Factories/Factory->create()
#13 C:/Users/admin/Desktop/laravel/ecommerce-project/vendor/laravel/framework/src/Illuminate/Container/BoundMethod.php(36): Database/Seeders/CategorySeeder->run()
#14 C:/Users/admin/Desktop/laravel/ecommerce-project/vendor/laravel/framework/src/Illuminate/Container/Util.php(41): Illuminate/Container/BoundMethod::Illuminate/Container/{closure}()
#15 C:/Users/admin/Desktop/laravel/ecommerce-project/vendor/laravel/framework/src/Illuminate/Container/BoundMethod.php(93): Illuminate/Container/Util::unwrapIfClosure(Object(Closure))
#16 C:/Users/admin/Desktop/laravel/ecommerce-project/vendor/laravel/framework/src/Illuminate/Container/BoundMethod.php(35): Illuminate/Container/BoundMethod::callBoundMethod(Object(Illuminate/Foundation/Application), Array, Object(Closure))
#17 C:/Users/admin/Desktop/laravel/ecommerce-project/vendor/laravel/framework/src/Illuminate/Container/Container.php(662): Illuminate/Container/BoundMethod::call(Object(Illuminate/Foundation/Application), Array, Array, NULL)
#18 C:/Users/admin/Desktop/laravel/ecommerce-project/vendor/laravel/framework/src/Illuminate/Database/Seeder.php(184): Illuminate/Container/Container->call(Array, Array)
#19 C:/Users/admin/Desktop/laravel/ecommerce-project/vendor/laravel/framework/src/Illuminate/Database/Seeder.php(193): Illuminate/Database/Seeder->Illuminate/Database/{closure}()
#20 C:/Users/admin/Desktop/laravel/ecommerce-project/vendor/laravel/framework/src/Illuminate/Database/Seeder.php(61): Illuminate/Database/Seeder->__invoke(Array)
#21 C:/Users/admin/Desktop/laravel/ecommerce-project/database/seeders/DatabaseSeeder.php(13): Illuminate/Database/Seeder->call('Database//Seeder...')
#22 C:/Users/admin/Desktop/laravel/ecommerce-project/vendor/laravel/framework/src/Illuminate/Container/BoundMethod.php(36): Database/Seeders/DatabaseSeeder->run()
#23 C:/Users/admin/Desktop/laravel/ecommerce-project/vendor/laravel/framework/src/Illuminate/Container/Util.php(41): Illuminate/Container/BoundMethod::Illuminate/Container/{closure}()
#24 C:/Users/admin/Desktop/laravel/ecommerce-project/vendor/laravel/framework/src/Illuminate/Container/BoundMethod.php(93): Illuminate/Container/Util::unwrapIfClosure(Object(Closure))
#25 C:/Users/admin/Desktop/laravel/ecommerce-project/vendor/laravel/framework/src/Illuminate/Container/BoundMethod.php(35): Illuminate/Container/BoundMethod::callBoundMethod(Object(Illuminate/Foundation/Application), Array, Object(Closure))
#26 C:/Users/admin/Desktop/laravel/ecommerce-project/vendor/laravel/framework/src/Illuminate/Container/Container.php(662): Illuminate/Container/BoundMethod::call(Object(Illuminate/Foundation/Application), Array, Array, NULL)
#27 C:/Users/admin/Desktop/laravel/ecommerce-project/vendor/laravel/framework/src/Illuminate/Database/Seeder.php(184): Illuminate/Container/Container->call(Array, Array)
#28 C:/Users/admin/Desktop/laravel/ecommerce-project/vendor/laravel/framework/src/Illuminate/Database/Seeder.php(193): Illuminate/Database/Seeder->Illuminate/Database/{closure}()
#29 C:/Users/admin/Desktop/laravel/ecommerce-project/vendor/laravel/framework/src/Illuminate/Database/Console/Seeds/SeedCommand.php(70): Illuminate/Database/Seeder->__invoke()
#30 C:/Users/admin/Desktop/laravel/ecommerce-project/vendor/laravel/framework/src/Illuminate/Database/Eloquent/Concerns/GuardsAttributes.php(155): Illuminate/Database/Console/Seeds/SeedCommand->Illuminate/Database/Console/Seeds/{closure}()
#31 C:/Users/admin/Desktop/laravel/ecommerce-project/vendor/laravel/framework/src/Illuminate/Database/Console/Seeds/SeedCommand.php(69): Illuminate/Database/Eloquent/Model::unguarded(Object(Closure))
#32 C:/Users/admin/Desktop/laravel/ecommerce-project/vendor/laravel/framework/src/Illuminate/Container/BoundMethod.php(36): Illuminate/Database/Console/Seeds/SeedCommand->handle()
#33 C:/Users/admin/Desktop/laravel/ecommerce-project/vendor/laravel/framework/src/Illuminate/Container/Util.php(41): Illuminate/Container/BoundMethod::Illuminate/Container/{closure}()
#34 C:/Users/admin/Desktop/laravel/ecommerce-project/vendor/laravel/framework/src/Illuminate/Container/BoundMethod.php(93): Illuminate/Container/Util::unwrapIfClosure(Object(Closure))
#35 C:/Users/admin/Desktop/laravel/ecommerce-project/vendor/laravel/framework/src/Illuminate/Container/BoundMethod.php(35): Illuminate/Container/BoundMethod::callBoundMethod(Object(Illuminate/Foundation/Application), Array, Object(Closure))
#36 C:/Users/admin/Desktop/laravel/ecommerce-project/vendor/laravel/framework/src/Illuminate/Container/Container.php(662): Illuminate/Container/BoundMethod::call(Object(Illuminate/Foundation/Application), Array, Array, NULL)
#37 C:/Users/admin/Desktop/laravel/ecommerce-project/vendor/laravel/framework/src/Illuminate/Console/Command.php(211): Illuminate/Container/Container->call(Array)
#38 C:/Users/admin/Desktop/laravel/ecommerce-project/vendor/symfony/console/Command/Command.php(326): Illuminate/Console/Command->execute(Object(Symfony/Component/Console/Input/ArgvInput), Object(Illuminate/Console/OutputStyle))
#39 C:/Users/admin/Desktop/laravel/ecommerce-project/vendor/laravel/framework/src/Illuminate/Console/Command.php(180): Symfony/Component/Console/Command/Command->run(Object(Symfony/Component/Console/Input/ArgvInput), Object(Illuminate/Console/OutputStyle))
#40 C:/Users/admin/Desktop/laravel/ecommerce-project/vendor/symfony/console/Application.php(1121): Illuminate/Console/Command->run(Object(Symfony/Component/Console/Input/ArgvInput), Object(Symfony/Component/Console/Output/ConsoleOutput))
#41 C:/Users/admin/Desktop/laravel/ecommerce-project/vendor/symfony/console/Application.php(324): Symfony/Component/Console/Application->doRunCommand(Object(Illuminate/Database/Console/Seeds/SeedCommand), Object(Symfony/Component/Console/Input/ArgvInput), Object(Symfony/Component/Console/Output/ConsoleOutput))
#42 C:/Users/admin/Desktop/laravel/ecommerce-project/vendor/symfony/console/Application.php(175): Symfony/Component/Console/Application->doRun(Object(Symfony/Component/Console/Input/ArgvInput), Object(Symfony/Component/Console/Output/ConsoleOutput))
#43 C:/Users/admin/Desktop/laravel/ecommerce-project/vendor/laravel/framework/src/Illuminate/Foundation/Console/Kernel.php(201): Symfony/Component/Console/Application->run(Object(Symfony/Component/Console/Input/ArgvInput), Object(Symfony/Component/Console/Output/ConsoleOutput))
#44 C:/Users/admin/Desktop/laravel/ecommerce-project/artisan(35): Illuminate/Foundation/Console/Kernel->handle(Object(Symfony/Component/Console/Input/ArgvInput), Object(Symfony/Component/Console/Output/ConsoleOutput))
#45 {main}

[previous exception] [object] (PDOException(code: 42S22): SQLSTATE[42S22]: Column not found: 1054 Unknown column 'name' in 'field list' at C:/Users/admin/Desktop/laravel/ecommerce-project/vendor/laravel/framework/src/Illuminate/Database/MySqlConnection.php:39)
[stacktrace]
#0 C:/Users/admin/Desktop/laravel/ecommerce-project/vendor/laravel/framework/src/Illuminate/Database/MySqlConnection.php(39): PDO->prepare('insert into `ca...')
#1 C:/Users/admin/Desktop/laravel/ecommerce-project/vendor/laravel/framework/src/Illuminate/Database/Connection.php(816): Illuminate/Database/MySqlConnection->Illuminate/Database/{closure}('insert into `ca...', Array)
#2 C:/Users/admin/Desktop/laravel/ecommerce-project/vendor/laravel/framework/src/Illuminate/Database/Connection.php(783): Illuminate/Database/Connection->runQueryCallback('insert into `ca...', Array, Object(Closure))
#3 C:/Users/admin/Desktop/laravel/ecommerce-project/vendor/laravel/framework/src/Illuminate/Database/MySqlConnection.php(34): Illuminate/Database/Connection->run('insert into `ca...', Array, Object(Closure))
#4 C:/Users/admin/Desktop/laravel/ecommerce-project/vendor/laravel/framework/src/Illuminate/Database/Query/Processors/MySqlProcessor.php(35): Illuminate/Database/MySqlConnection->insert('insert into `ca...', Array, 'id')
#5 C:/Users/admin/Desktop/laravel/ecommerce-project/vendor/laravel/framework/src/Illuminate/Database/Query/Builder.php(3549): Illuminate/Database/Query/Processors/MySqlProcessor->processInsertGetId(Object(Illuminate/Database/Query/Builder), 'insert into `ca...', Array, 'id')
#6 C:/Users/admin/Desktop/laravel/ecommerce-project/vendor/laravel/framework/src/Illuminate/Database/Eloquent/Builder.php(1982): Illuminate/Database/Query/Builder->insertGetId(Array, 'id')
#7 C:/Users/admin/Desktop/laravel/ecommerce-project/vendor/laravel/framework/src/Illuminate/Database/Eloquent/Model.php(1334): Illuminate/Database/Eloquent/Builder->__call('insertGetId', Array)
#8 C:/Users/admin/Desktop/laravel/ecommerce-project/vendor/laravel/framework/src/Illuminate/Database/Eloquent/Model.php(1299): Illuminate/Database/Eloquent/Model->insertAndSetId(Object(Illuminate/Database/Eloquent/Builder), Array)
#9 C:/Users/admin/Desktop/laravel/ecommerce-project/vendor/laravel/framework/src/Illuminate/Database/Eloquent/Model.php(1138): Illuminate/Database/Eloquent/Model->performInsert(Object(Illuminate/Database/Eloquent/Builder))
#10 C:/Users/admin/Desktop/laravel/ecommerce-project/vendor/laravel/framework/src/Illuminate/Database/Eloquent/Factories/Factory.php(338): Illuminate/Database/Eloquent/Model->save()
#11 C:/Users/admin/Desktop/laravel/ecommerce-project/vendor/laravel/framework/src/Illuminate/Collections/Traits/EnumeratesValues.php(240): Illuminate/Database/Eloquent/Factories/Factory->Illuminate/Database/Eloquent/Factories/{closure}(Object(App/Models/Category), 0)
#12 C:/Users/admin/Desktop/laravel/ecommerce-project/vendor/laravel/framework/src/Illuminate/Database/Eloquent/Factories/Factory.php(333): Illuminate/Support/Collection->each(Object(Closure))
#13 C:/Users/admin/Desktop/laravel/ecommerce-project/vendor/laravel/framework/src/Illuminate/Database/Eloquent/Factories/Factory.php(291): Illuminate/Database/Eloquent/Factories/Factory->store(Object(Illuminate/Database/Eloquent/Collection))
#14 C:/Users/admin/Desktop/laravel/ecommerce-project/database/seeders/CategorySeeder.php(15): Illuminate/Database/Eloquent/Factories/Factory->create()
#15 C:/Users/admin/Desktop/laravel/ecommerce-project/vendor/laravel/framework/src/Illuminate/Container/BoundMethod.php(36): Database/Seeders/CategorySeeder->run()
#16 C:/Users/admin/Desktop/laravel/ecommerce-project/vendor/laravel/framework/src/Illuminate/Container/Util.php(41): Illuminate/Container/BoundMethod::Illuminate/Container/{closure}()
#17 C:/Users/admin/Desktop/laravel/ecommerce-project/vendor/laravel/framework/src/Illuminate/Container/BoundMethod.php(93): Illuminate/Container/Util::unwrapIfClosure(Object(Closure))
#18 C:/Users/admin/Desktop/laravel/ecommerce-project/vendor/laravel/framework/src/Illuminate/Container/BoundMethod.php(35): Illuminate/Container/BoundMethod::callBoundMethod(Object(Illuminate/Foundation/Application), Array, Object(Closure))
#19 C:/Users/admin/Desktop/laravel/ecommerce-project/vendor/laravel/framework/src/Illuminate/Container/Container.php(662): Illuminate/Container/BoundMethod::call(Object(Illuminate/Foundation/Application), Array, Array, NULL)
#20 C:/Users/admin/Desktop/laravel/ecommerce-project/vendor/laravel/framework/src/Illuminate/Database/Seeder.php(184): Illuminate/Container/Container->call(Array, Array)
#21 C:/Users/admin/Desktop/laravel/ecommerce-project/vendor/laravel/framework/src/Illuminate/Database/Seeder.php(193): Illuminate/Database/Seeder->Illuminate/Database/{closure}()
#22 C:/Users/admin/Desktop/laravel/ecommerce-project/vendor/laravel/framework/src/Illuminate/Database/Seeder.php(61): Illuminate/Database/Seeder->__invoke(Array)
#23 C:/Users/admin/Desktop/laravel/ecommerce-project/database/seeders/DatabaseSeeder.php(13): Illuminate/Database/Seeder->call('Database//Seeder...')
#24 C:/Users/admin/Desktop/laravel/ecommerce-project/vendor/laravel/framework/src/Illuminate/Container/BoundMethod.php(36): Database/Seeders/DatabaseSeeder->run()
#25 C:/Users/admin/Desktop/laravel/ecommerce-project/vendor/laravel/framework/src/Illuminate/Container/Util.php(41): Illuminate/Container/BoundMethod::Illuminate/Container/{closure}()
#26 C:/Users/admin/Desktop/laravel/ecommerce-project/vendor/laravel/framework/src/Illuminate/Container/BoundMethod.php(93): Illuminate/Container/Util::unwrapIfClosure(Object(Closure))
#27 C:/Users/admin/Desktop/laravel/ecommerce-project/vendor/laravel/framework/src/Illuminate/Container/BoundMethod.php(35): Illuminate/Container/BoundMethod::callBoundMethod(Object(Illuminate/Foundation/Application), Array, Object(Closure))
#28 C:/Users/admin/Desktop/laravel/ecommerce-project/vendor/laravel/framework/src/Illuminate/Container/Container.php(662): Illuminate/Container/BoundMethod::call(Object(Illuminate/Foundation/Application), Array, Array, NULL)
#29 C:/Users/admin/Desktop/laravel/ecommerce-project/vendor/laravel/framework/src/Illuminate/Database/Seeder.php(184): Illuminate/Container/Container->call(Array, Array)
#30 C:/Users/admin/Desktop/laravel/ecommerce-project/vendor/laravel/framework/src/Illuminate/Database/Seeder.php(193): Illuminate/Database/Seeder->Illuminate/Database/{closure}()
#31 C:/Users/admin/Desktop/laravel/ecommerce-project/vendor/laravel/framework/src/Illuminate/Database/Console/Seeds/SeedCommand.php(70): Illuminate/Database/Seeder->__invoke()
#32 C:/Users/admin/Desktop/laravel/ecommerce-project/vendor/laravel/framework/src/Illuminate/Database/Eloquent/Concerns/GuardsAttributes.php(155): Illuminate/Database/Console/Seeds/SeedCommand->Illuminate/Database/Console/Seeds/{closure}()
#33 C:/Users/admin/Desktop/laravel/ecommerce-project/vendor/laravel/framework/src/Illuminate/Database/Console/Seeds/SeedCommand.php(69): Illuminate/Database/Eloquent/Model::unguarded(Object(Closure))
#34 C:/Users/admin/Desktop/laravel/ecommerce-project/vendor/laravel/framework/src/Illuminate/Container/BoundMethod.php(36): Illuminate/Database/Console/Seeds/SeedCommand->handle()
#35 C:/Users/admin/Desktop/laravel/ecommerce-project/vendor/laravel/framework/src/Illuminate/Container/Util.php(41): Illuminate/Container/BoundMethod::Illuminate/Container/{closure}()
#36 C:/Users/admin/Desktop/laravel/ecommerce-project/vendor/laravel/framework/src/Illuminate/Container/BoundMethod.php(93): Illuminate/Container/Util::unwrapIfClosure(Object(Closure))
#37 C:/Users/admin/Desktop/laravel/ecommerce-project/vendor/laravel/framework/src/Illuminate/Container/BoundMethod.php(35): Illuminate/Container/BoundMethod::callBoundMethod(Object(Illuminate/Foundation/Application), Array, Object(Closure))
#38 C:/Users/admin/Desktop/laravel/ecommerce-project/vendor/laravel/framework/src/Illuminate/Container/Container.php(662): Illuminate/Container/BoundMethod::call(Object(Illuminate/Foundation/Application), Array, Array, NULL)
#39 C:/Users/admin/Desktop/laravel/ecommerce-project/vendor/laravel/framework/src/Illuminate/Console/Command.php(211): Illuminate/Container/Container->call(Array)
#40 C:/Users/admin/Desktop/laravel/ecommerce-project/vendor/symfony/console/Command/Command.php(326): Illuminate/Console/Command->execute(Object(Symfony/Component/Console/Input/ArgvInput), Object(Illuminate/Console/OutputStyle))
#41 C:/Users/admin/Desktop/laravel/ecommerce-project/vendor/laravel/framework/src/Illuminate/Console/Command.php(180): Symfony/Component/Console/Command/Command->run(Object(Symfony/Component/Console/Input/ArgvInput), Object(Illuminate/Console/OutputStyle))
#42 C:/Users/admin/Desktop/laravel/ecommerce-project/vendor/symfony/console/Application.php(1121): Illuminate/Console/Command->run(Object(Symfony/Component/Console/Input/ArgvInput), Object(Symfony/Component/Console/Output/ConsoleOutput))
#43 C:/Users/admin/Desktop/laravel/ecommerce-project/vendor/symfony/console/Application.php(324): Symfony/Component/Console/Application->doRunCommand(Object(Illuminate/Database/Console/Seeds/SeedCommand), Object(Symfony/Component/Console/Input/ArgvInput), Object(Symfony/Component/Console/Output/ConsoleOutput))
#44 C:/Users/admin/Desktop/laravel/ecommerce-project/vendor/symfony/console/Application.php(175): Symfony/Component/Console/Application->doRun(Object(Symfony/Component/Console/Input/ArgvInput), Object(Symfony/Component/Console/Output/ConsoleOutput))
#45 C:/Users/admin/Desktop/laravel/ecommerce-project/vendor/laravel/framework/src/Illuminate/Foundation/Console/Kernel.php(201): Symfony/Component/Console/Application->run(Object(Symfony/Component/Console/Input/ArgvInput), Object(Symfony/Component/Console/Output/ConsoleOutput))
#46 C:/Users/admin/Desktop/laravel/ecommerce-project/artisan(35): Illuminate/Foundation/Console/Kernel->handle(Object(Symfony/Component/Console/Input/ArgvInput), Object(Symfony/Component/Console/Output/ConsoleOutput))
#47 {main}
"} 
[2026-07-08 15:19:24] local.ERROR: Route [login] not defined. {"exception":"[object] (Symfony\\Component\\Routing\\Exception\\RouteNotFoundException(code: 0): Route [login] not defined. at C:/Users/admin/Desktop/laravel/ecommerce-project/vendor/laravel/framework/src/Illuminate/Routing/UrlGenerator.php:477)
[stacktrace]
#0 C:/Users/admin/Desktop/laravel/ecommerce-project/vendor/laravel/framework/src/Illuminate/Foundation/helpers.php(811): Illuminate/Routing/UrlGenerator->route('login', Array, true)
#1 C:/Users/admin/Desktop/laravel/ecommerce-project/app/Http/Middleware/Authenticate.php(15): route('login')
#2 C:/Users/admin/Desktop/laravel/ecommerce-project/vendor/laravel/framework/src/Illuminate/Auth/Middleware/Authenticate.php(96): App/Http/Middleware/Authenticate->redirectTo(Object(Illuminate/Http/Request))
#3 C:/Users/admin/Desktop/laravel/ecommerce-project/vendor/laravel/framework/src/Illuminate/Auth/Middleware/Authenticate.php(81): Illuminate/Auth/Middleware/Authenticate->unauthenticated(Object(Illuminate/Http/Request), Array)
#4 C:/Users/admin/Desktop/laravel/ecommerce-project/vendor/laravel/framework/src/Illuminate/Auth/Middleware/Authenticate.php(55): Illuminate/Auth/Middleware/Authenticate->authenticate(Object(Illuminate/Http/Request), Array)
#5 C:/Users/admin/Desktop/laravel/ecommerce-project/vendor/laravel/framework/src/Illuminate/Pipeline/Pipeline.php(183): Illuminate/Auth/Middleware/Authenticate->handle(Object(Illuminate/Http/Request), Object(Closure), 'sanctum')
#6 C:/Users/admin/Desktop/laravel/ecommerce-project/vendor/laravel/framework/src/Illuminate/Pipeline/Pipeline.php(119): Illuminate/Pipeline/Pipeline->Illuminate/Pipeline/{closure}(Object(Illuminate/Http/Request))
#7 C:/Users/admin/Desktop/laravel/ecommerce-project/vendor/laravel/framework/src/Illuminate/Routing/Router.php(805): Illuminate/Pipeline/Pipeline->then(Object(Closure))
#8 C:/Users/admin/Desktop/laravel/ecommerce-project/vendor/laravel/framework/src/Illuminate/Routing/Router.php(784): Illuminate/Routing/Router->runRouteWithinStack(Object(Illuminate/Routing/Route), Object(Illuminate/Http/Request))
#9 C:/Users/admin/Desktop/laravel/ecommerce-project/vendor/laravel/framework/src/Illuminate/Routing/Router.php(748): Illuminate/Routing/Router->runRoute(Object(Illuminate/Http/Request), Object(Illuminate/Routing/Route))
#10 C:/Users/admin/Desktop/laravel/ecommerce-project/vendor/laravel/framework/src/Illuminate/Routing/Router.php(737): Illuminate/Routing/Router->dispatchToRoute(Object(Illuminate/Http/Request))
#11 C:/Users/admin/Desktop/laravel/ecommerce-project/vendor/laravel/framework/src/Illuminate/Foundation/Http/Kernel.php(200): Illuminate/Routing/Router->dispatch(Object(Illuminate/Http/Request))
#12 C:/Users/admin/Desktop/laravel/ecommerce-project/vendor/laravel/framework/src/Illuminate/Pipeline/Pipeline.php(144): Illuminate/Foundation/Http/Kernel->Illuminate/Foundation/Http/{closure}(Object(Illuminate/Http/Request))
#13 C:/Users/admin/Desktop/laravel/ecommerce-project/vendor/laravel/framework/src/Illuminate/Foundation/Http/Middleware/TransformsRequest.php(21): Illuminate/Pipeline/Pipeline->Illuminate/Pipeline/{closure}(Object(Illuminate/Http/Request))
#14 C:/Users/admin/Desktop/laravel/ecommerce-project/vendor/laravel/framework/src/Illuminate/Foundation/Http/Middleware/ConvertEmptyStringsToNull.php(31): Illuminate/Foundation/Http/Middleware/TransformsRequest->handle(Object(Illuminate/Http/Request), Object(Closure))
#15 C:/Users/admin/Desktop/laravel/ecommerce-project/vendor/laravel/framework/src/Illuminate/Pipeline/Pipeline.php(183): Illuminate/Foundation/Http/Middleware/ConvertEmptyStringsToNull->handle(Object(Illuminate/Http/Request), Object(Closure))
#16 C:/Users/admin/Desktop/laravel/ecommerce-project/vendor/laravel/framework/src/Illuminate/Foundation/Http/Middleware/TransformsRequest.php(21): Illuminate/Pipeline/Pipeline->Illuminate/Pipeline/{closure}(Object(Illuminate/Http/Request))
#17 C:/Users/admin/Desktop/laravel/ecommerce-project/vendor/laravel/framework/src/Illuminate/Foundation/Http/Middleware/TrimStrings.php(40): Illuminate/Foundation/Http/Middleware/TransformsRequest->handle(Object(Illuminate/Http/Request), Object(Closure))
#18 C:/Users/admin/Desktop/laravel/ecommerce-project/vendor/laravel/framework/src/Illuminate/Pipeline/Pipeline.php(183): Illuminate/Foundation/Http/Middleware/TrimStrings->handle(Object(Illuminate/Http/Request), Object(Closure))
#19 C:/Users/admin/Desktop/laravel/ecommerce-project/vendor/laravel/framework/src/Illuminate/Foundation/Http/Middleware/ValidatePostSize.php(27): Illuminate/Pipeline/Pipeline->Illuminate/Pipeline/{closure}(Object(Illuminate/Http/Request))
#20 C:/Users/admin/Desktop/laravel/ecommerce-project/vendor/laravel/framework/src/Illuminate/Pipeline/Pipeline.php(183): Illuminate/Foundation/Http/Middleware/ValidatePostSize->handle(Object(Illuminate/Http/Request), Object(Closure))
#21 C:/Users/admin/Desktop/laravel/ecommerce-project/vendor/laravel/framework/src/Illuminate/Foundation/Http/Middleware/PreventRequestsDuringMaintenance.php(99): Illuminate/Pipeline/Pipeline->Illuminate/Pipeline/{closure}(Object(Illuminate/Http/Request))
#22 C:/Users/admin/Desktop/laravel/ecommerce-project/vendor/laravel/framework/src/Illuminate/Pipeline/Pipeline.php(183): Illuminate/Foundation/Http/Middleware/PreventRequestsDuringMaintenance->handle(Object(Illuminate/Http/Request), Object(Closure))
#23 C:/Users/admin/Desktop/laravel/ecommerce-project/vendor/laravel/framework/src/Illuminate/Http/Middleware/HandleCors.php(62): Illuminate/Pipeline/Pipeline->Illuminate/Pipeline/{closure}(Object(Illuminate/Http/Request))
#24 C:/Users/admin/Desktop/laravel/ecommerce-project/vendor/laravel/framework/src/Illuminate/Pipeline/Pipeline.php(183): Illuminate/Http/Middleware/HandleCors->handle(Object(Illuminate/Http/Request), Object(Closure))
#25 C:/Users/admin/Desktop/laravel/ecommerce-project/vendor/laravel/framework/src/Illuminate/Http/Middleware/TrustProxies.php(39): Illuminate/Pipeline/Pipeline->Illuminate/Pipeline/{closure}(Object(Illuminate/Http/Request))
#26 C:/Users/admin/Desktop/laravel/ecommerce-project/vendor/laravel/framework/src/Illuminate/Pipeline/Pipeline.php(183): Illuminate/Http/Middleware/TrustProxies->handle(Object(Illuminate/Http/Request), Object(Closure))
#27 C:/Users/admin/Desktop/laravel/ecommerce-project/vendor/laravel/framework/src/Illuminate/Pipeline/Pipeline.php(119): Illuminate/Pipeline/Pipeline->Illuminate/Pipeline/{closure}(Object(Illuminate/Http/Request))
#28 C:/Users/admin/Desktop/laravel/ecommerce-project/vendor/laravel/framework/src/Illuminate/Foundation/Http/Kernel.php(175): Illuminate/Pipeline/Pipeline->then(Object(Closure))
#29 C:/Users/admin/Desktop/laravel/ecommerce-project/vendor/laravel/framework/src/Illuminate/Foundation/Http/Kernel.php(144): Illuminate/Foundation/Http/Kernel->sendRequestThroughRouter(Object(Illuminate/Http/Request))
#30 C:/Users/admin/Desktop/laravel/ecommerce-project/public/index.php(51): Illuminate/Foundation/Http/Kernel->handle(Object(Illuminate/Http/Request))
#31 C:/Users/admin/Desktop/laravel/ecommerce-project/vendor/laravel/framework/src/Illuminate/Foundation/resources/server.php(16): require_once('C://Users//admin//...')
#32 {main}
"} 
[2026-07-08 15:19:41] local.ERROR: Route [login] not defined. {"exception":"[object] (Symfony\\Component\\Routing\\Exception\\RouteNotFoundException(code: 0): Route [login] not defined. at C:/Users/admin/Desktop/laravel/ecommerce-project/vendor/laravel/framework/src/Illuminate/Routing/UrlGenerator.php:477)
[stacktrace]
#0 C:/Users/admin/Desktop/laravel/ecommerce-project/vendor/laravel/framework/src/Illuminate/Foundation/helpers.php(811): Illuminate/Routing/UrlGenerator->route('login', Array, true)
#1 C:/Users/admin/Desktop/laravel/ecommerce-project/app/Http/Middleware/Authenticate.php(15): route('login')
#2 C:/Users/admin/Desktop/laravel/ecommerce-project/vendor/laravel/framework/src/Illuminate/Auth/Middleware/Authenticate.php(96): App/Http/Middleware/Authenticate->redirectTo(Object(Illuminate/Http/Request))
#3 C:/Users/admin/Desktop/laravel/ecommerce-project/vendor/laravel/framework/src/Illuminate/Auth/Middleware/Authenticate.php(81): Illuminate/Auth/Middleware/Authenticate->unauthenticated(Object(Illuminate/Http/Request), Array)
#4 C:/Users/admin/Desktop/laravel/ecommerce-project/vendor/laravel/framework/src/Illuminate/Auth/Middleware/Authenticate.php(55): Illuminate/Auth/Middleware/Authenticate->authenticate(Object(Illuminate/Http/Request), Array)
#5 C:/Users/admin/Desktop/laravel/ecommerce-project/vendor/laravel/framework/src/Illuminate/Pipeline/Pipeline.php(183): Illuminate/Auth/Middleware/Authenticate->handle(Object(Illuminate/Http/Request), Object(Closure), 'sanctum')
#6 C:/Users/admin/Desktop/laravel/ecommerce-project/vendor/laravel/framework/src/Illuminate/Pipeline/Pipeline.php(119): Illuminate/Pipeline/Pipeline->Illuminate/Pipeline/{closure}(Object(Illuminate/Http/Request))
#7 C:/Users/admin/Desktop/laravel/ecommerce-project/vendor/laravel/framework/src/Illuminate/Routing/Router.php(805): Illuminate/Pipeline/Pipeline->then(Object(Closure))
#8 C:/Users/admin/Desktop/laravel/ecommerce-project/vendor/laravel/framework/src/Illuminate/Routing/Router.php(784): Illuminate/Routing/Router->runRouteWithinStack(Object(Illuminate/Routing/Route), Object(Illuminate/Http/Request))
#9 C:/Users/admin/Desktop/laravel/ecommerce-project/vendor/laravel/framework/src/Illuminate/Routing/Router.php(748): Illuminate/Routing/Router->runRoute(Object(Illuminate/Http/Request), Object(Illuminate/Routing/Route))
#10 C:/Users/admin/Desktop/laravel/ecommerce-project/vendor/laravel/framework/src/Illuminate/Routing/Router.php(737): Illuminate/Routing/Router->dispatchToRoute(Object(Illuminate/Http/Request))
#11 C:/Users/admin/Desktop/laravel/ecommerce-project/vendor/laravel/framework/src/Illuminate/Foundation/Http/Kernel.php(200): Illuminate/Routing/Router->dispatch(Object(Illuminate/Http/Request))
#12 C:/Users/admin/Desktop/laravel/ecommerce-project/vendor/laravel/framework/src/Illuminate/Pipeline/Pipeline.php(144): Illuminate/Foundation/Http/Kernel->Illuminate/Foundation/Http/{closure}(Object(Illuminate/Http/Request))
#13 C:/Users/admin/Desktop/laravel/ecommerce-project/vendor/laravel/framework/src/Illuminate/Foundation/Http/Middleware/TransformsRequest.php(21): Illuminate/Pipeline/Pipeline->Illuminate/Pipeline/{closure}(Object(Illuminate/Http/Request))
#14 C:/Users/admin/Desktop/laravel/ecommerce-project/vendor/laravel/framework/src/Illuminate/Foundation/Http/Middleware/ConvertEmptyStringsToNull.php(31): Illuminate/Foundation/Http/Middleware/TransformsRequest->handle(Object(Illuminate/Http/Request), Object(Closure))
#15 C:/Users/admin/Desktop/laravel/ecommerce-project/vendor/laravel/framework/src/Illuminate/Pipeline/Pipeline.php(183): Illuminate/Foundation/Http/Middleware/ConvertEmptyStringsToNull->handle(Object(Illuminate/Http/Request), Object(Closure))
#16 C:/Users/admin/Desktop/laravel/ecommerce-project/vendor/laravel/framework/src/Illuminate/Foundation/Http/Middleware/TransformsRequest.php(21): Illuminate/Pipeline/Pipeline->Illuminate/Pipeline/{closure}(Object(Illuminate/Http/Request))
#17 C:/Users/admin/Desktop/laravel/ecommerce-project/vendor/laravel/framework/src/Illuminate/Foundation/Http/Middleware/TrimStrings.php(40): Illuminate/Foundation/Http/Middleware/TransformsRequest->handle(Object(Illuminate/Http/Request), Object(Closure))
#18 C:/Users/admin/Desktop/laravel/ecommerce-project/vendor/laravel/framework/src/Illuminate/Pipeline/Pipeline.php(183): Illuminate/Foundation/Http/Middleware/TrimStrings->handle(Object(Illuminate/Http/Request), Object(Closure))
#19 C:/Users/admin/Desktop/laravel/ecommerce-project/vendor/laravel/framework/src/Illuminate/Foundation/Http/Middleware/ValidatePostSize.php(27): Illuminate/Pipeline/Pipeline->Illuminate/Pipeline/{closure}(Object(Illuminate/Http/Request))
#20 C:/Users/admin/Desktop/laravel/ecommerce-project/vendor/laravel/framework/src/Illuminate/Pipeline/Pipeline.php(183): Illuminate/Foundation/Http/Middleware/ValidatePostSize->handle(Object(Illuminate/Http/Request), Object(Closure))
#21 C:/Users/admin/Desktop/laravel/ecommerce-project/vendor/laravel/framework/src/Illuminate/Foundation/Http/Middleware/PreventRequestsDuringMaintenance.php(99): Illuminate/Pipeline/Pipeline->Illuminate/Pipeline/{closure}(Object(Illuminate/Http/Request))
#22 C:/Users/admin/Desktop/laravel/ecommerce-project/vendor/laravel/framework/src/Illuminate/Pipeline/Pipeline.php(183): Illuminate/Foundation/Http/Middleware/PreventRequestsDuringMaintenance->handle(Object(Illuminate/Http/Request), Object(Closure))
#23 C:/Users/admin/Desktop/laravel/ecommerce-project/vendor/laravel/framework/src/Illuminate/Http/Middleware/HandleCors.php(62): Illuminate/Pipeline/Pipeline->Illuminate/Pipeline/{closure}(Object(Illuminate/Http/Request))
#24 C:/Users/admin/Desktop/laravel/ecommerce-project/vendor/laravel/framework/src/Illuminate/Pipeline/Pipeline.php(183): Illuminate/Http/Middleware/HandleCors->handle(Object(Illuminate/Http/Request), Object(Closure))
#25 C:/Users/admin/Desktop/laravel/ecommerce-project/vendor/laravel/framework/src/Illuminate/Http/Middleware/TrustProxies.php(39): Illuminate/Pipeline/Pipeline->Illuminate/Pipeline/{closure}(Object(Illuminate/Http/Request))
#26 C:/Users/admin/Desktop/laravel/ecommerce-project/vendor/laravel/framework/src/Illuminate/Pipeline/Pipeline.php(183): Illuminate/Http/Middleware/TrustProxies->handle(Object(Illuminate/Http/Request), Object(Closure))
#27 C:/Users/admin/Desktop/laravel/ecommerce-project/vendor/laravel/framework/src/Illuminate/Pipeline/Pipeline.php(119): Illuminate/Pipeline/Pipeline->Illuminate/Pipeline/{closure}(Object(Illuminate/Http/Request))
#28 C:/Users/admin/Desktop/laravel/ecommerce-project/vendor/laravel/framework/src/Illuminate/Foundation/Http/Kernel.php(175): Illuminate/Pipeline/Pipeline->then(Object(Closure))
#29 C:/Users/admin/Desktop/laravel/ecommerce-project/vendor/laravel/framework/src/Illuminate/Foundation/Http/Kernel.php(144): Illuminate/Foundation/Http/Kernel->sendRequestThroughRouter(Object(Illuminate/Http/Request))
#30 C:/Users/admin/Desktop/laravel/ecommerce-project/public/index.php(51): Illuminate/Foundation/Http/Kernel->handle(Object(Illuminate/Http/Request))
#31 C:/Users/admin/Desktop/laravel/ecommerce-project/vendor/laravel/framework/src/Illuminate/Foundation/resources/server.php(16): require_once('C://Users//admin//...')
#32 {main}
"} 
[2026-07-08 15:30:11] local.ERROR: Route [login] not defined. {"exception":"[object] (Symfony\\Component\\Routing\\Exception\\RouteNotFoundException(code: 0): Route [login] not defined. at C:/Users/admin/Desktop/laravel/ecommerce-project/vendor/laravel/framework/src/Illuminate/Routing/UrlGenerator.php:477)
[stacktrace]
#0 C:/Users/admin/Desktop/laravel/ecommerce-project/vendor/laravel/framework/src/Illuminate/Foundation/helpers.php(811): Illuminate/Routing/UrlGenerator->route('login', Array, true)
#1 C:/Users/admin/Desktop/laravel/ecommerce-project/app/Http/Middleware/Authenticate.php(15): route('login')
#2 C:/Users/admin/Desktop/laravel/ecommerce-project/vendor/laravel/framework/src/Illuminate/Auth/Middleware/Authenticate.php(96): App/Http/Middleware/Authenticate->redirectTo(Object(Illuminate/Http/Request))
#3 C:/Users/admin/Desktop/laravel/ecommerce-project/vendor/laravel/framework/src/Illuminate/Auth/Middleware/Authenticate.php(81): Illuminate/Auth/Middleware/Authenticate->unauthenticated(Object(Illuminate/Http/Request), Array)
#4 C:/Users/admin/Desktop/laravel/ecommerce-project/vendor/laravel/framework/src/Illuminate/Auth/Middleware/Authenticate.php(55): Illuminate/Auth/Middleware/Authenticate->authenticate(Object(Illuminate/Http/Request), Array)
#5 C:/Users/admin/Desktop/laravel/ecommerce-project/vendor/laravel/framework/src/Illuminate/Pipeline/Pipeline.php(183): Illuminate/Auth/Middleware/Authenticate->handle(Object(Illuminate/Http/Request), Object(Closure), 'sanctum')
#6 C:/Users/admin/Desktop/laravel/ecommerce-project/vendor/laravel/framework/src/Illuminate/Pipeline/Pipeline.php(119): Illuminate/Pipeline/Pipeline->Illuminate/Pipeline/{closure}(Object(Illuminate/Http/Request))
#7 C:/Users/admin/Desktop/laravel/ecommerce-project/vendor/laravel/framework/src/Illuminate/Routing/Router.php(805): Illuminate/Pipeline/Pipeline->then(Object(Closure))
#8 C:/Users/admin/Desktop/laravel/ecommerce-project/vendor/laravel/framework/src/Illuminate/Routing/Router.php(784): Illuminate/Routing/Router->runRouteWithinStack(Object(Illuminate/Routing/Route), Object(Illuminate/Http/Request))
#9 C:/Users/admin/Desktop/laravel/ecommerce-project/vendor/laravel/framework/src/Illuminate/Routing/Router.php(748): Illuminate/Routing/Router->runRoute(Object(Illuminate/Http/Request), Object(Illuminate/Routing/Route))
#10 C:/Users/admin/Desktop/laravel/ecommerce-project/vendor/laravel/framework/src/Illuminate/Routing/Router.php(737): Illuminate/Routing/Router->dispatchToRoute(Object(Illuminate/Http/Request))
#11 C:/Users/admin/Desktop/laravel/ecommerce-project/vendor/laravel/framework/src/Illuminate/Foundation/Http/Kernel.php(200): Illuminate/Routing/Router->dispatch(Object(Illuminate/Http/Request))
#12 C:/Users/admin/Desktop/laravel/ecommerce-project/vendor/laravel/framework/src/Illuminate/Pipeline/Pipeline.php(144): Illuminate/Foundation/Http/Kernel->Illuminate/Foundation/Http/{closure}(Object(Illuminate/Http/Request))
#13 C:/Users/admin/Desktop/laravel/ecommerce-project/vendor/laravel/framework/src/Illuminate/Foundation/Http/Middleware/TransformsRequest.php(21): Illuminate/Pipeline/Pipeline->Illuminate/Pipeline/{closure}(Object(Illuminate/Http/Request))
#14 C:/Users/admin/Desktop/laravel/ecommerce-project/vendor/laravel/framework/src/Illuminate/Foundation/Http/Middleware/ConvertEmptyStringsToNull.php(31): Illuminate/Foundation/Http/Middleware/TransformsRequest->handle(Object(Illuminate/Http/Request), Object(Closure))
#15 C:/Users/admin/Desktop/laravel/ecommerce-project/vendor/laravel/framework/src/Illuminate/Pipeline/Pipeline.php(183): Illuminate/Foundation/Http/Middleware/ConvertEmptyStringsToNull->handle(Object(Illuminate/Http/Request), Object(Closure))
#16 C:/Users/admin/Desktop/laravel/ecommerce-project/vendor/laravel/framework/src/Illuminate/Foundation/Http/Middleware/TransformsRequest.php(21): Illuminate/Pipeline/Pipeline->Illuminate/Pipeline/{closure}(Object(Illuminate/Http/Request))
#17 C:/Users/admin/Desktop/laravel/ecommerce-project/vendor/laravel/framework/src/Illuminate/Foundation/Http/Middleware/TrimStrings.php(40): Illuminate/Foundation/Http/Middleware/TransformsRequest->handle(Object(Illuminate/Http/Request), Object(Closure))
#18 C:/Users/admin/Desktop/laravel/ecommerce-project/vendor/laravel/framework/src/Illuminate/Pipeline/Pipeline.php(183): Illuminate/Foundation/Http/Middleware/TrimStrings->handle(Object(Illuminate/Http/Request), Object(Closure))
#19 C:/Users/admin/Desktop/laravel/ecommerce-project/vendor/laravel/framework/src/Illuminate/Foundation/Http/Middleware/ValidatePostSize.php(27): Illuminate/Pipeline/Pipeline->Illuminate/Pipeline/{closure}(Object(Illuminate/Http/Request))
#20 C:/Users/admin/Desktop/laravel/ecommerce-project/vendor/laravel/framework/src/Illuminate/Pipeline/Pipeline.php(183): Illuminate/Foundation/Http/Middleware/ValidatePostSize->handle(Object(Illuminate/Http/Request), Object(Closure))
#21 C:/Users/admin/Desktop/laravel/ecommerce-project/vendor/laravel/framework/src/Illuminate/Foundation/Http/Middleware/PreventRequestsDuringMaintenance.php(99): Illuminate/Pipeline/Pipeline->Illuminate/Pipeline/{closure}(Object(Illuminate/Http/Request))
#22 C:/Users/admin/Desktop/laravel/ecommerce-project/vendor/laravel/framework/src/Illuminate/Pipeline/Pipeline.php(183): Illuminate/Foundation/Http/Middleware/PreventRequestsDuringMaintenance->handle(Object(Illuminate/Http/Request), Object(Closure))
#23 C:/Users/admin/Desktop/laravel/ecommerce-project/vendor/laravel/framework/src/Illuminate/Http/Middleware/HandleCors.php(62): Illuminate/Pipeline/Pipeline->Illuminate/Pipeline/{closure}(Object(Illuminate/Http/Request))
#24 C:/Users/admin/Desktop/laravel/ecommerce-project/vendor/laravel/framework/src/Illuminate/Pipeline/Pipeline.php(183): Illuminate/Http/Middleware/HandleCors->handle(Object(Illuminate/Http/Request), Object(Closure))
#25 C:/Users/admin/Desktop/laravel/ecommerce-project/vendor/laravel/framework/src/Illuminate/Http/Middleware/TrustProxies.php(39): Illuminate/Pipeline/Pipeline->Illuminate/Pipeline/{closure}(Object(Illuminate/Http/Request))
#26 C:/Users/admin/Desktop/laravel/ecommerce-project/vendor/laravel/framework/src/Illuminate/Pipeline/Pipeline.php(183): Illuminate/Http/Middleware/TrustProxies->handle(Object(Illuminate/Http/Request), Object(Closure))
#27 C:/Users/admin/Desktop/laravel/ecommerce-project/vendor/laravel/framework/src/Illuminate/Pipeline/Pipeline.php(119): Illuminate/Pipeline/Pipeline->Illuminate/Pipeline/{closure}(Object(Illuminate/Http/Request))
#28 C:/Users/admin/Desktop/laravel/ecommerce-project/vendor/laravel/framework/src/Illuminate/Foundation/Http/Kernel.php(175): Illuminate/Pipeline/Pipeline->then(Object(Closure))
#29 C:/Users/admin/Desktop/laravel/ecommerce-project/vendor/laravel/framework/src/Illuminate/Foundation/Http/Kernel.php(144): Illuminate/Foundation/Http/Kernel->sendRequestThroughRouter(Object(Illuminate/Http/Request))
#30 C:/Users/admin/Desktop/laravel/ecommerce-project/public/index.php(51): Illuminate/Foundation/Http/Kernel->handle(Object(Illuminate/Http/Request))
#31 C:/Users/admin/Desktop/laravel/ecommerce-project/vendor/laravel/framework/src/Illuminate/Foundation/resources/server.php(16): require_once('C://Users//admin//...')
#32 {main}
"} 
[2026-07-08 16:01:42] local.ERROR: Route [login] not defined. {"exception":"[object] (Symfony\\Component\\Routing\\Exception\\RouteNotFoundException(code: 0): Route [login] not defined. at C:/Users/admin/Desktop/laravel/ecommerce-project/vendor/laravel/framework/src/Illuminate/Routing/UrlGenerator.php:477)
[stacktrace]
#0 C:/Users/admin/Desktop/laravel/ecommerce-project/vendor/laravel/framework/src/Illuminate/Foundation/helpers.php(811): Illuminate/Routing/UrlGenerator->route('login', Array, true)
#1 C:/Users/admin/Desktop/laravel/ecommerce-project/app/Http/Middleware/Authenticate.php(15): route('login')
#2 C:/Users/admin/Desktop/laravel/ecommerce-project/vendor/laravel/framework/src/Illuminate/Auth/Middleware/Authenticate.php(96): App/Http/Middleware/Authenticate->redirectTo(Object(Illuminate/Http/Request))
#3 C:/Users/admin/Desktop/laravel/ecommerce-project/vendor/laravel/framework/src/Illuminate/Auth/Middleware/Authenticate.php(81): Illuminate/Auth/Middleware/Authenticate->unauthenticated(Object(Illuminate/Http/Request), Array)
#4 C:/Users/admin/Desktop/laravel/ecommerce-project/vendor/laravel/framework/src/Illuminate/Auth/Middleware/Authenticate.php(55): Illuminate/Auth/Middleware/Authenticate->authenticate(Object(Illuminate/Http/Request), Array)
#5 C:/Users/admin/Desktop/laravel/ecommerce-project/vendor/laravel/framework/src/Illuminate/Pipeline/Pipeline.php(183): Illuminate/Auth/Middleware/Authenticate->handle(Object(Illuminate/Http/Request), Object(Closure), 'sanctum')
#6 C:/Users/admin/Desktop/laravel/ecommerce-project/vendor/laravel/framework/src/Illuminate/Pipeline/Pipeline.php(119): Illuminate/Pipeline/Pipeline->Illuminate/Pipeline/{closure}(Object(Illuminate/Http/Request))
#7 C:/Users/admin/Desktop/laravel/ecommerce-project/vendor/laravel/framework/src/Illuminate/Routing/Router.php(805): Illuminate/Pipeline/Pipeline->then(Object(Closure))
#8 C:/Users/admin/Desktop/laravel/ecommerce-project/vendor/laravel/framework/src/Illuminate/Routing/Router.php(784): Illuminate/Routing/Router->runRouteWithinStack(Object(Illuminate/Routing/Route), Object(Illuminate/Http/Request))
#9 C:/Users/admin/Desktop/laravel/ecommerce-project/vendor/laravel/framework/src/Illuminate/Routing/Router.php(748): Illuminate/Routing/Router->runRoute(Object(Illuminate/Http/Request), Object(Illuminate/Routing/Route))
#10 C:/Users/admin/Desktop/laravel/ecommerce-project/vendor/laravel/framework/src/Illuminate/Routing/Router.php(737): Illuminate/Routing/Router->dispatchToRoute(Object(Illuminate/Http/Request))
#11 C:/Users/admin/Desktop/laravel/ecommerce-project/vendor/laravel/framework/src/Illuminate/Foundation/Http/Kernel.php(200): Illuminate/Routing/Router->dispatch(Object(Illuminate/Http/Request))
#12 C:/Users/admin/Desktop/laravel/ecommerce-project/vendor/laravel/framework/src/Illuminate/Pipeline/Pipeline.php(144): Illuminate/Foundation/Http/Kernel->Illuminate/Foundation/Http/{closure}(Object(Illuminate/Http/Request))
#13 C:/Users/admin/Desktop/laravel/ecommerce-project/vendor/laravel/framework/src/Illuminate/Foundation/Http/Middleware/TransformsRequest.php(21): Illuminate/Pipeline/Pipeline->Illuminate/Pipeline/{closure}(Object(Illuminate/Http/Request))
#14 C:/Users/admin/Desktop/laravel/ecommerce-project/vendor/laravel/framework/src/Illuminate/Foundation/Http/Middleware/ConvertEmptyStringsToNull.php(31): Illuminate/Foundation/Http/Middleware/TransformsRequest->handle(Object(Illuminate/Http/Request), Object(Closure))
#15 C:/Users/admin/Desktop/laravel/ecommerce-project/vendor/laravel/framework/src/Illuminate/Pipeline/Pipeline.php(183): Illuminate/Foundation/Http/Middleware/ConvertEmptyStringsToNull->handle(Object(Illuminate/Http/Request), Object(Closure))
#16 C:/Users/admin/Desktop/laravel/ecommerce-project/vendor/laravel/framework/src/Illuminate/Foundation/Http/Middleware/TransformsRequest.php(21): Illuminate/Pipeline/Pipeline->Illuminate/Pipeline/{closure}(Object(Illuminate/Http/Request))
#17 C:/Users/admin/Desktop/laravel/ecommerce-project/vendor/laravel/framework/src/Illuminate/Foundation/Http/Middleware/TrimStrings.php(40): Illuminate/Foundation/Http/Middleware/TransformsRequest->handle(Object(Illuminate/Http/Request), Object(Closure))
#18 C:/Users/admin/Desktop/laravel/ecommerce-project/vendor/laravel/framework/src/Illuminate/Pipeline/Pipeline.php(183): Illuminate/Foundation/Http/Middleware/TrimStrings->handle(Object(Illuminate/Http/Request), Object(Closure))
#19 C:/Users/admin/Desktop/laravel/ecommerce-project/vendor/laravel/framework/src/Illuminate/Foundation/Http/Middleware/ValidatePostSize.php(27): Illuminate/Pipeline/Pipeline->Illuminate/Pipeline/{closure}(Object(Illuminate/Http/Request))
#20 C:/Users/admin/Desktop/laravel/ecommerce-project/vendor/laravel/framework/src/Illuminate/Pipeline/Pipeline.php(183): Illuminate/Foundation/Http/Middleware/ValidatePostSize->handle(Object(Illuminate/Http/Request), Object(Closure))
#21 C:/Users/admin/Desktop/laravel/ecommerce-project/vendor/laravel/framework/src/Illuminate/Foundation/Http/Middleware/PreventRequestsDuringMaintenance.php(99): Illuminate/Pipeline/Pipeline->Illuminate/Pipeline/{closure}(Object(Illuminate/Http/Request))
#22 C:/Users/admin/Desktop/laravel/ecommerce-project/vendor/laravel/framework/src/Illuminate/Pipeline/Pipeline.php(183): Illuminate/Foundation/Http/Middleware/PreventRequestsDuringMaintenance->handle(Object(Illuminate/Http/Request), Object(Closure))
#23 C:/Users/admin/Desktop/laravel/ecommerce-project/vendor/laravel/framework/src/Illuminate/Http/Middleware/HandleCors.php(62): Illuminate/Pipeline/Pipeline->Illuminate/Pipeline/{closure}(Object(Illuminate/Http/Request))
#24 C:/Users/admin/Desktop/laravel/ecommerce-project/vendor/laravel/framework/src/Illuminate/Pipeline/Pipeline.php(183): Illuminate/Http/Middleware/HandleCors->handle(Object(Illuminate/Http/Request), Object(Closure))
#25 C:/Users/admin/Desktop/laravel/ecommerce-project/vendor/laravel/framework/src/Illuminate/Http/Middleware/TrustProxies.php(39): Illuminate/Pipeline/Pipeline->Illuminate/Pipeline/{closure}(Object(Illuminate/Http/Request))
#26 C:/Users/admin/Desktop/laravel/ecommerce-project/vendor/laravel/framework/src/Illuminate/Pipeline/Pipeline.php(183): Illuminate/Http/Middleware/TrustProxies->handle(Object(Illuminate/Http/Request), Object(Closure))
#27 C:/Users/admin/Desktop/laravel/ecommerce-project/vendor/laravel/framework/src/Illuminate/Pipeline/Pipeline.php(119): Illuminate/Pipeline/Pipeline->Illuminate/Pipeline/{closure}(Object(Illuminate/Http/Request))
#28 C:/Users/admin/Desktop/laravel/ecommerce-project/vendor/laravel/framework/src/Illuminate/Foundation/Http/Kernel.php(175): Illuminate/Pipeline/Pipeline->then(Object(Closure))
#29 C:/Users/admin/Desktop/laravel/ecommerce-project/vendor/laravel/framework/src/Illuminate/Foundation/Http/Kernel.php(144): Illuminate/Foundation/Http/Kernel->sendRequestThroughRouter(Object(Illuminate/Http/Request))
#30 C:/Users/admin/Desktop/laravel/ecommerce-project/public/index.php(51): Illuminate/Foundation/Http/Kernel->handle(Object(Illuminate/Http/Request))
#31 C:/Users/admin/Desktop/laravel/ecommerce-project/vendor/laravel/framework/src/Illuminate/Foundation/resources/server.php(16): require_once('C://Users//admin//...')
#32 {main}
"} 
[2026-07-08 16:08:21] local.ERROR: Route [login] not defined. {"exception":"[object] (Symfony\\Component\\Routing\\Exception\\RouteNotFoundException(code: 0): Route [login] not defined. at C:/Users/admin/Desktop/laravel/ecommerce-project/vendor/laravel/framework/src/Illuminate/Routing/UrlGenerator.php:477)
[stacktrace]
#0 C:/Users/admin/Desktop/laravel/ecommerce-project/vendor/laravel/framework/src/Illuminate/Foundation/helpers.php(811): Illuminate/Routing/UrlGenerator->route('login', Array, true)
#1 C:/Users/admin/Desktop/laravel/ecommerce-project/app/Http/Middleware/Authenticate.php(15): route('login')
#2 C:/Users/admin/Desktop/laravel/ecommerce-project/vendor/laravel/framework/src/Illuminate/Auth/Middleware/Authenticate.php(96): App/Http/Middleware/Authenticate->redirectTo(Object(Illuminate/Http/Request))
#3 C:/Users/admin/Desktop/laravel/ecommerce-project/vendor/laravel/framework/src/Illuminate/Auth/Middleware/Authenticate.php(81): Illuminate/Auth/Middleware/Authenticate->unauthenticated(Object(Illuminate/Http/Request), Array)
#4 C:/Users/admin/Desktop/laravel/ecommerce-project/vendor/laravel/framework/src/Illuminate/Auth/Middleware/Authenticate.php(55): Illuminate/Auth/Middleware/Authenticate->authenticate(Object(Illuminate/Http/Request), Array)
#5 C:/Users/admin/Desktop/laravel/ecommerce-project/vendor/laravel/framework/src/Illuminate/Pipeline/Pipeline.php(183): Illuminate/Auth/Middleware/Authenticate->handle(Object(Illuminate/Http/Request), Object(Closure), 'sanctum')
#6 C:/Users/admin/Desktop/laravel/ecommerce-project/vendor/laravel/framework/src/Illuminate/Pipeline/Pipeline.php(119): Illuminate/Pipeline/Pipeline->Illuminate/Pipeline/{closure}(Object(Illuminate/Http/Request))
#7 C:/Users/admin/Desktop/laravel/ecommerce-project/vendor/laravel/framework/src/Illuminate/Routing/Router.php(805): Illuminate/Pipeline/Pipeline->then(Object(Closure))
#8 C:/Users/admin/Desktop/laravel/ecommerce-project/vendor/laravel/framework/src/Illuminate/Routing/Router.php(784): Illuminate/Routing/Router->runRouteWithinStack(Object(Illuminate/Routing/Route), Object(Illuminate/Http/Request))
#9 C:/Users/admin/Desktop/laravel/ecommerce-project/vendor/laravel/framework/src/Illuminate/Routing/Router.php(748): Illuminate/Routing/Router->runRoute(Object(Illuminate/Http/Request), Object(Illuminate/Routing/Route))
#10 C:/Users/admin/Desktop/laravel/ecommerce-project/vendor/laravel/framework/src/Illuminate/Routing/Router.php(737): Illuminate/Routing/Router->dispatchToRoute(Object(Illuminate/Http/Request))
#11 C:/Users/admin/Desktop/laravel/ecommerce-project/vendor/laravel/framework/src/Illuminate/Foundation/Http/Kernel.php(200): Illuminate/Routing/Router->dispatch(Object(Illuminate/Http/Request))
#12 C:/Users/admin/Desktop/laravel/ecommerce-project/vendor/laravel/framework/src/Illuminate/Pipeline/Pipeline.php(144): Illuminate/Foundation/Http/Kernel->Illuminate/Foundation/Http/{closure}(Object(Illuminate/Http/Request))
#13 C:/Users/admin/Desktop/laravel/ecommerce-project/vendor/laravel/framework/src/Illuminate/Foundation/Http/Middleware/TransformsRequest.php(21): Illuminate/Pipeline/Pipeline->Illuminate/Pipeline/{closure}(Object(Illuminate/Http/Request))
#14 C:/Users/admin/Desktop/laravel/ecommerce-project/vendor/laravel/framework/src/Illuminate/Foundation/Http/Middleware/ConvertEmptyStringsToNull.php(31): Illuminate/Foundation/Http/Middleware/TransformsRequest->handle(Object(Illuminate/Http/Request), Object(Closure))
#15 C:/Users/admin/Desktop/laravel/ecommerce-project/vendor/laravel/framework/src/Illuminate/Pipeline/Pipeline.php(183): Illuminate/Foundation/Http/Middleware/ConvertEmptyStringsToNull->handle(Object(Illuminate/Http/Request), Object(Closure))
#16 C:/Users/admin/Desktop/laravel/ecommerce-project/vendor/laravel/framework/src/Illuminate/Foundation/Http/Middleware/TransformsRequest.php(21): Illuminate/Pipeline/Pipeline->Illuminate/Pipeline/{closure}(Object(Illuminate/Http/Request))
#17 C:/Users/admin/Desktop/laravel/ecommerce-project/vendor/laravel/framework/src/Illuminate/Foundation/Http/Middleware/TrimStrings.php(40): Illuminate/Foundation/Http/Middleware/TransformsRequest->handle(Object(Illuminate/Http/Request), Object(Closure))
#18 C:/Users/admin/Desktop/laravel/ecommerce-project/vendor/laravel/framework/src/Illuminate/Pipeline/Pipeline.php(183): Illuminate/Foundation/Http/Middleware/TrimStrings->handle(Object(Illuminate/Http/Request), Object(Closure))
#19 C:/Users/admin/Desktop/laravel/ecommerce-project/vendor/laravel/framework/src/Illuminate/Foundation/Http/Middleware/ValidatePostSize.php(27): Illuminate/Pipeline/Pipeline->Illuminate/Pipeline/{closure}(Object(Illuminate/Http/Request))
#20 C:/Users/admin/Desktop/laravel/ecommerce-project/vendor/laravel/framework/src/Illuminate/Pipeline/Pipeline.php(183): Illuminate/Foundation/Http/Middleware/ValidatePostSize->handle(Object(Illuminate/Http/Request), Object(Closure))
#21 C:/Users/admin/Desktop/laravel/ecommerce-project/vendor/laravel/framework/src/Illuminate/Foundation/Http/Middleware/PreventRequestsDuringMaintenance.php(99): Illuminate/Pipeline/Pipeline->Illuminate/Pipeline/{closure}(Object(Illuminate/Http/Request))
#22 C:/Users/admin/Desktop/laravel/ecommerce-project/vendor/laravel/framework/src/Illuminate/Pipeline/Pipeline.php(183): Illuminate/Foundation/Http/Middleware/PreventRequestsDuringMaintenance->handle(Object(Illuminate/Http/Request), Object(Closure))
#23 C:/Users/admin/Desktop/laravel/ecommerce-project/vendor/laravel/framework/src/Illuminate/Http/Middleware/HandleCors.php(62): Illuminate/Pipeline/Pipeline->Illuminate/Pipeline/{closure}(Object(Illuminate/Http/Request))
#24 C:/Users/admin/Desktop/laravel/ecommerce-project/vendor/laravel/framework/src/Illuminate/Pipeline/Pipeline.php(183): Illuminate/Http/Middleware/HandleCors->handle(Object(Illuminate/Http/Request), Object(Closure))
#25 C:/Users/admin/Desktop/laravel/ecommerce-project/vendor/laravel/framework/src/Illuminate/Http/Middleware/TrustProxies.php(39): Illuminate/Pipeline/Pipeline->Illuminate/Pipeline/{closure}(Object(Illuminate/Http/Request))
#26 C:/Users/admin/Desktop/laravel/ecommerce-project/vendor/laravel/framework/src/Illuminate/Pipeline/Pipeline.php(183): Illuminate/Http/Middleware/TrustProxies->handle(Object(Illuminate/Http/Request), Object(Closure))
#27 C:/Users/admin/Desktop/laravel/ecommerce-project/vendor/laravel/framework/src/Illuminate/Pipeline/Pipeline.php(119): Illuminate/Pipeline/Pipeline->Illuminate/Pipeline/{closure}(Object(Illuminate/Http/Request))
#28 C:/Users/admin/Desktop/laravel/ecommerce-project/vendor/laravel/framework/src/Illuminate/Foundation/Http/Kernel.php(175): Illuminate/Pipeline/Pipeline->then(Object(Closure))
#29 C:/Users/admin/Desktop/laravel/ecommerce-project/vendor/laravel/framework/src/Illuminate/Foundation/Http/Kernel.php(144): Illuminate/Foundation/Http/Kernel->sendRequestThroughRouter(Object(Illuminate/Http/Request))
#30 C:/Users/admin/Desktop/laravel/ecommerce-project/public/index.php(51): Illuminate/Foundation/Http/Kernel->handle(Object(Illuminate/Http/Request))
#31 C:/Users/admin/Desktop/laravel/ecommerce-project/vendor/laravel/framework/src/Illuminate/Foundation/resources/server.php(16): require_once('C://Users//admin//...')
#32 {main}
"} 
[2026-07-08 16:08:57] local.ERROR: Route [login] not defined. {"exception":"[object] (Symfony\\Component\\Routing\\Exception\\RouteNotFoundException(code: 0): Route [login] not defined. at C:/Users/admin/Desktop/laravel/ecommerce-project/vendor/laravel/framework/src/Illuminate/Routing/UrlGenerator.php:477)
[stacktrace]
#0 C:/Users/admin/Desktop/laravel/ecommerce-project/vendor/laravel/framework/src/Illuminate/Foundation/helpers.php(811): Illuminate/Routing/UrlGenerator->route('login', Array, true)
#1 C:/Users/admin/Desktop/laravel/ecommerce-project/app/Http/Middleware/Authenticate.php(15): route('login')
#2 C:/Users/admin/Desktop/laravel/ecommerce-project/vendor/laravel/framework/src/Illuminate/Auth/Middleware/Authenticate.php(96): App/Http/Middleware/Authenticate->redirectTo(Object(Illuminate/Http/Request))
#3 C:/Users/admin/Desktop/laravel/ecommerce-project/vendor/laravel/framework/src/Illuminate/Auth/Middleware/Authenticate.php(81): Illuminate/Auth/Middleware/Authenticate->unauthenticated(Object(Illuminate/Http/Request), Array)
#4 C:/Users/admin/Desktop/laravel/ecommerce-project/vendor/laravel/framework/src/Illuminate/Auth/Middleware/Authenticate.php(55): Illuminate/Auth/Middleware/Authenticate->authenticate(Object(Illuminate/Http/Request), Array)
#5 C:/Users/admin/Desktop/laravel/ecommerce-project/vendor/laravel/framework/src/Illuminate/Pipeline/Pipeline.php(183): Illuminate/Auth/Middleware/Authenticate->handle(Object(Illuminate/Http/Request), Object(Closure), 'sanctum')
#6 C:/Users/admin/Desktop/laravel/ecommerce-project/vendor/laravel/framework/src/Illuminate/Pipeline/Pipeline.php(119): Illuminate/Pipeline/Pipeline->Illuminate/Pipeline/{closure}(Object(Illuminate/Http/Request))
#7 C:/Users/admin/Desktop/laravel/ecommerce-project/vendor/laravel/framework/src/Illuminate/Routing/Router.php(805): Illuminate/Pipeline/Pipeline->then(Object(Closure))
#8 C:/Users/admin/Desktop/laravel/ecommerce-project/vendor/laravel/framework/src/Illuminate/Routing/Router.php(784): Illuminate/Routing/Router->runRouteWithinStack(Object(Illuminate/Routing/Route), Object(Illuminate/Http/Request))
#9 C:/Users/admin/Desktop/laravel/ecommerce-project/vendor/laravel/framework/src/Illuminate/Routing/Router.php(748): Illuminate/Routing/Router->runRoute(Object(Illuminate/Http/Request), Object(Illuminate/Routing/Route))
#10 C:/Users/admin/Desktop/laravel/ecommerce-project/vendor/laravel/framework/src/Illuminate/Routing/Router.php(737): Illuminate/Routing/Router->dispatchToRoute(Object(Illuminate/Http/Request))
#11 C:/Users/admin/Desktop/laravel/ecommerce-project/vendor/laravel/framework/src/Illuminate/Foundation/Http/Kernel.php(200): Illuminate/Routing/Router->dispatch(Object(Illuminate/Http/Request))
#12 C:/Users/admin/Desktop/laravel/ecommerce-project/vendor/laravel/framework/src/Illuminate/Pipeline/Pipeline.php(144): Illuminate/Foundation/Http/Kernel->Illuminate/Foundation/Http/{closure}(Object(Illuminate/Http/Request))
#13 C:/Users/admin/Desktop/laravel/ecommerce-project/vendor/laravel/framework/src/Illuminate/Foundation/Http/Middleware/TransformsRequest.php(21): Illuminate/Pipeline/Pipeline->Illuminate/Pipeline/{closure}(Object(Illuminate/Http/Request))
#14 C:/Users/admin/Desktop/laravel/ecommerce-project/vendor/laravel/framework/src/Illuminate/Foundation/Http/Middleware/ConvertEmptyStringsToNull.php(31): Illuminate/Foundation/Http/Middleware/TransformsRequest->handle(Object(Illuminate/Http/Request), Object(Closure))
#15 C:/Users/admin/Desktop/laravel/ecommerce-project/vendor/laravel/framework/src/Illuminate/Pipeline/Pipeline.php(183): Illuminate/Foundation/Http/Middleware/ConvertEmptyStringsToNull->handle(Object(Illuminate/Http/Request), Object(Closure))
#16 C:/Users/admin/Desktop/laravel/ecommerce-project/vendor/laravel/framework/src/Illuminate/Foundation/Http/Middleware/TransformsRequest.php(21): Illuminate/Pipeline/Pipeline->Illuminate/Pipeline/{closure}(Object(Illuminate/Http/Request))
#17 C:/Users/admin/Desktop/laravel/ecommerce-project/vendor/laravel/framework/src/Illuminate/Foundation/Http/Middleware/TrimStrings.php(40): Illuminate/Foundation/Http/Middleware/TransformsRequest->handle(Object(Illuminate/Http/Request), Object(Closure))
#18 C:/Users/admin/Desktop/laravel/ecommerce-project/vendor/laravel/framework/src/Illuminate/Pipeline/Pipeline.php(183): Illuminate/Foundation/Http/Middleware/TrimStrings->handle(Object(Illuminate/Http/Request), Object(Closure))
#19 C:/Users/admin/Desktop/laravel/ecommerce-project/vendor/laravel/framework/src/Illuminate/Foundation/Http/Middleware/ValidatePostSize.php(27): Illuminate/Pipeline/Pipeline->Illuminate/Pipeline/{closure}(Object(Illuminate/Http/Request))
#20 C:/Users/admin/Desktop/laravel/ecommerce-project/vendor/laravel/framework/src/Illuminate/Pipeline/Pipeline.php(183): Illuminate/Foundation/Http/Middleware/ValidatePostSize->handle(Object(Illuminate/Http/Request), Object(Closure))
#21 C:/Users/admin/Desktop/laravel/ecommerce-project/vendor/laravel/framework/src/Illuminate/Foundation/Http/Middleware/PreventRequestsDuringMaintenance.php(99): Illuminate/Pipeline/Pipeline->Illuminate/Pipeline/{closure}(Object(Illuminate/Http/Request))
#22 C:/Users/admin/Desktop/laravel/ecommerce-project/vendor/laravel/framework/src/Illuminate/Pipeline/Pipeline.php(183): Illuminate/Foundation/Http/Middleware/PreventRequestsDuringMaintenance->handle(Object(Illuminate/Http/Request), Object(Closure))
#23 C:/Users/admin/Desktop/laravel/ecommerce-project/vendor/laravel/framework/src/Illuminate/Http/Middleware/HandleCors.php(62): Illuminate/Pipeline/Pipeline->Illuminate/Pipeline/{closure}(Object(Illuminate/Http/Request))
#24 C:/Users/admin/Desktop/laravel/ecommerce-project/vendor/laravel/framework/src/Illuminate/Pipeline/Pipeline.php(183): Illuminate/Http/Middleware/HandleCors->handle(Object(Illuminate/Http/Request), Object(Closure))
#25 C:/Users/admin/Desktop/laravel/ecommerce-project/vendor/laravel/framework/src/Illuminate/Http/Middleware/TrustProxies.php(39): Illuminate/Pipeline/Pipeline->Illuminate/Pipeline/{closure}(Object(Illuminate/Http/Request))
#26 C:/Users/admin/Desktop/laravel/ecommerce-project/vendor/laravel/framework/src/Illuminate/Pipeline/Pipeline.php(183): Illuminate/Http/Middleware/TrustProxies->handle(Object(Illuminate/Http/Request), Object(Closure))
#27 C:/Users/admin/Desktop/laravel/ecommerce-project/vendor/laravel/framework/src/Illuminate/Pipeline/Pipeline.php(119): Illuminate/Pipeline/Pipeline->Illuminate/Pipeline/{closure}(Object(Illuminate/Http/Request))
#28 C:/Users/admin/Desktop/laravel/ecommerce-project/vendor/laravel/framework/src/Illuminate/Foundation/Http/Kernel.php(175): Illuminate/Pipeline/Pipeline->then(Object(Closure))
#29 C:/Users/admin/Desktop/laravel/ecommerce-project/vendor/laravel/framework/src/Illuminate/Foundation/Http/Kernel.php(144): Illuminate/Foundation/Http/Kernel->sendRequestThroughRouter(Object(Illuminate/Http/Request))
#30 C:/Users/admin/Desktop/laravel/ecommerce-project/public/index.php(51): Illuminate/Foundation/Http/Kernel->handle(Object(Illuminate/Http/Request))
#31 C:/Users/admin/Desktop/laravel/ecommerce-project/vendor/laravel/framework/src/Illuminate/Foundation/resources/server.php(16): require_once('C://Users//admin//...')
#32 {main}
"} 
[2026-07-08 16:10:57] local.ERROR: Route [login] not defined. {"exception":"[object] (Symfony\\Component\\Routing\\Exception\\RouteNotFoundException(code: 0): Route [login] not defined. at C:/Users/admin/Desktop/laravel/ecommerce-project/vendor/laravel/framework/src/Illuminate/Routing/UrlGenerator.php:477)
[stacktrace]
#0 C:/Users/admin/Desktop/laravel/ecommerce-project/vendor/laravel/framework/src/Illuminate/Foundation/helpers.php(811): Illuminate/Routing/UrlGenerator->route('login', Array, true)
#1 C:/Users/admin/Desktop/laravel/ecommerce-project/app/Http/Middleware/Authenticate.php(15): route('login')
#2 C:/Users/admin/Desktop/laravel/ecommerce-project/vendor/laravel/framework/src/Illuminate/Auth/Middleware/Authenticate.php(96): App/Http/Middleware/Authenticate->redirectTo(Object(Illuminate/Http/Request))
#3 C:/Users/admin/Desktop/laravel/ecommerce-project/vendor/laravel/framework/src/Illuminate/Auth/Middleware/Authenticate.php(81): Illuminate/Auth/Middleware/Authenticate->unauthenticated(Object(Illuminate/Http/Request), Array)
#4 C:/Users/admin/Desktop/laravel/ecommerce-project/vendor/laravel/framework/src/Illuminate/Auth/Middleware/Authenticate.php(55): Illuminate/Auth/Middleware/Authenticate->authenticate(Object(Illuminate/Http/Request), Array)
#5 C:/Users/admin/Desktop/laravel/ecommerce-project/vendor/laravel/framework/src/Illuminate/Pipeline/Pipeline.php(183): Illuminate/Auth/Middleware/Authenticate->handle(Object(Illuminate/Http/Request), Object(Closure), 'sanctum')
#6 C:/Users/admin/Desktop/laravel/ecommerce-project/vendor/laravel/framework/src/Illuminate/Pipeline/Pipeline.php(119): Illuminate/Pipeline/Pipeline->Illuminate/Pipeline/{closure}(Object(Illuminate/Http/Request))
#7 C:/Users/admin/Desktop/laravel/ecommerce-project/vendor/laravel/framework/src/Illuminate/Routing/Router.php(805): Illuminate/Pipeline/Pipeline->then(Object(Closure))
#8 C:/Users/admin/Desktop/laravel/ecommerce-project/vendor/laravel/framework/src/Illuminate/Routing/Router.php(784): Illuminate/Routing/Router->runRouteWithinStack(Object(Illuminate/Routing/Route), Object(Illuminate/Http/Request))
#9 C:/Users/admin/Desktop/laravel/ecommerce-project/vendor/laravel/framework/src/Illuminate/Routing/Router.php(748): Illuminate/Routing/Router->runRoute(Object(Illuminate/Http/Request), Object(Illuminate/Routing/Route))
#10 C:/Users/admin/Desktop/laravel/ecommerce-project/vendor/laravel/framework/src/Illuminate/Routing/Router.php(737): Illuminate/Routing/Router->dispatchToRoute(Object(Illuminate/Http/Request))
#11 C:/Users/admin/Desktop/laravel/ecommerce-project/vendor/laravel/framework/src/Illuminate/Foundation/Http/Kernel.php(200): Illuminate/Routing/Router->dispatch(Object(Illuminate/Http/Request))
#12 C:/Users/admin/Desktop/laravel/ecommerce-project/vendor/laravel/framework/src/Illuminate/Pipeline/Pipeline.php(144): Illuminate/Foundation/Http/Kernel->Illuminate/Foundation/Http/{closure}(Object(Illuminate/Http/Request))
#13 C:/Users/admin/Desktop/laravel/ecommerce-project/vendor/laravel/framework/src/Illuminate/Foundation/Http/Middleware/TransformsRequest.php(21): Illuminate/Pipeline/Pipeline->Illuminate/Pipeline/{closure}(Object(Illuminate/Http/Request))
#14 C:/Users/admin/Desktop/laravel/ecommerce-project/vendor/laravel/framework/src/Illuminate/Foundation/Http/Middleware/ConvertEmptyStringsToNull.php(31): Illuminate/Foundation/Http/Middleware/TransformsRequest->handle(Object(Illuminate/Http/Request), Object(Closure))
#15 C:/Users/admin/Desktop/laravel/ecommerce-project/vendor/laravel/framework/src/Illuminate/Pipeline/Pipeline.php(183): Illuminate/Foundation/Http/Middleware/ConvertEmptyStringsToNull->handle(Object(Illuminate/Http/Request), Object(Closure))
#16 C:/Users/admin/Desktop/laravel/ecommerce-project/vendor/laravel/framework/src/Illuminate/Foundation/Http/Middleware/TransformsRequest.php(21): Illuminate/Pipeline/Pipeline->Illuminate/Pipeline/{closure}(Object(Illuminate/Http/Request))
#17 C:/Users/admin/Desktop/laravel/ecommerce-project/vendor/laravel/framework/src/Illuminate/Foundation/Http/Middleware/TrimStrings.php(40): Illuminate/Foundation/Http/Middleware/TransformsRequest->handle(Object(Illuminate/Http/Request), Object(Closure))
#18 C:/Users/admin/Desktop/laravel/ecommerce-project/vendor/laravel/framework/src/Illuminate/Pipeline/Pipeline.php(183): Illuminate/Foundation/Http/Middleware/TrimStrings->handle(Object(Illuminate/Http/Request), Object(Closure))
#19 C:/Users/admin/Desktop/laravel/ecommerce-project/vendor/laravel/framework/src/Illuminate/Foundation/Http/Middleware/ValidatePostSize.php(27): Illuminate/Pipeline/Pipeline->Illuminate/Pipeline/{closure}(Object(Illuminate/Http/Request))
#20 C:/Users/admin/Desktop/laravel/ecommerce-project/vendor/laravel/framework/src/Illuminate/Pipeline/Pipeline.php(183): Illuminate/Foundation/Http/Middleware/ValidatePostSize->handle(Object(Illuminate/Http/Request), Object(Closure))
#21 C:/Users/admin/Desktop/laravel/ecommerce-project/vendor/laravel/framework/src/Illuminate/Foundation/Http/Middleware/PreventRequestsDuringMaintenance.php(99): Illuminate/Pipeline/Pipeline->Illuminate/Pipeline/{closure}(Object(Illuminate/Http/Request))
#22 C:/Users/admin/Desktop/laravel/ecommerce-project/vendor/laravel/framework/src/Illuminate/Pipeline/Pipeline.php(183): Illuminate/Foundation/Http/Middleware/PreventRequestsDuringMaintenance->handle(Object(Illuminate/Http/Request), Object(Closure))
#23 C:/Users/admin/Desktop/laravel/ecommerce-project/vendor/laravel/framework/src/Illuminate/Http/Middleware/HandleCors.php(62): Illuminate/Pipeline/Pipeline->Illuminate/Pipeline/{closure}(Object(Illuminate/Http/Request))
#24 C:/Users/admin/Desktop/laravel/ecommerce-project/vendor/laravel/framework/src/Illuminate/Pipeline/Pipeline.php(183): Illuminate/Http/Middleware/HandleCors->handle(Object(Illuminate/Http/Request), Object(Closure))
#25 C:/Users/admin/Desktop/laravel/ecommerce-project/vendor/laravel/framework/src/Illuminate/Http/Middleware/TrustProxies.php(39): Illuminate/Pipeline/Pipeline->Illuminate/Pipeline/{closure}(Object(Illuminate/Http/Request))
#26 C:/Users/admin/Desktop/laravel/ecommerce-project/vendor/laravel/framework/src/Illuminate/Pipeline/Pipeline.php(183): Illuminate/Http/Middleware/TrustProxies->handle(Object(Illuminate/Http/Request), Object(Closure))
#27 C:/Users/admin/Desktop/laravel/ecommerce-project/vendor/laravel/framework/src/Illuminate/Pipeline/Pipeline.php(119): Illuminate/Pipeline/Pipeline->Illuminate/Pipeline/{closure}(Object(Illuminate/Http/Request))
#28 C:/Users/admin/Desktop/laravel/ecommerce-project/vendor/laravel/framework/src/Illuminate/Foundation/Http/Kernel.php(175): Illuminate/Pipeline/Pipeline->then(Object(Closure))
#29 C:/Users/admin/Desktop/laravel/ecommerce-project/vendor/laravel/framework/src/Illuminate/Foundation/Http/Kernel.php(144): Illuminate/Foundation/Http/Kernel->sendRequestThroughRouter(Object(Illuminate/Http/Request))
#30 C:/Users/admin/Desktop/laravel/ecommerce-project/public/index.php(51): Illuminate/Foundation/Http/Kernel->handle(Object(Illuminate/Http/Request))
#31 C:/Users/admin/Desktop/laravel/ecommerce-project/vendor/laravel/framework/src/Illuminate/Foundation/resources/server.php(16): require_once('C://Users//admin//...')
#32 {main}
"} 
[2026-07-08 16:14:17] local.ERROR: Route [login] not defined. {"exception":"[object] (Symfony\\Component\\Routing\\Exception\\RouteNotFoundException(code: 0): Route [login] not defined. at C:/Users/admin/Desktop/laravel/ecommerce-project/vendor/laravel/framework/src/Illuminate/Routing/UrlGenerator.php:477)
[stacktrace]
#0 C:/Users/admin/Desktop/laravel/ecommerce-project/vendor/laravel/framework/src/Illuminate/Foundation/helpers.php(811): Illuminate/Routing/UrlGenerator->route('login', Array, true)
#1 C:/Users/admin/Desktop/laravel/ecommerce-project/app/Http/Middleware/Authenticate.php(15): route('login')
#2 C:/Users/admin/Desktop/laravel/ecommerce-project/vendor/laravel/framework/src/Illuminate/Auth/Middleware/Authenticate.php(96): App/Http/Middleware/Authenticate->redirectTo(Object(Illuminate/Http/Request))
#3 C:/Users/admin/Desktop/laravel/ecommerce-project/vendor/laravel/framework/src/Illuminate/Auth/Middleware/Authenticate.php(81): Illuminate/Auth/Middleware/Authenticate->unauthenticated(Object(Illuminate/Http/Request), Array)
#4 C:/Users/admin/Desktop/laravel/ecommerce-project/vendor/laravel/framework/src/Illuminate/Auth/Middleware/Authenticate.php(55): Illuminate/Auth/Middleware/Authenticate->authenticate(Object(Illuminate/Http/Request), Array)
#5 C:/Users/admin/Desktop/laravel/ecommerce-project/vendor/laravel/framework/src/Illuminate/Pipeline/Pipeline.php(183): Illuminate/Auth/Middleware/Authenticate->handle(Object(Illuminate/Http/Request), Object(Closure), 'sanctum')
#6 C:/Users/admin/Desktop/laravel/ecommerce-project/vendor/laravel/framework/src/Illuminate/Pipeline/Pipeline.php(119): Illuminate/Pipeline/Pipeline->Illuminate/Pipeline/{closure}(Object(Illuminate/Http/Request))
#7 C:/Users/admin/Desktop/laravel/ecommerce-project/vendor/laravel/framework/src/Illuminate/Routing/Router.php(805): Illuminate/Pipeline/Pipeline->then(Object(Closure))
#8 C:/Users/admin/Desktop/laravel/ecommerce-project/vendor/laravel/framework/src/Illuminate/Routing/Router.php(784): Illuminate/Routing/Router->runRouteWithinStack(Object(Illuminate/Routing/Route), Object(Illuminate/Http/Request))
#9 C:/Users/admin/Desktop/laravel/ecommerce-project/vendor/laravel/framework/src/Illuminate/Routing/Router.php(748): Illuminate/Routing/Router->runRoute(Object(Illuminate/Http/Request), Object(Illuminate/Routing/Route))
#10 C:/Users/admin/Desktop/laravel/ecommerce-project/vendor/laravel/framework/src/Illuminate/Routing/Router.php(737): Illuminate/Routing/Router->dispatchToRoute(Object(Illuminate/Http/Request))
#11 C:/Users/admin/Desktop/laravel/ecommerce-project/vendor/laravel/framework/src/Illuminate/Foundation/Http/Kernel.php(200): Illuminate/Routing/Router->dispatch(Object(Illuminate/Http/Request))
#12 C:/Users/admin/Desktop/laravel/ecommerce-project/vendor/laravel/framework/src/Illuminate/Pipeline/Pipeline.php(144): Illuminate/Foundation/Http/Kernel->Illuminate/Foundation/Http/{closure}(Object(Illuminate/Http/Request))
#13 C:/Users/admin/Desktop/laravel/ecommerce-project/vendor/laravel/framework/src/Illuminate/Foundation/Http/Middleware/TransformsRequest.php(21): Illuminate/Pipeline/Pipeline->Illuminate/Pipeline/{closure}(Object(Illuminate/Http/Request))
#14 C:/Users/admin/Desktop/laravel/ecommerce-project/vendor/laravel/framework/src/Illuminate/Foundation/Http/Middleware/ConvertEmptyStringsToNull.php(31): Illuminate/Foundation/Http/Middleware/TransformsRequest->handle(Object(Illuminate/Http/Request), Object(Closure))
#15 C:/Users/admin/Desktop/laravel/ecommerce-project/vendor/laravel/framework/src/Illuminate/Pipeline/Pipeline.php(183): Illuminate/Foundation/Http/Middleware/ConvertEmptyStringsToNull->handle(Object(Illuminate/Http/Request), Object(Closure))
#16 C:/Users/admin/Desktop/laravel/ecommerce-project/vendor/laravel/framework/src/Illuminate/Foundation/Http/Middleware/TransformsRequest.php(21): Illuminate/Pipeline/Pipeline->Illuminate/Pipeline/{closure}(Object(Illuminate/Http/Request))
#17 C:/Users/admin/Desktop/laravel/ecommerce-project/vendor/laravel/framework/src/Illuminate/Foundation/Http/Middleware/TrimStrings.php(40): Illuminate/Foundation/Http/Middleware/TransformsRequest->handle(Object(Illuminate/Http/Request), Object(Closure))
#18 C:/Users/admin/Desktop/laravel/ecommerce-project/vendor/laravel/framework/src/Illuminate/Pipeline/Pipeline.php(183): Illuminate/Foundation/Http/Middleware/TrimStrings->handle(Object(Illuminate/Http/Request), Object(Closure))
#19 C:/Users/admin/Desktop/laravel/ecommerce-project/vendor/laravel/framework/src/Illuminate/Foundation/Http/Middleware/ValidatePostSize.php(27): Illuminate/Pipeline/Pipeline->Illuminate/Pipeline/{closure}(Object(Illuminate/Http/Request))
#20 C:/Users/admin/Desktop/laravel/ecommerce-project/vendor/laravel/framework/src/Illuminate/Pipeline/Pipeline.php(183): Illuminate/Foundation/Http/Middleware/ValidatePostSize->handle(Object(Illuminate/Http/Request), Object(Closure))
#21 C:/Users/admin/Desktop/laravel/ecommerce-project/vendor/laravel/framework/src/Illuminate/Foundation/Http/Middleware/PreventRequestsDuringMaintenance.php(99): Illuminate/Pipeline/Pipeline->Illuminate/Pipeline/{closure}(Object(Illuminate/Http/Request))
#22 C:/Users/admin/Desktop/laravel/ecommerce-project/vendor/laravel/framework/src/Illuminate/Pipeline/Pipeline.php(183): Illuminate/Foundation/Http/Middleware/PreventRequestsDuringMaintenance->handle(Object(Illuminate/Http/Request), Object(Closure))
#23 C:/Users/admin/Desktop/laravel/ecommerce-project/vendor/laravel/framework/src/Illuminate/Http/Middleware/HandleCors.php(62): Illuminate/Pipeline/Pipeline->Illuminate/Pipeline/{closure}(Object(Illuminate/Http/Request))
#24 C:/Users/admin/Desktop/laravel/ecommerce-project/vendor/laravel/framework/src/Illuminate/Pipeline/Pipeline.php(183): Illuminate/Http/Middleware/HandleCors->handle(Object(Illuminate/Http/Request), Object(Closure))
#25 C:/Users/admin/Desktop/laravel/ecommerce-project/vendor/laravel/framework/src/Illuminate/Http/Middleware/TrustProxies.php(39): Illuminate/Pipeline/Pipeline->Illuminate/Pipeline/{closure}(Object(Illuminate/Http/Request))
#26 C:/Users/admin/Desktop/laravel/ecommerce-project/vendor/laravel/framework/src/Illuminate/Pipeline/Pipeline.php(183): Illuminate/Http/Middleware/TrustProxies->handle(Object(Illuminate/Http/Request), Object(Closure))
#27 C:/Users/admin/Desktop/laravel/ecommerce-project/vendor/laravel/framework/src/Illuminate/Pipeline/Pipeline.php(119): Illuminate/Pipeline/Pipeline->Illuminate/Pipeline/{closure}(Object(Illuminate/Http/Request))
#28 C:/Users/admin/Desktop/laravel/ecommerce-project/vendor/laravel/framework/src/Illuminate/Foundation/Http/Kernel.php(175): Illuminate/Pipeline/Pipeline->then(Object(Closure))
#29 C:/Users/admin/Desktop/laravel/ecommerce-project/vendor/laravel/framework/src/Illuminate/Foundation/Http/Kernel.php(144): Illuminate/Foundation/Http/Kernel->sendRequestThroughRouter(Object(Illuminate/Http/Request))
#30 C:/Users/admin/Desktop/laravel/ecommerce-project/public/index.php(51): Illuminate/Foundation/Http/Kernel->handle(Object(Illuminate/Http/Request))
#31 C:/Users/admin/Desktop/laravel/ecommerce-project/vendor/laravel/framework/src/Illuminate/Foundation/resources/server.php(16): require_once('C://Users//admin//...')
#32 {main}
"} 
[2026-07-08 16:15:53] local.ERROR: Route [login] not defined. {"exception":"[object] (Symfony\\Component\\Routing\\Exception\\RouteNotFoundException(code: 0): Route [login] not defined. at C:/Users/admin/Desktop/laravel/ecommerce-project/vendor/laravel/framework/src/Illuminate/Routing/UrlGenerator.php:477)
[stacktrace]
#0 C:/Users/admin/Desktop/laravel/ecommerce-project/vendor/laravel/framework/src/Illuminate/Foundation/helpers.php(811): Illuminate/Routing/UrlGenerator->route('login', Array, true)
#1 C:/Users/admin/Desktop/laravel/ecommerce-project/app/Http/Middleware/Authenticate.php(15): route('login')
#2 C:/Users/admin/Desktop/laravel/ecommerce-project/vendor/laravel/framework/src/Illuminate/Auth/Middleware/Authenticate.php(96): App/Http/Middleware/Authenticate->redirectTo(Object(Illuminate/Http/Request))
#3 C:/Users/admin/Desktop/laravel/ecommerce-project/vendor/laravel/framework/src/Illuminate/Auth/Middleware/Authenticate.php(81): Illuminate/Auth/Middleware/Authenticate->unauthenticated(Object(Illuminate/Http/Request), Array)
#4 C:/Users/admin/Desktop/laravel/ecommerce-project/vendor/laravel/framework/src/Illuminate/Auth/Middleware/Authenticate.php(55): Illuminate/Auth/Middleware/Authenticate->authenticate(Object(Illuminate/Http/Request), Array)
#5 C:/Users/admin/Desktop/laravel/ecommerce-project/vendor/laravel/framework/src/Illuminate/Pipeline/Pipeline.php(183): Illuminate/Auth/Middleware/Authenticate->handle(Object(Illuminate/Http/Request), Object(Closure), 'sanctum')
#6 C:/Users/admin/Desktop/laravel/ecommerce-project/vendor/laravel/framework/src/Illuminate/Pipeline/Pipeline.php(119): Illuminate/Pipeline/Pipeline->Illuminate/Pipeline/{closure}(Object(Illuminate/Http/Request))
#7 C:/Users/admin/Desktop/laravel/ecommerce-project/vendor/laravel/framework/src/Illuminate/Routing/Router.php(805): Illuminate/Pipeline/Pipeline->then(Object(Closure))
#8 C:/Users/admin/Desktop/laravel/ecommerce-project/vendor/laravel/framework/src/Illuminate/Routing/Router.php(784): Illuminate/Routing/Router->runRouteWithinStack(Object(Illuminate/Routing/Route), Object(Illuminate/Http/Request))
#9 C:/Users/admin/Desktop/laravel/ecommerce-project/vendor/laravel/framework/src/Illuminate/Routing/Router.php(748): Illuminate/Routing/Router->runRoute(Object(Illuminate/Http/Request), Object(Illuminate/Routing/Route))
#10 C:/Users/admin/Desktop/laravel/ecommerce-project/vendor/laravel/framework/src/Illuminate/Routing/Router.php(737): Illuminate/Routing/Router->dispatchToRoute(Object(Illuminate/Http/Request))
#11 C:/Users/admin/Desktop/laravel/ecommerce-project/vendor/laravel/framework/src/Illuminate/Foundation/Http/Kernel.php(200): Illuminate/Routing/Router->dispatch(Object(Illuminate/Http/Request))
#12 C:/Users/admin/Desktop/laravel/ecommerce-project/vendor/laravel/framework/src/Illuminate/Pipeline/Pipeline.php(144): Illuminate/Foundation/Http/Kernel->Illuminate/Foundation/Http/{closure}(Object(Illuminate/Http/Request))
#13 C:/Users/admin/Desktop/laravel/ecommerce-project/vendor/laravel/framework/src/Illuminate/Foundation/Http/Middleware/TransformsRequest.php(21): Illuminate/Pipeline/Pipeline->Illuminate/Pipeline/{closure}(Object(Illuminate/Http/Request))
#14 C:/Users/admin/Desktop/laravel/ecommerce-project/vendor/laravel/framework/src/Illuminate/Foundation/Http/Middleware/ConvertEmptyStringsToNull.php(31): Illuminate/Foundation/Http/Middleware/TransformsRequest->handle(Object(Illuminate/Http/Request), Object(Closure))
#15 C:/Users/admin/Desktop/laravel/ecommerce-project/vendor/laravel/framework/src/Illuminate/Pipeline/Pipeline.php(183): Illuminate/Foundation/Http/Middleware/ConvertEmptyStringsToNull->handle(Object(Illuminate/Http/Request), Object(Closure))
#16 C:/Users/admin/Desktop/laravel/ecommerce-project/vendor/laravel/framework/src/Illuminate/Foundation/Http/Middleware/TransformsRequest.php(21): Illuminate/Pipeline/Pipeline->Illuminate/Pipeline/{closure}(Object(Illuminate/Http/Request))
#17 C:/Users/admin/Desktop/laravel/ecommerce-project/vendor/laravel/framework/src/Illuminate/Foundation/Http/Middleware/TrimStrings.php(40): Illuminate/Foundation/Http/Middleware/TransformsRequest->handle(Object(Illuminate/Http/Request), Object(Closure))
#18 C:/Users/admin/Desktop/laravel/ecommerce-project/vendor/laravel/framework/src/Illuminate/Pipeline/Pipeline.php(183): Illuminate/Foundation/Http/Middleware/TrimStrings->handle(Object(Illuminate/Http/Request), Object(Closure))
#19 C:/Users/admin/Desktop/laravel/ecommerce-project/vendor/laravel/framework/src/Illuminate/Foundation/Http/Middleware/ValidatePostSize.php(27): Illuminate/Pipeline/Pipeline->Illuminate/Pipeline/{closure}(Object(Illuminate/Http/Request))
#20 C:/Users/admin/Desktop/laravel/ecommerce-project/vendor/laravel/framework/src/Illuminate/Pipeline/Pipeline.php(183): Illuminate/Foundation/Http/Middleware/ValidatePostSize->handle(Object(Illuminate/Http/Request), Object(Closure))
#21 C:/Users/admin/Desktop/laravel/ecommerce-project/vendor/laravel/framework/src/Illuminate/Foundation/Http/Middleware/PreventRequestsDuringMaintenance.php(99): Illuminate/Pipeline/Pipeline->Illuminate/Pipeline/{closure}(Object(Illuminate/Http/Request))
#22 C:/Users/admin/Desktop/laravel/ecommerce-project/vendor/laravel/framework/src/Illuminate/Pipeline/Pipeline.php(183): Illuminate/Foundation/Http/Middleware/PreventRequestsDuringMaintenance->handle(Object(Illuminate/Http/Request), Object(Closure))
#23 C:/Users/admin/Desktop/laravel/ecommerce-project/vendor/laravel/framework/src/Illuminate/Http/Middleware/HandleCors.php(62): Illuminate/Pipeline/Pipeline->Illuminate/Pipeline/{closure}(Object(Illuminate/Http/Request))
#24 C:/Users/admin/Desktop/laravel/ecommerce-project/vendor/laravel/framework/src/Illuminate/Pipeline/Pipeline.php(183): Illuminate/Http/Middleware/HandleCors->handle(Object(Illuminate/Http/Request), Object(Closure))
#25 C:/Users/admin/Desktop/laravel/ecommerce-project/vendor/laravel/framework/src/Illuminate/Http/Middleware/TrustProxies.php(39): Illuminate/Pipeline/Pipeline->Illuminate/Pipeline/{closure}(Object(Illuminate/Http/Request))
#26 C:/Users/admin/Desktop/laravel/ecommerce-project/vendor/laravel/framework/src/Illuminate/Pipeline/Pipeline.php(183): Illuminate/Http/Middleware/TrustProxies->handle(Object(Illuminate/Http/Request), Object(Closure))
#27 C:/Users/admin/Desktop/laravel/ecommerce-project/vendor/laravel/framework/src/Illuminate/Pipeline/Pipeline.php(119): Illuminate/Pipeline/Pipeline->Illuminate/Pipeline/{closure}(Object(Illuminate/Http/Request))
#28 C:/Users/admin/Desktop/laravel/ecommerce-project/vendor/laravel/framework/src/Illuminate/Foundation/Http/Kernel.php(175): Illuminate/Pipeline/Pipeline->then(Object(Closure))
#29 C:/Users/admin/Desktop/laravel/ecommerce-project/vendor/laravel/framework/src/Illuminate/Foundation/Http/Kernel.php(144): Illuminate/Foundation/Http/Kernel->sendRequestThroughRouter(Object(Illuminate/Http/Request))
#30 C:/Users/admin/Desktop/laravel/ecommerce-project/public/index.php(51): Illuminate/Foundation/Http/Kernel->handle(Object(Illuminate/Http/Request))
#31 C:/Users/admin/Desktop/laravel/ecommerce-project/vendor/laravel/framework/src/Illuminate/Foundation/resources/server.php(16): require_once('C://Users//admin//...')
#32 {main}
"} 
[2026-07-09 16:12:48] local.ERROR: Route [items.create] not defined. {"view":{"view":"C:\\Users\\admin\\Desktop\\laravel\\ecommerce-project\\resources\\views\\admin\\banner\\index.blade.php","data":{"errors":"<pre class=sf-dump id=sf-dump-1432037880 data-indent-pad=\"  \"><span class=sf-dump-note>Illuminate\\Support\\ViewErrorBag</span> {<a class=sf-dump-ref>#986</a><samp data-depth=1 class=sf-dump-expanded>
  #<span class=sf-dump-protected title=\"Protected property\">bags</span>: []
</samp>}
</pre><script>Sfdump(\"sf-dump-1432037880\", {\"maxDepth\":3,\"maxStringLength\":160})</script>
","banners":"<pre class=sf-dump id=sf-dump-405654118 data-indent-pad=\"  \"><span class=sf-dump-note>Illuminate\\Pagination\\LengthAwarePaginator</span> {<a class=sf-dump-ref>#1009</a><samp data-depth=1 class=sf-dump-expanded>
  #<span class=sf-dump-protected title=\"Protected property\">items</span>: <span class=\"sf-dump-note sf-dump-ellipsization\" title=\"Illuminate\\Database\\Eloquent\\Collection
\"><span class=\"sf-dump-ellipsis sf-dump-ellipsis-note\">Illuminate\\Database\\Eloquent</span><span class=\"sf-dump-ellipsis sf-dump-ellipsis-note\">\\</span><span class=\"sf-dump-ellipsis-tail\">Collection</span></span> {<a class=sf-dump-ref>#1018</a><samp data-depth=2 class=sf-dump-compact>
    #<span class=sf-dump-protected title=\"Protected property\">items</span>: <span class=sf-dump-note>array:10</span> [<samp data-depth=3 class=sf-dump-compact>
      <span class=sf-dump-index>0</span> => <span class=\"sf-dump-note sf-dump-ellipsization\" title=\"App\\Models\\Banner
\"><span class=\"sf-dump-ellipsis sf-dump-ellipsis-note\">App\\Models</span><span class=\"sf-dump-ellipsis sf-dump-ellipsis-note\">\\</span><span class=\"sf-dump-ellipsis-tail\">Banner</span></span> {<a class=sf-dump-ref>#1020</a> &#8230;30}
      <span class=sf-dump-index>1</span> => <span class=\"sf-dump-note sf-dump-ellipsization\" title=\"App\\Models\\Banner
\"><span class=\"sf-dump-ellipsis sf-dump-ellipsis-note\">App\\Models</span><span class=\"sf-dump-ellipsis sf-dump-ellipsis-note\">\\</span><span class=\"sf-dump-ellipsis-tail\">Banner</span></span> {<a class=sf-dump-ref>#1021</a> &#8230;30}
      <span class=sf-dump-index>2</span> => <span class=\"sf-dump-note sf-dump-ellipsization\" title=\"App\\Models\\Banner
\"><span class=\"sf-dump-ellipsis sf-dump-ellipsis-note\">App\\Models</span><span class=\"sf-dump-ellipsis sf-dump-ellipsis-note\">\\</span><span class=\"sf-dump-ellipsis-tail\">Banner</span></span> {<a class=sf-dump-ref>#1022</a> &#8230;30}
      <span class=sf-dump-index>3</span> => <span class=\"sf-dump-note sf-dump-ellipsization\" title=\"App\\Models\\Banner
\"><span class=\"sf-dump-ellipsis sf-dump-ellipsis-note\">App\\Models</span><span class=\"sf-dump-ellipsis sf-dump-ellipsis-note\">\\</span><span class=\"sf-dump-ellipsis-tail\">Banner</span></span> {<a class=sf-dump-ref>#1023</a> &#8230;30}
      <span class=sf-dump-index>4</span> => <span class=\"sf-dump-note sf-dump-ellipsization\" title=\"App\\Models\\Banner
\"><span class=\"sf-dump-ellipsis sf-dump-ellipsis-note\">App\\Models</span><span class=\"sf-dump-ellipsis sf-dump-ellipsis-note\">\\</span><span class=\"sf-dump-ellipsis-tail\">Banner</span></span> {<a class=sf-dump-ref>#1024</a> &#8230;30}
      <span class=sf-dump-index>5</span> => <span class=\"sf-dump-note sf-dump-ellipsization\" title=\"App\\Models\\Banner
\"><span class=\"sf-dump-ellipsis sf-dump-ellipsis-note\">App\\Models</span><span class=\"sf-dump-ellipsis sf-dump-ellipsis-note\">\\</span><span class=\"sf-dump-ellipsis-tail\">Banner</span></span> {<a class=sf-dump-ref>#1025</a> &#8230;30}
      <span class=sf-dump-index>6</span> => <span class=\"sf-dump-note sf-dump-ellipsization\" title=\"App\\Models\\Banner
\"><span class=\"sf-dump-ellipsis sf-dump-ellipsis-note\">App\\Models</span><span class=\"sf-dump-ellipsis sf-dump-ellipsis-note\">\\</span><span class=\"sf-dump-ellipsis-tail\">Banner</span></span> {<a class=sf-dump-ref>#1026</a> &#8230;30}
      <span class=sf-dump-index>7</span> => <span class=\"sf-dump-note sf-dump-ellipsization\" title=\"App\\Models\\Banner
\"><span class=\"sf-dump-ellipsis sf-dump-ellipsis-note\">App\\Models</span><span class=\"sf-dump-ellipsis sf-dump-ellipsis-note\">\\</span><span class=\"sf-dump-ellipsis-tail\">Banner</span></span> {<a class=sf-dump-ref>#1027</a> &#8230;30}
      <span class=sf-dump-index>8</span> => <span class=\"sf-dump-note sf-dump-ellipsization\" title=\"App\\Models\\Banner
\"><span class=\"sf-dump-ellipsis sf-dump-ellipsis-note\">App\\Models</span><span class=\"sf-dump-ellipsis sf-dump-ellipsis-note\">\\</span><span class=\"sf-dump-ellipsis-tail\">Banner</span></span> {<a class=sf-dump-ref>#1028</a> &#8230;30}
      <span class=sf-dump-index>9</span> => <span class=\"sf-dump-note sf-dump-ellipsization\" title=\"App\\Models\\Banner
\"><span class=\"sf-dump-ellipsis sf-dump-ellipsis-note\">App\\Models</span><span class=\"sf-dump-ellipsis sf-dump-ellipsis-note\">\\</span><span class=\"sf-dump-ellipsis-tail\">Banner</span></span> {<a class=sf-dump-ref>#1029</a> &#8230;30}
    </samp>]
    #<span class=sf-dump-protected title=\"Protected property\">escapeWhenCastingToString</span>: <span class=sf-dump-const>false</span>
  </samp>}
  #<span class=sf-dump-protected title=\"Protected property\">perPage</span>: <span class=sf-dump-num>10</span>
  #<span class=sf-dump-protected title=\"Protected property\">currentPage</span>: <span class=sf-dump-num>1</span>
  #<span class=sf-dump-protected title=\"Protected property\">path</span>: \"<span class=sf-dump-str title=\"29 characters\">http://127.0.0.1:8000/banners</span>\"
  #<span class=sf-dump-protected title=\"Protected property\">query</span>: []
  #<span class=sf-dump-protected title=\"Protected property\">fragment</span>: <span class=sf-dump-const>null</span>
  #<span class=sf-dump-protected title=\"Protected property\">pageName</span>: \"<span class=sf-dump-str title=\"4 characters\">page</span>\"
  +<span class=sf-dump-public title=\"Public property\">onEachSide</span>: <span class=sf-dump-num>3</span>
  #<span class=sf-dump-protected title=\"Protected property\">options</span>: <span class=sf-dump-note>array:2</span> [<samp data-depth=2 class=sf-dump-compact>
    \"<span class=sf-dump-key>path</span>\" => \"<span class=sf-dump-str title=\"29 characters\">http://127.0.0.1:8000/banners</span>\"
    \"<span class=sf-dump-key>pageName</span>\" => \"<span class=sf-dump-str title=\"4 characters\">page</span>\"
  </samp>]
  #<span class=sf-dump-protected title=\"Protected property\">total</span>: <span class=sf-dump-num>10</span>
  #<span class=sf-dump-protected title=\"Protected property\">lastPage</span>: <span class=sf-dump-num>1</span>
</samp>}
</pre><script>Sfdump(\"sf-dump-405654118\", {\"maxDepth\":3,\"maxStringLength\":160})</script>
"}},"exception":"[object] (Spatie\\LaravelIgnition\\Exceptions\\ViewException(code: 0): Route [items.create] not defined. at C:/Users/admin/Desktop/laravel/ecommerce-project/vendor/laravel/framework/src/Illuminate/Routing/UrlGenerator.php:477)
[stacktrace]
#0 C:/Users/admin/Desktop/laravel/ecommerce-project/vendor/laravel/framework/src/Illuminate/Foundation/helpers.php(811): Illuminate/Routing/UrlGenerator->route('items.create', Array, true)
#1 C:/Users/admin/Desktop/laravel/ecommerce-project/resources/views/admin/banner/index.blade.php(4): route('items.create')
#2 C:/Users/admin/Desktop/laravel/ecommerce-project/vendor/laravel/framework/src/Illuminate/Filesystem/Filesystem.php(123): require('C://Users//admin//...')
#3 C:/Users/admin/Desktop/laravel/ecommerce-project/vendor/laravel/framework/src/Illuminate/Filesystem/Filesystem.php(124): Illuminate/Filesystem/Filesystem::Illuminate/Filesystem/{closure}()
#4 C:/Users/admin/Desktop/laravel/ecommerce-project/vendor/laravel/framework/src/Illuminate/View/Engines/PhpEngine.php(58): Illuminate/Filesystem/Filesystem->getRequire('C://Users//admin//...', Array)
#5 C:/Users/admin/Desktop/laravel/ecommerce-project/vendor/laravel/framework/src/Illuminate/View/Engines/CompilerEngine.php(72): Illuminate/View/Engines/PhpEngine->evaluatePath('C://Users//admin//...', Array)
#6 C:/Users/admin/Desktop/laravel/ecommerce-project/vendor/laravel/framework/src/Illuminate/View/View.php(207): Illuminate/View/Engines/CompilerEngine->get('C://Users//admin//...', Array)
#7 C:/Users/admin/Desktop/laravel/ecommerce-project/vendor/laravel/framework/src/Illuminate/View/View.php(190): Illuminate/View/View->getContents()
#8 C:/Users/admin/Desktop/laravel/ecommerce-project/vendor/laravel/framework/src/Illuminate/View/View.php(159): Illuminate/View/View->renderContents()
#9 C:/Users/admin/Desktop/laravel/ecommerce-project/vendor/laravel/framework/src/Illuminate/Http/Response.php(69): Illuminate/View/View->render()
#10 C:/Users/admin/Desktop/laravel/ecommerce-project/vendor/laravel/framework/src/Illuminate/Http/Response.php(35): Illuminate/Http/Response->setContent(Object(Illuminate/View/View))
#11 C:/Users/admin/Desktop/laravel/ecommerce-project/vendor/laravel/framework/src/Illuminate/Routing/Router.php(918): Illuminate/Http/Response->__construct(Object(Illuminate/View/View), 200, Array)
#12 C:/Users/admin/Desktop/laravel/ecommerce-project/vendor/laravel/framework/src/Illuminate/Routing/Router.php(885): Illuminate/Routing/Router::toResponse(Object(Illuminate/Http/Request), Object(Illuminate/View/View))
#13 C:/Users/admin/Desktop/laravel/ecommerce-project/vendor/laravel/framework/src/Illuminate/Routing/Router.php(805): Illuminate/Routing/Router->prepareResponse(Object(Illuminate/Http/Request), Object(Illuminate/View/View))
#14 C:/Users/admin/Desktop/laravel/ecommerce-project/vendor/laravel/framework/src/Illuminate/Pipeline/Pipeline.php(144): Illuminate/Routing/Router->Illuminate/Routing/{closure}(Object(Illuminate/Http/Request))
#15 C:/Users/admin/Desktop/laravel/ecommerce-project/vendor/laravel/framework/src/Illuminate/Routing/Middleware/SubstituteBindings.php(50): Illuminate/Pipeline/Pipeline->Illuminate/Pipeline/{closure}(Object(Illuminate/Http/Request))
#16 C:/Users/admin/Desktop/laravel/ecommerce-project/vendor/laravel/framework/src/Illuminate/Pipeline/Pipeline.php(183): Illuminate/Routing/Middleware/SubstituteBindings->handle(Object(Illuminate/Http/Request), Object(Closure))
#17 C:/Users/admin/Desktop/laravel/ecommerce-project/vendor/laravel/framework/src/Illuminate/Foundation/Http/Middleware/VerifyCsrfToken.php(78): Illuminate/Pipeline/Pipeline->Illuminate/Pipeline/{closure}(Object(Illuminate/Http/Request))
#18 C:/Users/admin/Desktop/laravel/ecommerce-project/vendor/laravel/framework/src/Illuminate/Pipeline/Pipeline.php(183): Illuminate/Foundation/Http/Middleware/VerifyCsrfToken->handle(Object(Illuminate/Http/Request), Object(Closure))
#19 C:/Users/admin/Desktop/laravel/ecommerce-project/vendor/laravel/framework/src/Illuminate/View/Middleware/ShareErrorsFromSession.php(49): Illuminate/Pipeline/Pipeline->Illuminate/Pipeline/{closure}(Object(Illuminate/Http/Request))
#20 C:/Users/admin/Desktop/laravel/ecommerce-project/vendor/laravel/framework/src/Illuminate/Pipeline/Pipeline.php(183): Illuminate/View/Middleware/ShareErrorsFromSession->handle(Object(Illuminate/Http/Request), Object(Closure))
#21 C:/Users/admin/Desktop/laravel/ecommerce-project/vendor/laravel/framework/src/Illuminate/Session/Middleware/StartSession.php(121): Illuminate/Pipeline/Pipeline->Illuminate/Pipeline/{closure}(Object(Illuminate/Http/Request))
#22 C:/Users/admin/Desktop/laravel/ecommerce-project/vendor/laravel/framework/src/Illuminate/Session/Middleware/StartSession.php(64): Illuminate/Session/Middleware/StartSession->handleStatefulRequest(Object(Illuminate/Http/Request), Object(Illuminate/Session/Store), Object(Closure))
#23 C:/Users/admin/Desktop/laravel/ecommerce-project/vendor/laravel/framework/src/Illuminate/Pipeline/Pipeline.php(183): Illuminate/Session/Middleware/StartSession->handle(Object(Illuminate/Http/Request), Object(Closure))
#24 C:/Users/admin/Desktop/laravel/ecommerce-project/vendor/laravel/framework/src/Illuminate/Cookie/Middleware/AddQueuedCookiesToResponse.php(37): Illuminate/Pipeline/Pipeline->Illuminate/Pipeline/{closure}(Object(Illuminate/Http/Request))
#25 C:/Users/admin/Desktop/laravel/ecommerce-project/vendor/laravel/framework/src/Illuminate/Pipeline/Pipeline.php(183): Illuminate/Cookie/Middleware/AddQueuedCookiesToResponse->handle(Object(Illuminate/Http/Request), Object(Closure))
#26 C:/Users/admin/Desktop/laravel/ecommerce-project/vendor/laravel/framework/src/Illuminate/Cookie/Middleware/EncryptCookies.php(67): Illuminate/Pipeline/Pipeline->Illuminate/Pipeline/{closure}(Object(Illuminate/Http/Request))
#27 C:/Users/admin/Desktop/laravel/ecommerce-project/vendor/laravel/framework/src/Illuminate/Pipeline/Pipeline.php(183): Illuminate/Cookie/Middleware/EncryptCookies->handle(Object(Illuminate/Http/Request), Object(Closure))
#28 C:/Users/admin/Desktop/laravel/ecommerce-project/vendor/laravel/framework/src/Illuminate/Pipeline/Pipeline.php(119): Illuminate/Pipeline/Pipeline->Illuminate/Pipeline/{closure}(Object(Illuminate/Http/Request))
#29 C:/Users/admin/Desktop/laravel/ecommerce-project/vendor/laravel/framework/src/Illuminate/Routing/Router.php(805): Illuminate/Pipeline/Pipeline->then(Object(Closure))
#30 C:/Users/admin/Desktop/laravel/ecommerce-project/vendor/laravel/framework/src/Illuminate/Routing/Router.php(784): Illuminate/Routing/Router->runRouteWithinStack(Object(Illuminate/Routing/Route), Object(Illuminate/Http/Request))
#31 C:/Users/admin/Desktop/laravel/ecommerce-project/vendor/laravel/framework/src/Illuminate/Routing/Router.php(748): Illuminate/Routing/Router->runRoute(Object(Illuminate/Http/Request), Object(Illuminate/Routing/Route))
#32 C:/Users/admin/Desktop/laravel/ecommerce-project/vendor/laravel/framework/src/Illuminate/Routing/Router.php(737): Illuminate/Routing/Router->dispatchToRoute(Object(Illuminate/Http/Request))
#33 C:/Users/admin/Desktop/laravel/ecommerce-project/vendor/laravel/framework/src/Illuminate/Foundation/Http/Kernel.php(200): Illuminate/Routing/Router->dispatch(Object(Illuminate/Http/Request))
#34 C:/Users/admin/Desktop/laravel/ecommerce-project/vendor/laravel/framework/src/Illuminate/Pipeline/Pipeline.php(144): Illuminate/Foundation/Http/Kernel->Illuminate/Foundation/Http/{closure}(Object(Illuminate/Http/Request))
#35 C:/Users/admin/Desktop/laravel/ecommerce-project/vendor/laravel/framework/src/Illuminate/Foundation/Http/Middleware/TransformsRequest.php(21): Illuminate/Pipeline/Pipeline->Illuminate/Pipeline/{closure}(Object(Illuminate/Http/Request))
#36 C:/Users/admin/Desktop/laravel/ecommerce-project/vendor/laravel/framework/src/Illuminate/Foundation/Http/Middleware/ConvertEmptyStringsToNull.php(31): Illuminate/Foundation/Http/Middleware/TransformsRequest->handle(Object(Illuminate/Http/Request), Object(Closure))
#37 C:/Users/admin/Desktop/laravel/ecommerce-project/vendor/laravel/framework/src/Illuminate/Pipeline/Pipeline.php(183): Illuminate/Foundation/Http/Middleware/ConvertEmptyStringsToNull->handle(Object(Illuminate/Http/Request), Object(Closure))
#38 C:/Users/admin/Desktop/laravel/ecommerce-project/vendor/laravel/framework/src/Illuminate/Foundation/Http/Middleware/TransformsRequest.php(21): Illuminate/Pipeline/Pipeline->Illuminate/Pipeline/{closure}(Object(Illuminate/Http/Request))
#39 C:/Users/admin/Desktop/laravel/ecommerce-project/vendor/laravel/framework/src/Illuminate/Foundation/Http/Middleware/TrimStrings.php(40): Illuminate/Foundation/Http/Middleware/TransformsRequest->handle(Object(Illuminate/Http/Request), Object(Closure))
#40 C:/Users/admin/Desktop/laravel/ecommerce-project/vendor/laravel/framework/src/Illuminate/Pipeline/Pipeline.php(183): Illuminate/Foundation/Http/Middleware/TrimStrings->handle(Object(Illuminate/Http/Request), Object(Closure))
#41 C:/Users/admin/Desktop/laravel/ecommerce-project/vendor/laravel/framework/src/Illuminate/Foundation/Http/Middleware/ValidatePostSize.php(27): Illuminate/Pipeline/Pipeline->Illuminate/Pipeline/{closure}(Object(Illuminate/Http/Request))
#42 C:/Users/admin/Desktop/laravel/ecommerce-project/vendor/laravel/framework/src/Illuminate/Pipeline/Pipeline.php(183): Illuminate/Foundation/Http/Middleware/ValidatePostSize->handle(Object(Illuminate/Http/Request), Object(Closure))
#43 C:/Users/admin/Desktop/laravel/ecommerce-project/vendor/laravel/framework/src/Illuminate/Foundation/Http/Middleware/PreventRequestsDuringMaintenance.php(99): Illuminate/Pipeline/Pipeline->Illuminate/Pipeline/{closure}(Object(Illuminate/Http/Request))
#44 C:/Users/admin/Desktop/laravel/ecommerce-project/vendor/laravel/framework/src/Illuminate/Pipeline/Pipeline.php(183): Illuminate/Foundation/Http/Middleware/PreventRequestsDuringMaintenance->handle(Object(Illuminate/Http/Request), Object(Closure))
#45 C:/Users/admin/Desktop/laravel/ecommerce-project/vendor/laravel/framework/src/Illuminate/Http/Middleware/HandleCors.php(49): Illuminate/Pipeline/Pipeline->Illuminate/Pipeline/{closure}(Object(Illuminate/Http/Request))
#46 C:/Users/admin/Desktop/laravel/ecommerce-project/vendor/laravel/framework/src/Illuminate/Pipeline/Pipeline.php(183): Illuminate/Http/Middleware/HandleCors->handle(Object(Illuminate/Http/Request), Object(Closure))
#47 C:/Users/admin/Desktop/laravel/ecommerce-project/vendor/laravel/framework/src/Illuminate/Http/Middleware/TrustProxies.php(39): Illuminate/Pipeline/Pipeline->Illuminate/Pipeline/{closure}(Object(Illuminate/Http/Request))
#48 C:/Users/admin/Desktop/laravel/ecommerce-project/vendor/laravel/framework/src/Illuminate/Pipeline/Pipeline.php(183): Illuminate/Http/Middleware/TrustProxies->handle(Object(Illuminate/Http/Request), Object(Closure))
#49 C:/Users/admin/Desktop/laravel/ecommerce-project/vendor/laravel/framework/src/Illuminate/Pipeline/Pipeline.php(119): Illuminate/Pipeline/Pipeline->Illuminate/Pipeline/{closure}(Object(Illuminate/Http/Request))
#50 C:/Users/admin/Desktop/laravel/ecommerce-project/vendor/laravel/framework/src/Illuminate/Foundation/Http/Kernel.php(175): Illuminate/Pipeline/Pipeline->then(Object(Closure))
#51 C:/Users/admin/Desktop/laravel/ecommerce-project/vendor/laravel/framework/src/Illuminate/Foundation/Http/Kernel.php(144): Illuminate/Foundation/Http/Kernel->sendRequestThroughRouter(Object(Illuminate/Http/Request))
#52 C:/Users/admin/Desktop/laravel/ecommerce-project/public/index.php(51): Illuminate/Foundation/Http/Kernel->handle(Object(Illuminate/Http/Request))
#53 C:/Users/admin/Desktop/laravel/ecommerce-project/vendor/laravel/framework/src/Illuminate/Foundation/resources/server.php(16): require_once('C://Users//admin//...')
#54 {main}

[previous exception] [object] (Symfony\\Component\\Routing\\Exception\\RouteNotFoundException(code: 0): Route [items.create] not defined. at C:/Users/admin/Desktop/laravel/ecommerce-project/vendor/laravel/framework/src/Illuminate/Routing/UrlGenerator.php:477)
[stacktrace]
#0 C:/Users/admin/Desktop/laravel/ecommerce-project/vendor/laravel/framework/src/Illuminate/Foundation/helpers.php(811): Illuminate/Routing/UrlGenerator->route('items.create', Array, true)
#1 C:/Users/admin/Desktop/laravel/ecommerce-project/storage/framework/views/9850562bb2d4bfa60d4648a617e359ef.php(4): route('items.create')
#2 C:/Users/admin/Desktop/laravel/ecommerce-project/vendor/laravel/framework/src/Illuminate/Filesystem/Filesystem.php(123): require('C://Users//admin//...')
#3 C:/Users/admin/Desktop/laravel/ecommerce-project/vendor/laravel/framework/src/Illuminate/Filesystem/Filesystem.php(124): Illuminate/Filesystem/Filesystem::Illuminate/Filesystem/{closure}()
#4 C:/Users/admin/Desktop/laravel/ecommerce-project/vendor/laravel/framework/src/Illuminate/View/Engines/PhpEngine.php(58): Illuminate/Filesystem/Filesystem->getRequire('C://Users//admin//...', Array)
#5 C:/Users/admin/Desktop/laravel/ecommerce-project/vendor/laravel/framework/src/Illuminate/View/Engines/CompilerEngine.php(72): Illuminate/View/Engines/PhpEngine->evaluatePath('C://Users//admin//...', Array)
#6 C:/Users/admin/Desktop/laravel/ecommerce-project/vendor/laravel/framework/src/Illuminate/View/View.php(207): Illuminate/View/Engines/CompilerEngine->get('C://Users//admin//...', Array)
#7 C:/Users/admin/Desktop/laravel/ecommerce-project/vendor/laravel/framework/src/Illuminate/View/View.php(190): Illuminate/View/View->getContents()
#8 C:/Users/admin/Desktop/laravel/ecommerce-project/vendor/laravel/framework/src/Illuminate/View/View.php(159): Illuminate/View/View->renderContents()
#9 C:/Users/admin/Desktop/laravel/ecommerce-project/vendor/laravel/framework/src/Illuminate/Http/Response.php(69): Illuminate/View/View->render()
#10 C:/Users/admin/Desktop/laravel/ecommerce-project/vendor/laravel/framework/src/Illuminate/Http/Response.php(35): Illuminate/Http/Response->setContent(Object(Illuminate/View/View))
#11 C:/Users/admin/Desktop/laravel/ecommerce-project/vendor/laravel/framework/src/Illuminate/Routing/Router.php(918): Illuminate/Http/Response->__construct(Object(Illuminate/View/View), 200, Array)
#12 C:/Users/admin/Desktop/laravel/ecommerce-project/vendor/laravel/framework/src/Illuminate/Routing/Router.php(885): Illuminate/Routing/Router::toResponse(Object(Illuminate/Http/Request), Object(Illuminate/View/View))
#13 C:/Users/admin/Desktop/laravel/ecommerce-project/vendor/laravel/framework/src/Illuminate/Routing/Router.php(805): Illuminate/Routing/Router->prepareResponse(Object(Illuminate/Http/Request), Object(Illuminate/View/View))
#14 C:/Users/admin/Desktop/laravel/ecommerce-project/vendor/laravel/framework/src/Illuminate/Pipeline/Pipeline.php(144): Illuminate/Routing/Router->Illuminate/Routing/{closure}(Object(Illuminate/Http/Request))
#15 C:/Users/admin/Desktop/laravel/ecommerce-project/vendor/laravel/framework/src/Illuminate/Routing/Middleware/SubstituteBindings.php(50): Illuminate/Pipeline/Pipeline->Illuminate/Pipeline/{closure}(Object(Illuminate/Http/Request))
#16 C:/Users/admin/Desktop/laravel/ecommerce-project/vendor/laravel/framework/src/Illuminate/Pipeline/Pipeline.php(183): Illuminate/Routing/Middleware/SubstituteBindings->handle(Object(Illuminate/Http/Request), Object(Closure))
#17 C:/Users/admin/Desktop/laravel/ecommerce-project/vendor/laravel/framework/src/Illuminate/Foundation/Http/Middleware/VerifyCsrfToken.php(78): Illuminate/Pipeline/Pipeline->Illuminate/Pipeline/{closure}(Object(Illuminate/Http/Request))
#18 C:/Users/admin/Desktop/laravel/ecommerce-project/vendor/laravel/framework/src/Illuminate/Pipeline/Pipeline.php(183): Illuminate/Foundation/Http/Middleware/VerifyCsrfToken->handle(Object(Illuminate/Http/Request), Object(Closure))
#19 C:/Users/admin/Desktop/laravel/ecommerce-project/vendor/laravel/framework/src/Illuminate/View/Middleware/ShareErrorsFromSession.php(49): Illuminate/Pipeline/Pipeline->Illuminate/Pipeline/{closure}(Object(Illuminate/Http/Request))
#20 C:/Users/admin/Desktop/laravel/ecommerce-project/vendor/laravel/framework/src/Illuminate/Pipeline/Pipeline.php(183): Illuminate/View/Middleware/ShareErrorsFromSession->handle(Object(Illuminate/Http/Request), Object(Closure))
#21 C:/Users/admin/Desktop/laravel/ecommerce-project/vendor/laravel/framework/src/Illuminate/Session/Middleware/StartSession.php(121): Illuminate/Pipeline/Pipeline->Illuminate/Pipeline/{closure}(Object(Illuminate/Http/Request))
#22 C:/Users/admin/Desktop/laravel/ecommerce-project/vendor/laravel/framework/src/Illuminate/Session/Middleware/StartSession.php(64): Illuminate/Session/Middleware/StartSession->handleStatefulRequest(Object(Illuminate/Http/Request), Object(Illuminate/Session/Store), Object(Closure))
#23 C:/Users/admin/Desktop/laravel/ecommerce-project/vendor/laravel/framework/src/Illuminate/Pipeline/Pipeline.php(183): Illuminate/Session/Middleware/StartSession->handle(Object(Illuminate/Http/Request), Object(Closure))
#24 C:/Users/admin/Desktop/laravel/ecommerce-project/vendor/laravel/framework/src/Illuminate/Cookie/Middleware/AddQueuedCookiesToResponse.php(37): Illuminate/Pipeline/Pipeline->Illuminate/Pipeline/{closure}(Object(Illuminate/Http/Request))
#25 C:/Users/admin/Desktop/laravel/ecommerce-project/vendor/laravel/framework/src/Illuminate/Pipeline/Pipeline.php(183): Illuminate/Cookie/Middleware/AddQueuedCookiesToResponse->handle(Object(Illuminate/Http/Request), Object(Closure))
#26 C:/Users/admin/Desktop/laravel/ecommerce-project/vendor/laravel/framework/src/Illuminate/Cookie/Middleware/EncryptCookies.php(67): Illuminate/Pipeline/Pipeline->Illuminate/Pipeline/{closure}(Object(Illuminate/Http/Request))
#27 C:/Users/admin/Desktop/laravel/ecommerce-project/vendor/laravel/framework/src/Illuminate/Pipeline/Pipeline.php(183): Illuminate/Cookie/Middleware/EncryptCookies->handle(Object(Illuminate/Http/Request), Object(Closure))
#28 C:/Users/admin/Desktop/laravel/ecommerce-project/vendor/laravel/framework/src/Illuminate/Pipeline/Pipeline.php(119): Illuminate/Pipeline/Pipeline->Illuminate/Pipeline/{closure}(Object(Illuminate/Http/Request))
#29 C:/Users/admin/Desktop/laravel/ecommerce-project/vendor/laravel/framework/src/Illuminate/Routing/Router.php(805): Illuminate/Pipeline/Pipeline->then(Object(Closure))
#30 C:/Users/admin/Desktop/laravel/ecommerce-project/vendor/laravel/framework/src/Illuminate/Routing/Router.php(784): Illuminate/Routing/Router->runRouteWithinStack(Object(Illuminate/Routing/Route), Object(Illuminate/Http/Request))
#31 C:/Users/admin/Desktop/laravel/ecommerce-project/vendor/laravel/framework/src/Illuminate/Routing/Router.php(748): Illuminate/Routing/Router->runRoute(Object(Illuminate/Http/Request), Object(Illuminate/Routing/Route))
#32 C:/Users/admin/Desktop/laravel/ecommerce-project/vendor/laravel/framework/src/Illuminate/Routing/Router.php(737): Illuminate/Routing/Router->dispatchToRoute(Object(Illuminate/Http/Request))
#33 C:/Users/admin/Desktop/laravel/ecommerce-project/vendor/laravel/framework/src/Illuminate/Foundation/Http/Kernel.php(200): Illuminate/Routing/Router->dispatch(Object(Illuminate/Http/Request))
#34 C:/Users/admin/Desktop/laravel/ecommerce-project/vendor/laravel/framework/src/Illuminate/Pipeline/Pipeline.php(144): Illuminate/Foundation/Http/Kernel->Illuminate/Foundation/Http/{closure}(Object(Illuminate/Http/Request))
#35 C:/Users/admin/Desktop/laravel/ecommerce-project/vendor/laravel/framework/src/Illuminate/Foundation/Http/Middleware/TransformsRequest.php(21): Illuminate/Pipeline/Pipeline->Illuminate/Pipeline/{closure}(Object(Illuminate/Http/Request))
#36 C:/Users/admin/Desktop/laravel/ecommerce-project/vendor/laravel/framework/src/Illuminate/Foundation/Http/Middleware/ConvertEmptyStringsToNull.php(31): Illuminate/Foundation/Http/Middleware/TransformsRequest->handle(Object(Illuminate/Http/Request), Object(Closure))
#37 C:/Users/admin/Desktop/laravel/ecommerce-project/vendor/laravel/framework/src/Illuminate/Pipeline/Pipeline.php(183): Illuminate/Foundation/Http/Middleware/ConvertEmptyStringsToNull->handle(Object(Illuminate/Http/Request), Object(Closure))
#38 C:/Users/admin/Desktop/laravel/ecommerce-project/vendor/laravel/framework/src/Illuminate/Foundation/Http/Middleware/TransformsRequest.php(21): Illuminate/Pipeline/Pipeline->Illuminate/Pipeline/{closure}(Object(Illuminate/Http/Request))
#39 C:/Users/admin/Desktop/laravel/ecommerce-project/vendor/laravel/framework/src/Illuminate/Foundation/Http/Middleware/TrimStrings.php(40): Illuminate/Foundation/Http/Middleware/TransformsRequest->handle(Object(Illuminate/Http/Request), Object(Closure))
#40 C:/Users/admin/Desktop/laravel/ecommerce-project/vendor/laravel/framework/src/Illuminate/Pipeline/Pipeline.php(183): Illuminate/Foundation/Http/Middleware/TrimStrings->handle(Object(Illuminate/Http/Request), Object(Closure))
#41 C:/Users/admin/Desktop/laravel/ecommerce-project/vendor/laravel/framework/src/Illuminate/Foundation/Http/Middleware/ValidatePostSize.php(27): Illuminate/Pipeline/Pipeline->Illuminate/Pipeline/{closure}(Object(Illuminate/Http/Request))
#42 C:/Users/admin/Desktop/laravel/ecommerce-project/vendor/laravel/framework/src/Illuminate/Pipeline/Pipeline.php(183): Illuminate/Foundation/Http/Middleware/ValidatePostSize->handle(Object(Illuminate/Http/Request), Object(Closure))
#43 C:/Users/admin/Desktop/laravel/ecommerce-project/vendor/laravel/framework/src/Illuminate/Foundation/Http/Middleware/PreventRequestsDuringMaintenance.php(99): Illuminate/Pipeline/Pipeline->Illuminate/Pipeline/{closure}(Object(Illuminate/Http/Request))
#44 C:/Users/admin/Desktop/laravel/ecommerce-project/vendor/laravel/framework/src/Illuminate/Pipeline/Pipeline.php(183): Illuminate/Foundation/Http/Middleware/PreventRequestsDuringMaintenance->handle(Object(Illuminate/Http/Request), Object(Closure))
#45 C:/Users/admin/Desktop/laravel/ecommerce-project/vendor/laravel/framework/src/Illuminate/Http/Middleware/HandleCors.php(49): Illuminate/Pipeline/Pipeline->Illuminate/Pipeline/{closure}(Object(Illuminate/Http/Request))
#46 C:/Users/admin/Desktop/laravel/ecommerce-project/vendor/laravel/framework/src/Illuminate/Pipeline/Pipeline.php(183): Illuminate/Http/Middleware/HandleCors->handle(Object(Illuminate/Http/Request), Object(Closure))
#47 C:/Users/admin/Desktop/laravel/ecommerce-project/vendor/laravel/framework/src/Illuminate/Http/Middleware/TrustProxies.php(39): Illuminate/Pipeline/Pipeline->Illuminate/Pipeline/{closure}(Object(Illuminate/Http/Request))
#48 C:/Users/admin/Desktop/laravel/ecommerce-project/vendor/laravel/framework/src/Illuminate/Pipeline/Pipeline.php(183): Illuminate/Http/Middleware/TrustProxies->handle(Object(Illuminate/Http/Request), Object(Closure))
#49 C:/Users/admin/Desktop/laravel/ecommerce-project/vendor/laravel/framework/src/Illuminate/Pipeline/Pipeline.php(119): Illuminate/Pipeline/Pipeline->Illuminate/Pipeline/{closure}(Object(Illuminate/Http/Request))
#50 C:/Users/admin/Desktop/laravel/ecommerce-project/vendor/laravel/framework/src/Illuminate/Foundation/Http/Kernel.php(175): Illuminate/Pipeline/Pipeline->then(Object(Closure))
#51 C:/Users/admin/Desktop/laravel/ecommerce-project/vendor/laravel/framework/src/Illuminate/Foundation/Http/Kernel.php(144): Illuminate/Foundation/Http/Kernel->sendRequestThroughRouter(Object(Illuminate/Http/Request))
#52 C:/Users/admin/Desktop/laravel/ecommerce-project/public/index.php(51): Illuminate/Foundation/Http/Kernel->handle(Object(Illuminate/Http/Request))
#53 C:/Users/admin/Desktop/laravel/ecommerce-project/vendor/laravel/framework/src/Illuminate/Foundation/resources/server.php(16): require_once('C://Users//admin//...')
#54 {main}
"} 
[2026-07-09 16:13:37] local.ERROR: Route [items.create] not defined. {"view":{"view":"C:\\Users\\admin\\Desktop\\laravel\\ecommerce-project\\resources\\views\\admin\\banner\\index.blade.php","data":{"errors":"<pre class=sf-dump id=sf-dump-5262136 data-indent-pad=\"  \"><span class=sf-dump-note>Illuminate\\Support\\ViewErrorBag</span> {<a class=sf-dump-ref>#984</a><samp data-depth=1 class=sf-dump-expanded>
  #<span class=sf-dump-protected title=\"Protected property\">bags</span>: []
</samp>}
</pre><script>Sfdump(\"sf-dump-5262136\", {\"maxDepth\":3,\"maxStringLength\":160})</script>
","banners":"<pre class=sf-dump id=sf-dump-1732634160 data-indent-pad=\"  \"><span class=sf-dump-note>Illuminate\\Pagination\\LengthAwarePaginator</span> {<a class=sf-dump-ref>#1009</a><samp data-depth=1 class=sf-dump-expanded>
  #<span class=sf-dump-protected title=\"Protected property\">items</span>: <span class=\"sf-dump-note sf-dump-ellipsization\" title=\"Illuminate\\Database\\Eloquent\\Collection
\"><span class=\"sf-dump-ellipsis sf-dump-ellipsis-note\">Illuminate\\Database\\Eloquent</span><span class=\"sf-dump-ellipsis sf-dump-ellipsis-note\">\\</span><span class=\"sf-dump-ellipsis-tail\">Collection</span></span> {<a class=sf-dump-ref>#1018</a><samp data-depth=2 class=sf-dump-compact>
    #<span class=sf-dump-protected title=\"Protected property\">items</span>: <span class=sf-dump-note>array:10</span> [<samp data-depth=3 class=sf-dump-compact>
      <span class=sf-dump-index>0</span> => <span class=\"sf-dump-note sf-dump-ellipsization\" title=\"App\\Models\\Banner
\"><span class=\"sf-dump-ellipsis sf-dump-ellipsis-note\">App\\Models</span><span class=\"sf-dump-ellipsis sf-dump-ellipsis-note\">\\</span><span class=\"sf-dump-ellipsis-tail\">Banner</span></span> {<a class=sf-dump-ref>#1020</a> &#8230;30}
      <span class=sf-dump-index>1</span> => <span class=\"sf-dump-note sf-dump-ellipsization\" title=\"App\\Models\\Banner
\"><span class=\"sf-dump-ellipsis sf-dump-ellipsis-note\">App\\Models</span><span class=\"sf-dump-ellipsis sf-dump-ellipsis-note\">\\</span><span class=\"sf-dump-ellipsis-tail\">Banner</span></span> {<a class=sf-dump-ref>#1021</a> &#8230;30}
      <span class=sf-dump-index>2</span> => <span class=\"sf-dump-note sf-dump-ellipsization\" title=\"App\\Models\\Banner
\"><span class=\"sf-dump-ellipsis sf-dump-ellipsis-note\">App\\Models</span><span class=\"sf-dump-ellipsis sf-dump-ellipsis-note\">\\</span><span class=\"sf-dump-ellipsis-tail\">Banner</span></span> {<a class=sf-dump-ref>#1022</a> &#8230;30}
      <span class=sf-dump-index>3</span> => <span class=\"sf-dump-note sf-dump-ellipsization\" title=\"App\\Models\\Banner
\"><span class=\"sf-dump-ellipsis sf-dump-ellipsis-note\">App\\Models</span><span class=\"sf-dump-ellipsis sf-dump-ellipsis-note\">\\</span><span class=\"sf-dump-ellipsis-tail\">Banner</span></span> {<a class=sf-dump-ref>#1023</a> &#8230;30}
      <span class=sf-dump-index>4</span> => <span class=\"sf-dump-note sf-dump-ellipsization\" title=\"App\\Models\\Banner
\"><span class=\"sf-dump-ellipsis sf-dump-ellipsis-note\">App\\Models</span><span class=\"sf-dump-ellipsis sf-dump-ellipsis-note\">\\</span><span class=\"sf-dump-ellipsis-tail\">Banner</span></span> {<a class=sf-dump-ref>#1024</a> &#8230;30}
      <span class=sf-dump-index>5</span> => <span class=\"sf-dump-note sf-dump-ellipsization\" title=\"App\\Models\\Banner
\"><span class=\"sf-dump-ellipsis sf-dump-ellipsis-note\">App\\Models</span><span class=\"sf-dump-ellipsis sf-dump-ellipsis-note\">\\</span><span class=\"sf-dump-ellipsis-tail\">Banner</span></span> {<a class=sf-dump-ref>#1025</a> &#8230;30}
      <span class=sf-dump-index>6</span> => <span class=\"sf-dump-note sf-dump-ellipsization\" title=\"App\\Models\\Banner
\"><span class=\"sf-dump-ellipsis sf-dump-ellipsis-note\">App\\Models</span><span class=\"sf-dump-ellipsis sf-dump-ellipsis-note\">\\</span><span class=\"sf-dump-ellipsis-tail\">Banner</span></span> {<a class=sf-dump-ref>#1026</a> &#8230;30}
      <span class=sf-dump-index>7</span> => <span class=\"sf-dump-note sf-dump-ellipsization\" title=\"App\\Models\\Banner
\"><span class=\"sf-dump-ellipsis sf-dump-ellipsis-note\">App\\Models</span><span class=\"sf-dump-ellipsis sf-dump-ellipsis-note\">\\</span><span class=\"sf-dump-ellipsis-tail\">Banner</span></span> {<a class=sf-dump-ref>#1027</a> &#8230;30}
      <span class=sf-dump-index>8</span> => <span class=\"sf-dump-note sf-dump-ellipsization\" title=\"App\\Models\\Banner
\"><span class=\"sf-dump-ellipsis sf-dump-ellipsis-note\">App\\Models</span><span class=\"sf-dump-ellipsis sf-dump-ellipsis-note\">\\</span><span class=\"sf-dump-ellipsis-tail\">Banner</span></span> {<a class=sf-dump-ref>#1028</a> &#8230;30}
      <span class=sf-dump-index>9</span> => <span class=\"sf-dump-note sf-dump-ellipsization\" title=\"App\\Models\\Banner
\"><span class=\"sf-dump-ellipsis sf-dump-ellipsis-note\">App\\Models</span><span class=\"sf-dump-ellipsis sf-dump-ellipsis-note\">\\</span><span class=\"sf-dump-ellipsis-tail\">Banner</span></span> {<a class=sf-dump-ref>#1029</a> &#8230;30}
    </samp>]
    #<span class=sf-dump-protected title=\"Protected property\">escapeWhenCastingToString</span>: <span class=sf-dump-const>false</span>
  </samp>}
  #<span class=sf-dump-protected title=\"Protected property\">perPage</span>: <span class=sf-dump-num>10</span>
  #<span class=sf-dump-protected title=\"Protected property\">currentPage</span>: <span class=sf-dump-num>1</span>
  #<span class=sf-dump-protected title=\"Protected property\">path</span>: \"<span class=sf-dump-str title=\"29 characters\">http://127.0.0.1:8000/banners</span>\"
  #<span class=sf-dump-protected title=\"Protected property\">query</span>: []
  #<span class=sf-dump-protected title=\"Protected property\">fragment</span>: <span class=sf-dump-const>null</span>
  #<span class=sf-dump-protected title=\"Protected property\">pageName</span>: \"<span class=sf-dump-str title=\"4 characters\">page</span>\"
  +<span class=sf-dump-public title=\"Public property\">onEachSide</span>: <span class=sf-dump-num>3</span>
  #<span class=sf-dump-protected title=\"Protected property\">options</span>: <span class=sf-dump-note>array:2</span> [<samp data-depth=2 class=sf-dump-compact>
    \"<span class=sf-dump-key>path</span>\" => \"<span class=sf-dump-str title=\"29 characters\">http://127.0.0.1:8000/banners</span>\"
    \"<span class=sf-dump-key>pageName</span>\" => \"<span class=sf-dump-str title=\"4 characters\">page</span>\"
  </samp>]
  #<span class=sf-dump-protected title=\"Protected property\">total</span>: <span class=sf-dump-num>10</span>
  #<span class=sf-dump-protected title=\"Protected property\">lastPage</span>: <span class=sf-dump-num>1</span>
</samp>}
</pre><script>Sfdump(\"sf-dump-1732634160\", {\"maxDepth\":3,\"maxStringLength\":160})</script>
"}},"exception":"[object] (Spatie\\LaravelIgnition\\Exceptions\\ViewException(code: 0): Route [items.create] not defined. at C:/Users/admin/Desktop/laravel/ecommerce-project/vendor/laravel/framework/src/Illuminate/Routing/UrlGenerator.php:477)
[stacktrace]
#0 C:/Users/admin/Desktop/laravel/ecommerce-project/vendor/laravel/framework/src/Illuminate/Foundation/helpers.php(811): Illuminate/Routing/UrlGenerator->route('items.create', Array, true)
#1 C:/Users/admin/Desktop/laravel/ecommerce-project/resources/views/admin/banner/index.blade.php(4): route('items.create')
#2 C:/Users/admin/Desktop/laravel/ecommerce-project/vendor/laravel/framework/src/Illuminate/Filesystem/Filesystem.php(123): require('C://Users//admin//...')
#3 C:/Users/admin/Desktop/laravel/ecommerce-project/vendor/laravel/framework/src/Illuminate/Filesystem/Filesystem.php(124): Illuminate/Filesystem/Filesystem::Illuminate/Filesystem/{closure}()
#4 C:/Users/admin/Desktop/laravel/ecommerce-project/vendor/laravel/framework/src/Illuminate/View/Engines/PhpEngine.php(58): Illuminate/Filesystem/Filesystem->getRequire('C://Users//admin//...', Array)
#5 C:/Users/admin/Desktop/laravel/ecommerce-project/vendor/laravel/framework/src/Illuminate/View/Engines/CompilerEngine.php(72): Illuminate/View/Engines/PhpEngine->evaluatePath('C://Users//admin//...', Array)
#6 C:/Users/admin/Desktop/laravel/ecommerce-project/vendor/laravel/framework/src/Illuminate/View/View.php(207): Illuminate/View/Engines/CompilerEngine->get('C://Users//admin//...', Array)
#7 C:/Users/admin/Desktop/laravel/ecommerce-project/vendor/laravel/framework/src/Illuminate/View/View.php(190): Illuminate/View/View->getContents()
#8 C:/Users/admin/Desktop/laravel/ecommerce-project/vendor/laravel/framework/src/Illuminate/View/View.php(159): Illuminate/View/View->renderContents()
#9 C:/Users/admin/Desktop/laravel/ecommerce-project/vendor/laravel/framework/src/Illuminate/Http/Response.php(69): Illuminate/View/View->render()
#10 C:/Users/admin/Desktop/laravel/ecommerce-project/vendor/laravel/framework/src/Illuminate/Http/Response.php(35): Illuminate/Http/Response->setContent(Object(Illuminate/View/View))
#11 C:/Users/admin/Desktop/laravel/ecommerce-project/vendor/laravel/framework/src/Illuminate/Routing/Router.php(918): Illuminate/Http/Response->__construct(Object(Illuminate/View/View), 200, Array)
#12 C:/Users/admin/Desktop/laravel/ecommerce-project/vendor/laravel/framework/src/Illuminate/Routing/Router.php(885): Illuminate/Routing/Router::toResponse(Object(Illuminate/Http/Request), Object(Illuminate/View/View))
#13 C:/Users/admin/Desktop/laravel/ecommerce-project/vendor/laravel/framework/src/Illuminate/Routing/Router.php(805): Illuminate/Routing/Router->prepareResponse(Object(Illuminate/Http/Request), Object(Illuminate/View/View))
#14 C:/Users/admin/Desktop/laravel/ecommerce-project/vendor/laravel/framework/src/Illuminate/Pipeline/Pipeline.php(144): Illuminate/Routing/Router->Illuminate/Routing/{closure}(Object(Illuminate/Http/Request))
#15 C:/Users/admin/Desktop/laravel/ecommerce-project/vendor/laravel/framework/src/Illuminate/Routing/Middleware/SubstituteBindings.php(50): Illuminate/Pipeline/Pipeline->Illuminate/Pipeline/{closure}(Object(Illuminate/Http/Request))
#16 C:/Users/admin/Desktop/laravel/ecommerce-project/vendor/laravel/framework/src/Illuminate/Pipeline/Pipeline.php(183): Illuminate/Routing/Middleware/SubstituteBindings->handle(Object(Illuminate/Http/Request), Object(Closure))
#17 C:/Users/admin/Desktop/laravel/ecommerce-project/vendor/laravel/framework/src/Illuminate/Foundation/Http/Middleware/VerifyCsrfToken.php(78): Illuminate/Pipeline/Pipeline->Illuminate/Pipeline/{closure}(Object(Illuminate/Http/Request))
#18 C:/Users/admin/Desktop/laravel/ecommerce-project/vendor/laravel/framework/src/Illuminate/Pipeline/Pipeline.php(183): Illuminate/Foundation/Http/Middleware/VerifyCsrfToken->handle(Object(Illuminate/Http/Request), Object(Closure))
#19 C:/Users/admin/Desktop/laravel/ecommerce-project/vendor/laravel/framework/src/Illuminate/View/Middleware/ShareErrorsFromSession.php(49): Illuminate/Pipeline/Pipeline->Illuminate/Pipeline/{closure}(Object(Illuminate/Http/Request))
#20 C:/Users/admin/Desktop/laravel/ecommerce-project/vendor/laravel/framework/src/Illuminate/Pipeline/Pipeline.php(183): Illuminate/View/Middleware/ShareErrorsFromSession->handle(Object(Illuminate/Http/Request), Object(Closure))
#21 C:/Users/admin/Desktop/laravel/ecommerce-project/vendor/laravel/framework/src/Illuminate/Session/Middleware/StartSession.php(121): Illuminate/Pipeline/Pipeline->Illuminate/Pipeline/{closure}(Object(Illuminate/Http/Request))
#22 C:/Users/admin/Desktop/laravel/ecommerce-project/vendor/laravel/framework/src/Illuminate/Session/Middleware/StartSession.php(64): Illuminate/Session/Middleware/StartSession->handleStatefulRequest(Object(Illuminate/Http/Request), Object(Illuminate/Session/Store), Object(Closure))
#23 C:/Users/admin/Desktop/laravel/ecommerce-project/vendor/laravel/framework/src/Illuminate/Pipeline/Pipeline.php(183): Illuminate/Session/Middleware/StartSession->handle(Object(Illuminate/Http/Request), Object(Closure))
#24 C:/Users/admin/Desktop/laravel/ecommerce-project/vendor/laravel/framework/src/Illuminate/Cookie/Middleware/AddQueuedCookiesToResponse.php(37): Illuminate/Pipeline/Pipeline->Illuminate/Pipeline/{closure}(Object(Illuminate/Http/Request))
#25 C:/Users/admin/Desktop/laravel/ecommerce-project/vendor/laravel/framework/src/Illuminate/Pipeline/Pipeline.php(183): Illuminate/Cookie/Middleware/AddQueuedCookiesToResponse->handle(Object(Illuminate/Http/Request), Object(Closure))
#26 C:/Users/admin/Desktop/laravel/ecommerce-project/vendor/laravel/framework/src/Illuminate/Cookie/Middleware/EncryptCookies.php(67): Illuminate/Pipeline/Pipeline->Illuminate/Pipeline/{closure}(Object(Illuminate/Http/Request))
#27 C:/Users/admin/Desktop/laravel/ecommerce-project/vendor/laravel/framework/src/Illuminate/Pipeline/Pipeline.php(183): Illuminate/Cookie/Middleware/EncryptCookies->handle(Object(Illuminate/Http/Request), Object(Closure))
#28 C:/Users/admin/Desktop/laravel/ecommerce-project/vendor/laravel/framework/src/Illuminate/Pipeline/Pipeline.php(119): Illuminate/Pipeline/Pipeline->Illuminate/Pipeline/{closure}(Object(Illuminate/Http/Request))
#29 C:/Users/admin/Desktop/laravel/ecommerce-project/vendor/laravel/framework/src/Illuminate/Routing/Router.php(805): Illuminate/Pipeline/Pipeline->then(Object(Closure))
#30 C:/Users/admin/Desktop/laravel/ecommerce-project/vendor/laravel/framework/src/Illuminate/Routing/Router.php(784): Illuminate/Routing/Router->runRouteWithinStack(Object(Illuminate/Routing/Route), Object(Illuminate/Http/Request))
#31 C:/Users/admin/Desktop/laravel/ecommerce-project/vendor/laravel/framework/src/Illuminate/Routing/Router.php(748): Illuminate/Routing/Router->runRoute(Object(Illuminate/Http/Request), Object(Illuminate/Routing/Route))
#32 C:/Users/admin/Desktop/laravel/ecommerce-project/vendor/laravel/framework/src/Illuminate/Routing/Router.php(737): Illuminate/Routing/Router->dispatchToRoute(Object(Illuminate/Http/Request))
#33 C:/Users/admin/Desktop/laravel/ecommerce-project/vendor/laravel/framework/src/Illuminate/Foundation/Http/Kernel.php(200): Illuminate/Routing/Router->dispatch(Object(Illuminate/Http/Request))
#34 C:/Users/admin/Desktop/laravel/ecommerce-project/vendor/laravel/framework/src/Illuminate/Pipeline/Pipeline.php(144): Illuminate/Foundation/Http/Kernel->Illuminate/Foundation/Http/{closure}(Object(Illuminate/Http/Request))
#35 C:/Users/admin/Desktop/laravel/ecommerce-project/vendor/laravel/framework/src/Illuminate/Foundation/Http/Middleware/TransformsRequest.php(21): Illuminate/Pipeline/Pipeline->Illuminate/Pipeline/{closure}(Object(Illuminate/Http/Request))
#36 C:/Users/admin/Desktop/laravel/ecommerce-project/vendor/laravel/framework/src/Illuminate/Foundation/Http/Middleware/ConvertEmptyStringsToNull.php(31): Illuminate/Foundation/Http/Middleware/TransformsRequest->handle(Object(Illuminate/Http/Request), Object(Closure))
#37 C:/Users/admin/Desktop/laravel/ecommerce-project/vendor/laravel/framework/src/Illuminate/Pipeline/Pipeline.php(183): Illuminate/Foundation/Http/Middleware/ConvertEmptyStringsToNull->handle(Object(Illuminate/Http/Request), Object(Closure))
#38 C:/Users/admin/Desktop/laravel/ecommerce-project/vendor/laravel/framework/src/Illuminate/Foundation/Http/Middleware/TransformsRequest.php(21): Illuminate/Pipeline/Pipeline->Illuminate/Pipeline/{closure}(Object(Illuminate/Http/Request))
#39 C:/Users/admin/Desktop/laravel/ecommerce-project/vendor/laravel/framework/src/Illuminate/Foundation/Http/Middleware/TrimStrings.php(40): Illuminate/Foundation/Http/Middleware/TransformsRequest->handle(Object(Illuminate/Http/Request), Object(Closure))
#40 C:/Users/admin/Desktop/laravel/ecommerce-project/vendor/laravel/framework/src/Illuminate/Pipeline/Pipeline.php(183): Illuminate/Foundation/Http/Middleware/TrimStrings->handle(Object(Illuminate/Http/Request), Object(Closure))
#41 C:/Users/admin/Desktop/laravel/ecommerce-project/vendor/laravel/framework/src/Illuminate/Foundation/Http/Middleware/ValidatePostSize.php(27): Illuminate/Pipeline/Pipeline->Illuminate/Pipeline/{closure}(Object(Illuminate/Http/Request))
#42 C:/Users/admin/Desktop/laravel/ecommerce-project/vendor/laravel/framework/src/Illuminate/Pipeline/Pipeline.php(183): Illuminate/Foundation/Http/Middleware/ValidatePostSize->handle(Object(Illuminate/Http/Request), Object(Closure))
#43 C:/Users/admin/Desktop/laravel/ecommerce-project/vendor/laravel/framework/src/Illuminate/Foundation/Http/Middleware/PreventRequestsDuringMaintenance.php(99): Illuminate/Pipeline/Pipeline->Illuminate/Pipeline/{closure}(Object(Illuminate/Http/Request))
#44 C:/Users/admin/Desktop/laravel/ecommerce-project/vendor/laravel/framework/src/Illuminate/Pipeline/Pipeline.php(183): Illuminate/Foundation/Http/Middleware/PreventRequestsDuringMaintenance->handle(Object(Illuminate/Http/Request), Object(Closure))
#45 C:/Users/admin/Desktop/laravel/ecommerce-project/vendor/laravel/framework/src/Illuminate/Http/Middleware/HandleCors.php(49): Illuminate/Pipeline/Pipeline->Illuminate/Pipeline/{closure}(Object(Illuminate/Http/Request))
#46 C:/Users/admin/Desktop/laravel/ecommerce-project/vendor/laravel/framework/src/Illuminate/Pipeline/Pipeline.php(183): Illuminate/Http/Middleware/HandleCors->handle(Object(Illuminate/Http/Request), Object(Closure))
#47 C:/Users/admin/Desktop/laravel/ecommerce-project/vendor/laravel/framework/src/Illuminate/Http/Middleware/TrustProxies.php(39): Illuminate/Pipeline/Pipeline->Illuminate/Pipeline/{closure}(Object(Illuminate/Http/Request))
#48 C:/Users/admin/Desktop/laravel/ecommerce-project/vendor/laravel/framework/src/Illuminate/Pipeline/Pipeline.php(183): Illuminate/Http/Middleware/TrustProxies->handle(Object(Illuminate/Http/Request), Object(Closure))
#49 C:/Users/admin/Desktop/laravel/ecommerce-project/vendor/laravel/framework/src/Illuminate/Pipeline/Pipeline.php(119): Illuminate/Pipeline/Pipeline->Illuminate/Pipeline/{closure}(Object(Illuminate/Http/Request))
#50 C:/Users/admin/Desktop/laravel/ecommerce-project/vendor/laravel/framework/src/Illuminate/Foundation/Http/Kernel.php(175): Illuminate/Pipeline/Pipeline->then(Object(Closure))
#51 C:/Users/admin/Desktop/laravel/ecommerce-project/vendor/laravel/framework/src/Illuminate/Foundation/Http/Kernel.php(144): Illuminate/Foundation/Http/Kernel->sendRequestThroughRouter(Object(Illuminate/Http/Request))
#52 C:/Users/admin/Desktop/laravel/ecommerce-project/public/index.php(51): Illuminate/Foundation/Http/Kernel->handle(Object(Illuminate/Http/Request))
#53 C:/Users/admin/Desktop/laravel/ecommerce-project/vendor/laravel/framework/src/Illuminate/Foundation/resources/server.php(16): require_once('C://Users//admin//...')
#54 {main}

[previous exception] [object] (Symfony\\Component\\Routing\\Exception\\RouteNotFoundException(code: 0): Route [items.create] not defined. at C:/Users/admin/Desktop/laravel/ecommerce-project/vendor/laravel/framework/src/Illuminate/Routing/UrlGenerator.php:477)
[stacktrace]
#0 C:/Users/admin/Desktop/laravel/ecommerce-project/vendor/laravel/framework/src/Illuminate/Foundation/helpers.php(811): Illuminate/Routing/UrlGenerator->route('items.create', Array, true)
#1 C:/Users/admin/Desktop/laravel/ecommerce-project/storage/framework/views/9850562bb2d4bfa60d4648a617e359ef.php(4): route('items.create')
#2 C:/Users/admin/Desktop/laravel/ecommerce-project/vendor/laravel/framework/src/Illuminate/Filesystem/Filesystem.php(123): require('C://Users//admin//...')
#3 C:/Users/admin/Desktop/laravel/ecommerce-project/vendor/laravel/framework/src/Illuminate/Filesystem/Filesystem.php(124): Illuminate/Filesystem/Filesystem::Illuminate/Filesystem/{closure}()
#4 C:/Users/admin/Desktop/laravel/ecommerce-project/vendor/laravel/framework/src/Illuminate/View/Engines/PhpEngine.php(58): Illuminate/Filesystem/Filesystem->getRequire('C://Users//admin//...', Array)
#5 C:/Users/admin/Desktop/laravel/ecommerce-project/vendor/laravel/framework/src/Illuminate/View/Engines/CompilerEngine.php(72): Illuminate/View/Engines/PhpEngine->evaluatePath('C://Users//admin//...', Array)
#6 C:/Users/admin/Desktop/laravel/ecommerce-project/vendor/laravel/framework/src/Illuminate/View/View.php(207): Illuminate/View/Engines/CompilerEngine->get('C://Users//admin//...', Array)
#7 C:/Users/admin/Desktop/laravel/ecommerce-project/vendor/laravel/framework/src/Illuminate/View/View.php(190): Illuminate/View/View->getContents()
#8 C:/Users/admin/Desktop/laravel/ecommerce-project/vendor/laravel/framework/src/Illuminate/View/View.php(159): Illuminate/View/View->renderContents()
#9 C:/Users/admin/Desktop/laravel/ecommerce-project/vendor/laravel/framework/src/Illuminate/Http/Response.php(69): Illuminate/View/View->render()
#10 C:/Users/admin/Desktop/laravel/ecommerce-project/vendor/laravel/framework/src/Illuminate/Http/Response.php(35): Illuminate/Http/Response->setContent(Object(Illuminate/View/View))
#11 C:/Users/admin/Desktop/laravel/ecommerce-project/vendor/laravel/framework/src/Illuminate/Routing/Router.php(918): Illuminate/Http/Response->__construct(Object(Illuminate/View/View), 200, Array)
#12 C:/Users/admin/Desktop/laravel/ecommerce-project/vendor/laravel/framework/src/Illuminate/Routing/Router.php(885): Illuminate/Routing/Router::toResponse(Object(Illuminate/Http/Request), Object(Illuminate/View/View))
#13 C:/Users/admin/Desktop/laravel/ecommerce-project/vendor/laravel/framework/src/Illuminate/Routing/Router.php(805): Illuminate/Routing/Router->prepareResponse(Object(Illuminate/Http/Request), Object(Illuminate/View/View))
#14 C:/Users/admin/Desktop/laravel/ecommerce-project/vendor/laravel/framework/src/Illuminate/Pipeline/Pipeline.php(144): Illuminate/Routing/Router->Illuminate/Routing/{closure}(Object(Illuminate/Http/Request))
#15 C:/Users/admin/Desktop/laravel/ecommerce-project/vendor/laravel/framework/src/Illuminate/Routing/Middleware/SubstituteBindings.php(50): Illuminate/Pipeline/Pipeline->Illuminate/Pipeline/{closure}(Object(Illuminate/Http/Request))
#16 C:/Users/admin/Desktop/laravel/ecommerce-project/vendor/laravel/framework/src/Illuminate/Pipeline/Pipeline.php(183): Illuminate/Routing/Middleware/SubstituteBindings->handle(Object(Illuminate/Http/Request), Object(Closure))
#17 C:/Users/admin/Desktop/laravel/ecommerce-project/vendor/laravel/framework/src/Illuminate/Foundation/Http/Middleware/VerifyCsrfToken.php(78): Illuminate/Pipeline/Pipeline->Illuminate/Pipeline/{closure}(Object(Illuminate/Http/Request))
#18 C:/Users/admin/Desktop/laravel/ecommerce-project/vendor/laravel/framework/src/Illuminate/Pipeline/Pipeline.php(183): Illuminate/Foundation/Http/Middleware/VerifyCsrfToken->handle(Object(Illuminate/Http/Request), Object(Closure))
#19 C:/Users/admin/Desktop/laravel/ecommerce-project/vendor/laravel/framework/src/Illuminate/View/Middleware/ShareErrorsFromSession.php(49): Illuminate/Pipeline/Pipeline->Illuminate/Pipeline/{closure}(Object(Illuminate/Http/Request))
#20 C:/Users/admin/Desktop/laravel/ecommerce-project/vendor/laravel/framework/src/Illuminate/Pipeline/Pipeline.php(183): Illuminate/View/Middleware/ShareErrorsFromSession->handle(Object(Illuminate/Http/Request), Object(Closure))
#21 C:/Users/admin/Desktop/laravel/ecommerce-project/vendor/laravel/framework/src/Illuminate/Session/Middleware/StartSession.php(121): Illuminate/Pipeline/Pipeline->Illuminate/Pipeline/{closure}(Object(Illuminate/Http/Request))
#22 C:/Users/admin/Desktop/laravel/ecommerce-project/vendor/laravel/framework/src/Illuminate/Session/Middleware/StartSession.php(64): Illuminate/Session/Middleware/StartSession->handleStatefulRequest(Object(Illuminate/Http/Request), Object(Illuminate/Session/Store), Object(Closure))
#23 C:/Users/admin/Desktop/laravel/ecommerce-project/vendor/laravel/framework/src/Illuminate/Pipeline/Pipeline.php(183): Illuminate/Session/Middleware/StartSession->handle(Object(Illuminate/Http/Request), Object(Closure))
#24 C:/Users/admin/Desktop/laravel/ecommerce-project/vendor/laravel/framework/src/Illuminate/Cookie/Middleware/AddQueuedCookiesToResponse.php(37): Illuminate/Pipeline/Pipeline->Illuminate/Pipeline/{closure}(Object(Illuminate/Http/Request))
#25 C:/Users/admin/Desktop/laravel/ecommerce-project/vendor/laravel/framework/src/Illuminate/Pipeline/Pipeline.php(183): Illuminate/Cookie/Middleware/AddQueuedCookiesToResponse->handle(Object(Illuminate/Http/Request), Object(Closure))
#26 C:/Users/admin/Desktop/laravel/ecommerce-project/vendor/laravel/framework/src/Illuminate/Cookie/Middleware/EncryptCookies.php(67): Illuminate/Pipeline/Pipeline->Illuminate/Pipeline/{closure}(Object(Illuminate/Http/Request))
#27 C:/Users/admin/Desktop/laravel/ecommerce-project/vendor/laravel/framework/src/Illuminate/Pipeline/Pipeline.php(183): Illuminate/Cookie/Middleware/EncryptCookies->handle(Object(Illuminate/Http/Request), Object(Closure))
#28 C:/Users/admin/Desktop/laravel/ecommerce-project/vendor/laravel/framework/src/Illuminate/Pipeline/Pipeline.php(119): Illuminate/Pipeline/Pipeline->Illuminate/Pipeline/{closure}(Object(Illuminate/Http/Request))
#29 C:/Users/admin/Desktop/laravel/ecommerce-project/vendor/laravel/framework/src/Illuminate/Routing/Router.php(805): Illuminate/Pipeline/Pipeline->then(Object(Closure))
#30 C:/Users/admin/Desktop/laravel/ecommerce-project/vendor/laravel/framework/src/Illuminate/Routing/Router.php(784): Illuminate/Routing/Router->runRouteWithinStack(Object(Illuminate/Routing/Route), Object(Illuminate/Http/Request))
#31 C:/Users/admin/Desktop/laravel/ecommerce-project/vendor/laravel/framework/src/Illuminate/Routing/Router.php(748): Illuminate/Routing/Router->runRoute(Object(Illuminate/Http/Request), Object(Illuminate/Routing/Route))
#32 C:/Users/admin/Desktop/laravel/ecommerce-project/vendor/laravel/framework/src/Illuminate/Routing/Router.php(737): Illuminate/Routing/Router->dispatchToRoute(Object(Illuminate/Http/Request))
#33 C:/Users/admin/Desktop/laravel/ecommerce-project/vendor/laravel/framework/src/Illuminate/Foundation/Http/Kernel.php(200): Illuminate/Routing/Router->dispatch(Object(Illuminate/Http/Request))
#34 C:/Users/admin/Desktop/laravel/ecommerce-project/vendor/laravel/framework/src/Illuminate/Pipeline/Pipeline.php(144): Illuminate/Foundation/Http/Kernel->Illuminate/Foundation/Http/{closure}(Object(Illuminate/Http/Request))
#35 C:/Users/admin/Desktop/laravel/ecommerce-project/vendor/laravel/framework/src/Illuminate/Foundation/Http/Middleware/TransformsRequest.php(21): Illuminate/Pipeline/Pipeline->Illuminate/Pipeline/{closure}(Object(Illuminate/Http/Request))
#36 C:/Users/admin/Desktop/laravel/ecommerce-project/vendor/laravel/framework/src/Illuminate/Foundation/Http/Middleware/ConvertEmptyStringsToNull.php(31): Illuminate/Foundation/Http/Middleware/TransformsRequest->handle(Object(Illuminate/Http/Request), Object(Closure))
#37 C:/Users/admin/Desktop/laravel/ecommerce-project/vendor/laravel/framework/src/Illuminate/Pipeline/Pipeline.php(183): Illuminate/Foundation/Http/Middleware/ConvertEmptyStringsToNull->handle(Object(Illuminate/Http/Request), Object(Closure))
#38 C:/Users/admin/Desktop/laravel/ecommerce-project/vendor/laravel/framework/src/Illuminate/Foundation/Http/Middleware/TransformsRequest.php(21): Illuminate/Pipeline/Pipeline->Illuminate/Pipeline/{closure}(Object(Illuminate/Http/Request))
#39 C:/Users/admin/Desktop/laravel/ecommerce-project/vendor/laravel/framework/src/Illuminate/Foundation/Http/Middleware/TrimStrings.php(40): Illuminate/Foundation/Http/Middleware/TransformsRequest->handle(Object(Illuminate/Http/Request), Object(Closure))
#40 C:/Users/admin/Desktop/laravel/ecommerce-project/vendor/laravel/framework/src/Illuminate/Pipeline/Pipeline.php(183): Illuminate/Foundation/Http/Middleware/TrimStrings->handle(Object(Illuminate/Http/Request), Object(Closure))
#41 C:/Users/admin/Desktop/laravel/ecommerce-project/vendor/laravel/framework/src/Illuminate/Foundation/Http/Middleware/ValidatePostSize.php(27): Illuminate/Pipeline/Pipeline->Illuminate/Pipeline/{closure}(Object(Illuminate/Http/Request))
#42 C:/Users/admin/Desktop/laravel/ecommerce-project/vendor/laravel/framework/src/Illuminate/Pipeline/Pipeline.php(183): Illuminate/Foundation/Http/Middleware/ValidatePostSize->handle(Object(Illuminate/Http/Request), Object(Closure))
#43 C:/Users/admin/Desktop/laravel/ecommerce-project/vendor/laravel/framework/src/Illuminate/Foundation/Http/Middleware/PreventRequestsDuringMaintenance.php(99): Illuminate/Pipeline/Pipeline->Illuminate/Pipeline/{closure}(Object(Illuminate/Http/Request))
#44 C:/Users/admin/Desktop/laravel/ecommerce-project/vendor/laravel/framework/src/Illuminate/Pipeline/Pipeline.php(183): Illuminate/Foundation/Http/Middleware/PreventRequestsDuringMaintenance->handle(Object(Illuminate/Http/Request), Object(Closure))
#45 C:/Users/admin/Desktop/laravel/ecommerce-project/vendor/laravel/framework/src/Illuminate/Http/Middleware/HandleCors.php(49): Illuminate/Pipeline/Pipeline->Illuminate/Pipeline/{closure}(Object(Illuminate/Http/Request))
#46 C:/Users/admin/Desktop/laravel/ecommerce-project/vendor/laravel/framework/src/Illuminate/Pipeline/Pipeline.php(183): Illuminate/Http/Middleware/HandleCors->handle(Object(Illuminate/Http/Request), Object(Closure))
#47 C:/Users/admin/Desktop/laravel/ecommerce-project/vendor/laravel/framework/src/Illuminate/Http/Middleware/TrustProxies.php(39): Illuminate/Pipeline/Pipeline->Illuminate/Pipeline/{closure}(Object(Illuminate/Http/Request))
#48 C:/Users/admin/Desktop/laravel/ecommerce-project/vendor/laravel/framework/src/Illuminate/Pipeline/Pipeline.php(183): Illuminate/Http/Middleware/TrustProxies->handle(Object(Illuminate/Http/Request), Object(Closure))
#49 C:/Users/admin/Desktop/laravel/ecommerce-project/vendor/laravel/framework/src/Illuminate/Pipeline/Pipeline.php(119): Illuminate/Pipeline/Pipeline->Illuminate/Pipeline/{closure}(Object(Illuminate/Http/Request))
#50 C:/Users/admin/Desktop/laravel/ecommerce-project/vendor/laravel/framework/src/Illuminate/Foundation/Http/Kernel.php(175): Illuminate/Pipeline/Pipeline->then(Object(Closure))
#51 C:/Users/admin/Desktop/laravel/ecommerce-project/vendor/laravel/framework/src/Illuminate/Foundation/Http/Kernel.php(144): Illuminate/Foundation/Http/Kernel->sendRequestThroughRouter(Object(Illuminate/Http/Request))
#52 C:/Users/admin/Desktop/laravel/ecommerce-project/public/index.php(51): Illuminate/Foundation/Http/Kernel->handle(Object(Illuminate/Http/Request))
#53 C:/Users/admin/Desktop/laravel/ecommerce-project/vendor/laravel/framework/src/Illuminate/Foundation/resources/server.php(16): require_once('C://Users//admin//...')
#54 {main}
"} 
[2026-07-09 16:16:22] local.ERROR: syntax error, unexpected end of file {"exception":"[object] (ParseError(code: 0): syntax error, unexpected end of file at C:/Users/admin/Desktop/laravel/ecommerce-project/routes/web.php:20)
[stacktrace]
#0 C:/Users/admin/Desktop/laravel/ecommerce-project/vendor/laravel/framework/src/Illuminate/Routing/Router.php(511): Illuminate/Routing/RouteFileRegistrar->register('C://Users//admin//...')
#1 C:/Users/admin/Desktop/laravel/ecommerce-project/vendor/laravel/framework/src/Illuminate/Routing/Router.php(465): Illuminate/Routing/Router->loadRoutes('C://Users//admin//...')
#2 C:/Users/admin/Desktop/laravel/ecommerce-project/vendor/laravel/framework/src/Illuminate/Routing/RouteRegistrar.php(194): Illuminate/Routing/Router->group(Array, 'C://Users//admin//...')
#3 C:/Users/admin/Desktop/laravel/ecommerce-project/app/Providers/RouteServiceProvider.php(37): Illuminate/Routing/RouteRegistrar->group('C://Users//admin//...')
#4 C:/Users/admin/Desktop/laravel/ecommerce-project/vendor/laravel/framework/src/Illuminate/Container/BoundMethod.php(36): App/Providers/RouteServiceProvider->App/Providers/{closure}()
#5 C:/Users/admin/Desktop/laravel/ecommerce-project/vendor/laravel/framework/src/Illuminate/Container/Util.php(41): Illuminate/Container/BoundMethod::Illuminate/Container/{closure}()
#6 C:/Users/admin/Desktop/laravel/ecommerce-project/vendor/laravel/framework/src/Illuminate/Container/BoundMethod.php(81): Illuminate/Container/Util::unwrapIfClosure(Object(Closure))
#7 C:/Users/admin/Desktop/laravel/ecommerce-project/vendor/laravel/framework/src/Illuminate/Container/BoundMethod.php(35): Illuminate/Container/BoundMethod::callBoundMethod(Object(Illuminate/Foundation/Application), Object(Closure), Object(Closure))
#8 C:/Users/admin/Desktop/laravel/ecommerce-project/vendor/laravel/framework/src/Illuminate/Container/Container.php(662): Illuminate/Container/BoundMethod::call(Object(Illuminate/Foundation/Application), Object(Closure), Array, NULL)
#9 C:/Users/admin/Desktop/laravel/ecommerce-project/vendor/laravel/framework/src/Illuminate/Foundation/Support/Providers/RouteServiceProvider.php(120): Illuminate/Container/Container->call(Object(Closure))
#10 C:/Users/admin/Desktop/laravel/ecommerce-project/vendor/laravel/framework/src/Illuminate/Foundation/Support/Providers/RouteServiceProvider.php(45): Illuminate/Foundation/Support/Providers/RouteServiceProvider->loadRoutes()
#11 C:/Users/admin/Desktop/laravel/ecommerce-project/vendor/laravel/framework/src/Illuminate/Container/BoundMethod.php(36): Illuminate/Foundation/Support/Providers/RouteServiceProvider->Illuminate/Foundation/Support/Providers/{closure}()
#12 C:/Users/admin/Desktop/laravel/ecommerce-project/vendor/laravel/framework/src/Illuminate/Container/Util.php(41): Illuminate/Container/BoundMethod::Illuminate/Container/{closure}()
#13 C:/Users/admin/Desktop/laravel/ecommerce-project/vendor/laravel/framework/src/Illuminate/Container/BoundMethod.php(81): Illuminate/Container/Util::unwrapIfClosure(Object(Closure))
#14 C:/Users/admin/Desktop/laravel/ecommerce-project/vendor/laravel/framework/src/Illuminate/Container/BoundMethod.php(35): Illuminate/Container/BoundMethod::callBoundMethod(Object(Illuminate/Foundation/Application), Object(Closure), Object(Closure))
#15 C:/Users/admin/Desktop/laravel/ecommerce-project/vendor/laravel/framework/src/Illuminate/Container/Container.php(662): Illuminate/Container/BoundMethod::call(Object(Illuminate/Foundation/Application), Object(Closure), Array, NULL)
#16 C:/Users/admin/Desktop/laravel/ecommerce-project/vendor/laravel/framework/src/Illuminate/Support/ServiceProvider.php(119): Illuminate/Container/Container->call(Object(Closure))
#17 C:/Users/admin/Desktop/laravel/ecommerce-project/vendor/laravel/framework/src/Illuminate/Foundation/Application.php(1062): Illuminate/Support/ServiceProvider->callBootedCallbacks()
#18 C:/Users/admin/Desktop/laravel/ecommerce-project/vendor/laravel/framework/src/Illuminate/Foundation/Application.php(1040): Illuminate/Foundation/Application->bootProvider(Object(App/Providers/RouteServiceProvider))
#19 [internal function]: Illuminate/Foundation/Application->Illuminate/Foundation/{closure}(Object(App/Providers/RouteServiceProvider), 24)
#20 C:/Users/admin/Desktop/laravel/ecommerce-project/vendor/laravel/framework/src/Illuminate/Foundation/Application.php(1039): array_walk(Array, Object(Closure))
#21 C:/Users/admin/Desktop/laravel/ecommerce-project/vendor/laravel/framework/src/Illuminate/Foundation/Bootstrap/BootProviders.php(17): Illuminate/Foundation/Application->boot()
#22 C:/Users/admin/Desktop/laravel/ecommerce-project/vendor/laravel/framework/src/Illuminate/Foundation/Application.php(286): Illuminate/Foundation/Bootstrap/BootProviders->bootstrap(Object(Illuminate/Foundation/Application))
#23 C:/Users/admin/Desktop/laravel/ecommerce-project/vendor/laravel/framework/src/Illuminate/Foundation/Console/Kernel.php(447): Illuminate/Foundation/Application->bootstrapWith(Array)
#24 C:/Users/admin/Desktop/laravel/ecommerce-project/vendor/laravel/framework/src/Illuminate/Foundation/Console/Kernel.php(199): Illuminate/Foundation/Console/Kernel->bootstrap()
#25 Command line code(1): Illuminate/Foundation/Console/Kernel->handle(Object(Symfony/Component/Console/Input/ArgvInput), Object(Symfony/Component/Console/Output/ConsoleOutput))
#26 {main}
"} 
[2026-07-09 16:16:41] local.ERROR: Too few arguments to function Illuminate\Routing\PendingResourceRegistration::name(), 1 passed in C:\Users\admin\Desktop\laravel\ecommerce-project\routes\web.php on line 15 and exactly 2 expected {"exception":"[object] (ArgumentCountError(code: 0): Too few arguments to function Illuminate\\Routing\\PendingResourceRegistration::name(), 1 passed in C:\\Users\\admin\\Desktop\\laravel\\ecommerce-project\\routes\\web.php on line 15 and exactly 2 expected at C:/Users/admin/Desktop/laravel/ecommerce-project/vendor/laravel/framework/src/Illuminate/Routing/PendingResourceRegistration.php:110)
[stacktrace]
#0 C:/Users/admin/Desktop/laravel/ecommerce-project/routes/web.php(15): Illuminate/Routing/PendingResourceRegistration->name('item.')
#1 C:/Users/admin/Desktop/laravel/ecommerce-project/vendor/laravel/framework/src/Illuminate/Routing/RouteFileRegistrar.php(35): require('C://Users//admin//...')
#2 C:/Users/admin/Desktop/laravel/ecommerce-project/vendor/laravel/framework/src/Illuminate/Routing/Router.php(511): Illuminate/Routing/RouteFileRegistrar->register('C://Users//admin//...')
#3 C:/Users/admin/Desktop/laravel/ecommerce-project/vendor/laravel/framework/src/Illuminate/Routing/Router.php(465): Illuminate/Routing/Router->loadRoutes('C://Users//admin//...')
#4 C:/Users/admin/Desktop/laravel/ecommerce-project/vendor/laravel/framework/src/Illuminate/Routing/RouteRegistrar.php(194): Illuminate/Routing/Router->group(Array, 'C://Users//admin//...')
#5 C:/Users/admin/Desktop/laravel/ecommerce-project/app/Providers/RouteServiceProvider.php(37): Illuminate/Routing/RouteRegistrar->group('C://Users//admin//...')
#6 C:/Users/admin/Desktop/laravel/ecommerce-project/vendor/laravel/framework/src/Illuminate/Container/BoundMethod.php(36): App/Providers/RouteServiceProvider->App/Providers/{closure}()
#7 C:/Users/admin/Desktop/laravel/ecommerce-project/vendor/laravel/framework/src/Illuminate/Container/Util.php(41): Illuminate/Container/BoundMethod::Illuminate/Container/{closure}()
#8 C:/Users/admin/Desktop/laravel/ecommerce-project/vendor/laravel/framework/src/Illuminate/Container/BoundMethod.php(81): Illuminate/Container/Util::unwrapIfClosure(Object(Closure))
#9 C:/Users/admin/Desktop/laravel/ecommerce-project/vendor/laravel/framework/src/Illuminate/Container/BoundMethod.php(35): Illuminate/Container/BoundMethod::callBoundMethod(Object(Illuminate/Foundation/Application), Object(Closure), Object(Closure))
#10 C:/Users/admin/Desktop/laravel/ecommerce-project/vendor/laravel/framework/src/Illuminate/Container/Container.php(662): Illuminate/Container/BoundMethod::call(Object(Illuminate/Foundation/Application), Object(Closure), Array, NULL)
#11 C:/Users/admin/Desktop/laravel/ecommerce-project/vendor/laravel/framework/src/Illuminate/Foundation/Support/Providers/RouteServiceProvider.php(120): Illuminate/Container/Container->call(Object(Closure))
#12 C:/Users/admin/Desktop/laravel/ecommerce-project/vendor/laravel/framework/src/Illuminate/Foundation/Support/Providers/RouteServiceProvider.php(45): Illuminate/Foundation/Support/Providers/RouteServiceProvider->loadRoutes()
#13 C:/Users/admin/Desktop/laravel/ecommerce-project/vendor/laravel/framework/src/Illuminate/Container/BoundMethod.php(36): Illuminate/Foundation/Support/Providers/RouteServiceProvider->Illuminate/Foundation/Support/Providers/{closure}()
#14 C:/Users/admin/Desktop/laravel/ecommerce-project/vendor/laravel/framework/src/Illuminate/Container/Util.php(41): Illuminate/Container/BoundMethod::Illuminate/Container/{closure}()
#15 C:/Users/admin/Desktop/laravel/ecommerce-project/vendor/laravel/framework/src/Illuminate/Container/BoundMethod.php(81): Illuminate/Container/Util::unwrapIfClosure(Object(Closure))
#16 C:/Users/admin/Desktop/laravel/ecommerce-project/vendor/laravel/framework/src/Illuminate/Container/BoundMethod.php(35): Illuminate/Container/BoundMethod::callBoundMethod(Object(Illuminate/Foundation/Application), Object(Closure), Object(Closure))
#17 C:/Users/admin/Desktop/laravel/ecommerce-project/vendor/laravel/framework/src/Illuminate/Container/Container.php(662): Illuminate/Container/BoundMethod::call(Object(Illuminate/Foundation/Application), Object(Closure), Array, NULL)
#18 C:/Users/admin/Desktop/laravel/ecommerce-project/vendor/laravel/framework/src/Illuminate/Support/ServiceProvider.php(119): Illuminate/Container/Container->call(Object(Closure))
#19 C:/Users/admin/Desktop/laravel/ecommerce-project/vendor/laravel/framework/src/Illuminate/Foundation/Application.php(1062): Illuminate/Support/ServiceProvider->callBootedCallbacks()
#20 C:/Users/admin/Desktop/laravel/ecommerce-project/vendor/laravel/framework/src/Illuminate/Foundation/Application.php(1040): Illuminate/Foundation/Application->bootProvider(Object(App/Providers/RouteServiceProvider))
#21 [internal function]: Illuminate/Foundation/Application->Illuminate/Foundation/{closure}(Object(App/Providers/RouteServiceProvider), 24)
#22 C:/Users/admin/Desktop/laravel/ecommerce-project/vendor/laravel/framework/src/Illuminate/Foundation/Application.php(1039): array_walk(Array, Object(Closure))
#23 C:/Users/admin/Desktop/laravel/ecommerce-project/vendor/laravel/framework/src/Illuminate/Foundation/Bootstrap/BootProviders.php(17): Illuminate/Foundation/Application->boot()
#24 C:/Users/admin/Desktop/laravel/ecommerce-project/vendor/laravel/framework/src/Illuminate/Foundation/Application.php(286): Illuminate/Foundation/Bootstrap/BootProviders->bootstrap(Object(Illuminate/Foundation/Application))
#25 C:/Users/admin/Desktop/laravel/ecommerce-project/vendor/laravel/framework/src/Illuminate/Foundation/Console/Kernel.php(447): Illuminate/Foundation/Application->bootstrapWith(Array)
#26 C:/Users/admin/Desktop/laravel/ecommerce-project/vendor/laravel/framework/src/Illuminate/Foundation/Console/Kernel.php(199): Illuminate/Foundation/Console/Kernel->bootstrap()
#27 Command line code(1): Illuminate/Foundation/Console/Kernel->handle(Object(Symfony/Component/Console/Input/ArgvInput), Object(Symfony/Component/Console/Output/ConsoleOutput))
#28 {main}
"} 
[2026-07-09 16:16:51] local.ERROR: Too few arguments to function Illuminate\Routing\PendingResourceRegistration::name(), 1 passed in C:\Users\admin\Desktop\laravel\ecommerce-project\routes\web.php on line 15 and exactly 2 expected {"exception":"[object] (ArgumentCountError(code: 0): Too few arguments to function Illuminate\\Routing\\PendingResourceRegistration::name(), 1 passed in C:\\Users\\admin\\Desktop\\laravel\\ecommerce-project\\routes\\web.php on line 15 and exactly 2 expected at C:/Users/admin/Desktop/laravel/ecommerce-project/vendor/laravel/framework/src/Illuminate/Routing/PendingResourceRegistration.php:110)
[stacktrace]
#0 C:/Users/admin/Desktop/laravel/ecommerce-project/routes/web.php(15): Illuminate/Routing/PendingResourceRegistration->name('item.bannner')
#1 C:/Users/admin/Desktop/laravel/ecommerce-project/vendor/laravel/framework/src/Illuminate/Routing/RouteFileRegistrar.php(35): require('C://Users//admin//...')
#2 C:/Users/admin/Desktop/laravel/ecommerce-project/vendor/laravel/framework/src/Illuminate/Routing/Router.php(511): Illuminate/Routing/RouteFileRegistrar->register('C://Users//admin//...')
#3 C:/Users/admin/Desktop/laravel/ecommerce-project/vendor/laravel/framework/src/Illuminate/Routing/Router.php(465): Illuminate/Routing/Router->loadRoutes('C://Users//admin//...')
#4 C:/Users/admin/Desktop/laravel/ecommerce-project/vendor/laravel/framework/src/Illuminate/Routing/RouteRegistrar.php(194): Illuminate/Routing/Router->group(Array, 'C://Users//admin//...')
#5 C:/Users/admin/Desktop/laravel/ecommerce-project/app/Providers/RouteServiceProvider.php(37): Illuminate/Routing/RouteRegistrar->group('C://Users//admin//...')
#6 C:/Users/admin/Desktop/laravel/ecommerce-project/vendor/laravel/framework/src/Illuminate/Container/BoundMethod.php(36): App/Providers/RouteServiceProvider->App/Providers/{closure}()
#7 C:/Users/admin/Desktop/laravel/ecommerce-project/vendor/laravel/framework/src/Illuminate/Container/Util.php(41): Illuminate/Container/BoundMethod::Illuminate/Container/{closure}()
#8 C:/Users/admin/Desktop/laravel/ecommerce-project/vendor/laravel/framework/src/Illuminate/Container/BoundMethod.php(81): Illuminate/Container/Util::unwrapIfClosure(Object(Closure))
#9 C:/Users/admin/Desktop/laravel/ecommerce-project/vendor/laravel/framework/src/Illuminate/Container/BoundMethod.php(35): Illuminate/Container/BoundMethod::callBoundMethod(Object(Illuminate/Foundation/Application), Object(Closure), Object(Closure))
#10 C:/Users/admin/Desktop/laravel/ecommerce-project/vendor/laravel/framework/src/Illuminate/Container/Container.php(662): Illuminate/Container/BoundMethod::call(Object(Illuminate/Foundation/Application), Object(Closure), Array, NULL)
#11 C:/Users/admin/Desktop/laravel/ecommerce-project/vendor/laravel/framework/src/Illuminate/Foundation/Support/Providers/RouteServiceProvider.php(120): Illuminate/Container/Container->call(Object(Closure))
#12 C:/Users/admin/Desktop/laravel/ecommerce-project/vendor/laravel/framework/src/Illuminate/Foundation/Support/Providers/RouteServiceProvider.php(45): Illuminate/Foundation/Support/Providers/RouteServiceProvider->loadRoutes()
#13 C:/Users/admin/Desktop/laravel/ecommerce-project/vendor/laravel/framework/src/Illuminate/Container/BoundMethod.php(36): Illuminate/Foundation/Support/Providers/RouteServiceProvider->Illuminate/Foundation/Support/Providers/{closure}()
#14 C:/Users/admin/Desktop/laravel/ecommerce-project/vendor/laravel/framework/src/Illuminate/Container/Util.php(41): Illuminate/Container/BoundMethod::Illuminate/Container/{closure}()
#15 C:/Users/admin/Desktop/laravel/ecommerce-project/vendor/laravel/framework/src/Illuminate/Container/BoundMethod.php(81): Illuminate/Container/Util::unwrapIfClosure(Object(Closure))
#16 C:/Users/admin/Desktop/laravel/ecommerce-project/vendor/laravel/framework/src/Illuminate/Container/BoundMethod.php(35): Illuminate/Container/BoundMethod::callBoundMethod(Object(Illuminate/Foundation/Application), Object(Closure), Object(Closure))
#17 C:/Users/admin/Desktop/laravel/ecommerce-project/vendor/laravel/framework/src/Illuminate/Container/Container.php(662): Illuminate/Container/BoundMethod::call(Object(Illuminate/Foundation/Application), Object(Closure), Array, NULL)
#18 C:/Users/admin/Desktop/laravel/ecommerce-project/vendor/laravel/framework/src/Illuminate/Support/ServiceProvider.php(119): Illuminate/Container/Container->call(Object(Closure))
#19 C:/Users/admin/Desktop/laravel/ecommerce-project/vendor/laravel/framework/src/Illuminate/Foundation/Application.php(1062): Illuminate/Support/ServiceProvider->callBootedCallbacks()
#20 C:/Users/admin/Desktop/laravel/ecommerce-project/vendor/laravel/framework/src/Illuminate/Foundation/Application.php(1040): Illuminate/Foundation/Application->bootProvider(Object(App/Providers/RouteServiceProvider))
#21 [internal function]: Illuminate/Foundation/Application->Illuminate/Foundation/{closure}(Object(App/Providers/RouteServiceProvider), 24)
#22 C:/Users/admin/Desktop/laravel/ecommerce-project/vendor/laravel/framework/src/Illuminate/Foundation/Application.php(1039): array_walk(Array, Object(Closure))
#23 C:/Users/admin/Desktop/laravel/ecommerce-project/vendor/laravel/framework/src/Illuminate/Foundation/Bootstrap/BootProviders.php(17): Illuminate/Foundation/Application->boot()
#24 C:/Users/admin/Desktop/laravel/ecommerce-project/vendor/laravel/framework/src/Illuminate/Foundation/Application.php(286): Illuminate/Foundation/Bootstrap/BootProviders->bootstrap(Object(Illuminate/Foundation/Application))
#25 C:/Users/admin/Desktop/laravel/ecommerce-project/vendor/laravel/framework/src/Illuminate/Foundation/Console/Kernel.php(447): Illuminate/Foundation/Application->bootstrapWith(Array)
#26 C:/Users/admin/Desktop/laravel/ecommerce-project/vendor/laravel/framework/src/Illuminate/Foundation/Console/Kernel.php(199): Illuminate/Foundation/Console/Kernel->bootstrap()
#27 Command line code(1): Illuminate/Foundation/Console/Kernel->handle(Object(Symfony/Component/Console/Input/ArgvInput), Object(Symfony/Component/Console/Output/ConsoleOutput))
#28 {main}
"} 
[2026-07-09 16:17:06] local.ERROR: Too few arguments to function Illuminate\Routing\PendingResourceRegistration::name(), 1 passed in C:\Users\admin\Desktop\laravel\ecommerce-project\routes\web.php on line 15 and exactly 2 expected {"exception":"[object] (ArgumentCountError(code: 0): Too few arguments to function Illuminate\\Routing\\PendingResourceRegistration::name(), 1 passed in C:\\Users\\admin\\Desktop\\laravel\\ecommerce-project\\routes\\web.php on line 15 and exactly 2 expected at C:/Users/admin/Desktop/laravel/ecommerce-project/vendor/laravel/framework/src/Illuminate/Routing/PendingResourceRegistration.php:110)
[stacktrace]
#0 C:/Users/admin/Desktop/laravel/ecommerce-project/routes/web.php(15): Illuminate/Routing/PendingResourceRegistration->name('item.bannner')
#1 C:/Users/admin/Desktop/laravel/ecommerce-project/vendor/laravel/framework/src/Illuminate/Routing/RouteFileRegistrar.php(35): require('C://Users//admin//...')
#2 C:/Users/admin/Desktop/laravel/ecommerce-project/vendor/laravel/framework/src/Illuminate/Routing/Router.php(511): Illuminate/Routing/RouteFileRegistrar->register('C://Users//admin//...')
#3 C:/Users/admin/Desktop/laravel/ecommerce-project/vendor/laravel/framework/src/Illuminate/Routing/Router.php(465): Illuminate/Routing/Router->loadRoutes('C://Users//admin//...')
#4 C:/Users/admin/Desktop/laravel/ecommerce-project/vendor/laravel/framework/src/Illuminate/Routing/RouteRegistrar.php(194): Illuminate/Routing/Router->group(Array, 'C://Users//admin//...')
#5 C:/Users/admin/Desktop/laravel/ecommerce-project/app/Providers/RouteServiceProvider.php(37): Illuminate/Routing/RouteRegistrar->group('C://Users//admin//...')
#6 C:/Users/admin/Desktop/laravel/ecommerce-project/vendor/laravel/framework/src/Illuminate/Container/BoundMethod.php(36): App/Providers/RouteServiceProvider->App/Providers/{closure}()
#7 C:/Users/admin/Desktop/laravel/ecommerce-project/vendor/laravel/framework/src/Illuminate/Container/Util.php(41): Illuminate/Container/BoundMethod::Illuminate/Container/{closure}()
#8 C:/Users/admin/Desktop/laravel/ecommerce-project/vendor/laravel/framework/src/Illuminate/Container/BoundMethod.php(81): Illuminate/Container/Util::unwrapIfClosure(Object(Closure))
#9 C:/Users/admin/Desktop/laravel/ecommerce-project/vendor/laravel/framework/src/Illuminate/Container/BoundMethod.php(35): Illuminate/Container/BoundMethod::callBoundMethod(Object(Illuminate/Foundation/Application), Object(Closure), Object(Closure))
#10 C:/Users/admin/Desktop/laravel/ecommerce-project/vendor/laravel/framework/src/Illuminate/Container/Container.php(662): Illuminate/Container/BoundMethod::call(Object(Illuminate/Foundation/Application), Object(Closure), Array, NULL)
#11 C:/Users/admin/Desktop/laravel/ecommerce-project/vendor/laravel/framework/src/Illuminate/Foundation/Support/Providers/RouteServiceProvider.php(120): Illuminate/Container/Container->call(Object(Closure))
#12 C:/Users/admin/Desktop/laravel/ecommerce-project/vendor/laravel/framework/src/Illuminate/Foundation/Support/Providers/RouteServiceProvider.php(45): Illuminate/Foundation/Support/Providers/RouteServiceProvider->loadRoutes()
#13 C:/Users/admin/Desktop/laravel/ecommerce-project/vendor/laravel/framework/src/Illuminate/Container/BoundMethod.php(36): Illuminate/Foundation/Support/Providers/RouteServiceProvider->Illuminate/Foundation/Support/Providers/{closure}()
#14 C:/Users/admin/Desktop/laravel/ecommerce-project/vendor/laravel/framework/src/Illuminate/Container/Util.php(41): Illuminate/Container/BoundMethod::Illuminate/Container/{closure}()
#15 C:/Users/admin/Desktop/laravel/ecommerce-project/vendor/laravel/framework/src/Illuminate/Container/BoundMethod.php(81): Illuminate/Container/Util::unwrapIfClosure(Object(Closure))
#16 C:/Users/admin/Desktop/laravel/ecommerce-project/vendor/laravel/framework/src/Illuminate/Container/BoundMethod.php(35): Illuminate/Container/BoundMethod::callBoundMethod(Object(Illuminate/Foundation/Application), Object(Closure), Object(Closure))
#17 C:/Users/admin/Desktop/laravel/ecommerce-project/vendor/laravel/framework/src/Illuminate/Container/Container.php(662): Illuminate/Container/BoundMethod::call(Object(Illuminate/Foundation/Application), Object(Closure), Array, NULL)
#18 C:/Users/admin/Desktop/laravel/ecommerce-project/vendor/laravel/framework/src/Illuminate/Support/ServiceProvider.php(119): Illuminate/Container/Container->call(Object(Closure))
#19 C:/Users/admin/Desktop/laravel/ecommerce-project/vendor/laravel/framework/src/Illuminate/Foundation/Application.php(1062): Illuminate/Support/ServiceProvider->callBootedCallbacks()
#20 C:/Users/admin/Desktop/laravel/ecommerce-project/vendor/laravel/framework/src/Illuminate/Foundation/Application.php(1040): Illuminate/Foundation/Application->bootProvider(Object(App/Providers/RouteServiceProvider))
#21 [internal function]: Illuminate/Foundation/Application->Illuminate/Foundation/{closure}(Object(App/Providers/RouteServiceProvider), 24)
#22 C:/Users/admin/Desktop/laravel/ecommerce-project/vendor/laravel/framework/src/Illuminate/Foundation/Application.php(1039): array_walk(Array, Object(Closure))
#23 C:/Users/admin/Desktop/laravel/ecommerce-project/vendor/laravel/framework/src/Illuminate/Foundation/Bootstrap/BootProviders.php(17): Illuminate/Foundation/Application->boot()
#24 C:/Users/admin/Desktop/laravel/ecommerce-project/vendor/laravel/framework/src/Illuminate/Foundation/Application.php(286): Illuminate/Foundation/Bootstrap/BootProviders->bootstrap(Object(Illuminate/Foundation/Application))
#25 C:/Users/admin/Desktop/laravel/ecommerce-project/vendor/laravel/framework/src/Illuminate/Foundation/Console/Kernel.php(447): Illuminate/Foundation/Application->bootstrapWith(Array)
#26 C:/Users/admin/Desktop/laravel/ecommerce-project/vendor/laravel/framework/src/Illuminate/Foundation/Console/Kernel.php(199): Illuminate/Foundation/Console/Kernel->bootstrap()
#27 Command line code(1): Illuminate/Foundation/Console/Kernel->handle(Object(Symfony/Component/Console/Input/ArgvInput), Object(Symfony/Component/Console/Output/ConsoleOutput))
#28 {main}
"} 
[2026-07-09 16:17:06] local.ERROR: Too few arguments to function Illuminate\Routing\PendingResourceRegistration::name(), 1 passed in C:\Users\admin\Desktop\laravel\ecommerce-project\routes\web.php on line 15 and exactly 2 expected {"exception":"[object] (ArgumentCountError(code: 0): Too few arguments to function Illuminate\\Routing\\PendingResourceRegistration::name(), 1 passed in C:\\Users\\admin\\Desktop\\laravel\\ecommerce-project\\routes\\web.php on line 15 and exactly 2 expected at C:/Users/admin/Desktop/laravel/ecommerce-project/vendor/laravel/framework/src/Illuminate/Routing/PendingResourceRegistration.php:110)
[stacktrace]
#0 C:/Users/admin/Desktop/laravel/ecommerce-project/routes/web.php(15): Illuminate/Routing/PendingResourceRegistration->name('item.bannner')
#1 C:/Users/admin/Desktop/laravel/ecommerce-project/vendor/laravel/framework/src/Illuminate/Routing/RouteFileRegistrar.php(35): require('C://Users//admin//...')
#2 C:/Users/admin/Desktop/laravel/ecommerce-project/vendor/laravel/framework/src/Illuminate/Routing/Router.php(511): Illuminate/Routing/RouteFileRegistrar->register('C://Users//admin//...')
#3 C:/Users/admin/Desktop/laravel/ecommerce-project/vendor/laravel/framework/src/Illuminate/Routing/Router.php(465): Illuminate/Routing/Router->loadRoutes('C://Users//admin//...')
#4 C:/Users/admin/Desktop/laravel/ecommerce-project/vendor/laravel/framework/src/Illuminate/Routing/RouteRegistrar.php(194): Illuminate/Routing/Router->group(Array, 'C://Users//admin//...')
#5 C:/Users/admin/Desktop/laravel/ecommerce-project/app/Providers/RouteServiceProvider.php(37): Illuminate/Routing/RouteRegistrar->group('C://Users//admin//...')
#6 C:/Users/admin/Desktop/laravel/ecommerce-project/vendor/laravel/framework/src/Illuminate/Container/BoundMethod.php(36): App/Providers/RouteServiceProvider->App/Providers/{closure}()
#7 C:/Users/admin/Desktop/laravel/ecommerce-project/vendor/laravel/framework/src/Illuminate/Container/Util.php(41): Illuminate/Container/BoundMethod::Illuminate/Container/{closure}()
#8 C:/Users/admin/Desktop/laravel/ecommerce-project/vendor/laravel/framework/src/Illuminate/Container/BoundMethod.php(81): Illuminate/Container/Util::unwrapIfClosure(Object(Closure))
#9 C:/Users/admin/Desktop/laravel/ecommerce-project/vendor/laravel/framework/src/Illuminate/Container/BoundMethod.php(35): Illuminate/Container/BoundMethod::callBoundMethod(Object(Illuminate/Foundation/Application), Object(Closure), Object(Closure))
#10 C:/Users/admin/Desktop/laravel/ecommerce-project/vendor/laravel/framework/src/Illuminate/Container/Container.php(662): Illuminate/Container/BoundMethod::call(Object(Illuminate/Foundation/Application), Object(Closure), Array, NULL)
#11 C:/Users/admin/Desktop/laravel/ecommerce-project/vendor/laravel/framework/src/Illuminate/Foundation/Support/Providers/RouteServiceProvider.php(120): Illuminate/Container/Container->call(Object(Closure))
#12 C:/Users/admin/Desktop/laravel/ecommerce-project/vendor/laravel/framework/src/Illuminate/Foundation/Support/Providers/RouteServiceProvider.php(45): Illuminate/Foundation/Support/Providers/RouteServiceProvider->loadRoutes()
#13 C:/Users/admin/Desktop/laravel/ecommerce-project/vendor/laravel/framework/src/Illuminate/Container/BoundMethod.php(36): Illuminate/Foundation/Support/Providers/RouteServiceProvider->Illuminate/Foundation/Support/Providers/{closure}()
#14 C:/Users/admin/Desktop/laravel/ecommerce-project/vendor/laravel/framework/src/Illuminate/Container/Util.php(41): Illuminate/Container/BoundMethod::Illuminate/Container/{closure}()
#15 C:/Users/admin/Desktop/laravel/ecommerce-project/vendor/laravel/framework/src/Illuminate/Container/BoundMethod.php(81): Illuminate/Container/Util::unwrapIfClosure(Object(Closure))
#16 C:/Users/admin/Desktop/laravel/ecommerce-project/vendor/laravel/framework/src/Illuminate/Container/BoundMethod.php(35): Illuminate/Container/BoundMethod::callBoundMethod(Object(Illuminate/Foundation/Application), Object(Closure), Object(Closure))
#17 C:/Users/admin/Desktop/laravel/ecommerce-project/vendor/laravel/framework/src/Illuminate/Container/Container.php(662): Illuminate/Container/BoundMethod::call(Object(Illuminate/Foundation/Application), Object(Closure), Array, NULL)
#18 C:/Users/admin/Desktop/laravel/ecommerce-project/vendor/laravel/framework/src/Illuminate/Support/ServiceProvider.php(119): Illuminate/Container/Container->call(Object(Closure))
#19 C:/Users/admin/Desktop/laravel/ecommerce-project/vendor/laravel/framework/src/Illuminate/Foundation/Application.php(1062): Illuminate/Support/ServiceProvider->callBootedCallbacks()
#20 C:/Users/admin/Desktop/laravel/ecommerce-project/vendor/laravel/framework/src/Illuminate/Foundation/Application.php(1040): Illuminate/Foundation/Application->bootProvider(Object(App/Providers/RouteServiceProvider))
#21 [internal function]: Illuminate/Foundation/Application->Illuminate/Foundation/{closure}(Object(App/Providers/RouteServiceProvider), 24)
#22 C:/Users/admin/Desktop/laravel/ecommerce-project/vendor/laravel/framework/src/Illuminate/Foundation/Application.php(1039): array_walk(Array, Object(Closure))
#23 C:/Users/admin/Desktop/laravel/ecommerce-project/vendor/laravel/framework/src/Illuminate/Foundation/Bootstrap/BootProviders.php(17): Illuminate/Foundation/Application->boot()
#24 C:/Users/admin/Desktop/laravel/ecommerce-project/vendor/laravel/framework/src/Illuminate/Foundation/Application.php(286): Illuminate/Foundation/Bootstrap/BootProviders->bootstrap(Object(Illuminate/Foundation/Application))
#25 C:/Users/admin/Desktop/laravel/ecommerce-project/vendor/laravel/framework/src/Illuminate/Foundation/Console/Kernel.php(447): Illuminate/Foundation/Application->bootstrapWith(Array)
#26 C:/Users/admin/Desktop/laravel/ecommerce-project/vendor/laravel/framework/src/Illuminate/Foundation/Console/Kernel.php(199): Illuminate/Foundation/Console/Kernel->bootstrap()
#27 Command line code(1): Illuminate/Foundation/Console/Kernel->handle(Object(Symfony/Component/Console/Input/ArgvInput), Object(Symfony/Component/Console/Output/ConsoleOutput))
#28 {main}
"} 
